12,Taxi,NA,2979
12,Trans,NA,3023
12,Trans,NA,3013
12,Trans,NA,2997
12,Trans,NA,3063
12,Trans,NA,3143
12,Trans,NA,3185
12,Trans,NA,3231
12,Trans,NA,3263
12,Trans,NA,3396
12,Trans,NA,3395
12,Trans,NA,3428
12,Trans,NA,3419
12,Trans,NA,3421
12,Trans,NA,3445
12,Trans,NA,3455
12,Trans,NA,3415
12,Trans,NA,3442
12,Trans,NA,3519
12,Trans,NA,3646
12,Trans,NA,3645
12,Trans,NA,3805
12,Trans,NA,3906
12,Trans,NA,3935
12,Trans,NA,3994
12,Trans,NA,3995
12,Trans,NA,4005
12,Trans,NA,4006
12,Trans,NA,4027
12,Trans,NA,4034
12,Start,7,4109
12,Trans,NA,4163
12,Trans,NA,4222
12,Trans,NA,4309
12,Trans,NA,4310
12,Trans,NA,4357
12,Trans,NA,4382
12,Trans,NA,4383
12,Trans,NA,4451
12,Trans,NA,4593
12,Trans,NA,4594
12,Trans,NA,4668
12,Trans,NA,4731
12,Trans,NA,4720
12,Trans,NA,4707
12,Trans,NA,4710
12,Trans,NA,4709
12,Trans,NA,4745
12,Trans,NA,4797
12,Trans,NA,4938
12,Trans,NA,5078
12,Trans,NA,5086
12,Trans,NA,5087
12,Trans,NA,5196
12,Trans,NA,5195
12,Trans,NA,5112
12,Trans,NA,5079
12,Trans,NA,4890
12,Trans,NA,4865
12,Trans,NA,4864
12,Trans,NA,4576
12,Trans,NA,4536
12,Trans,NA,4498
12,Trans,NA,4479
12,Trans,NA,4463
12,Trans,NA,4455
12,Trans,NA,4452
12,Trans,NA,4428
12,Trans,NA,4425
12,Trans,NA,4409
12,Trans,NA,4413
12,Trans,NA,4448
12,Trans,NA,4449
12,Trans,NA,4947
12,Trans,NA,5152
12,Trans,NA,5347
12,Trans,NA,5348
12,Trans,NA,6048
12,Trans,NA,6268
12,Trans,NA,6480
12,Trans,NA,6624
12,Trans,NA,6625
12,Trans,NA,6984
12,Trans,NA,6958
12,Trans,NA,6953
12,Trans,NA,6896
12,Trans,NA,6949
12,Trans,NA,7028
12,Trans,NA,7027
12,Trans,NA,7161
12,Trans,NA,7299
12,Trans,NA,7298
12,Trans,NA,7387
12,Trans,NA,7382
12,Trans,NA,7420
12,Trans,NA,7454
12,Trans,NA,7503
12,Trans,NA,7665
12,Trans,NA,7765
12,Trans,NA,7833
12,Trans,NA,7858
12,Trans,NA,7900
12,Trans,NA,7901
12,Trans,NA,7945
12,Trans,NA,8031
12,Trans,NA,8122
12,Trans,NA,8158
12,Trans,NA,8092
12,Trans,NA,8065
12,Trans,NA,8042
12,Trans,NA,8000
12,Trans,NA,7947
12,Trans,NA,7916
12,Trans,NA,7871
12,Trans,NA,7829
12,Trans,NA,7830
12,End,NA,7774
47,Taxi,NA,4022
47,Trans,NA,4045
47,Trans,NA,4114
47,Trans,NA,4178
47,Trans,NA,4276
47,Trans,NA,4303
47,Trans,NA,4306
47,Trans,NA,4298
47,Trans,NA,4378
47,Trans,NA,4431
47,Trans,NA,4640
47,Trans,NA,4706
47,Trans,NA,4720
47,Trans,NA,4731
47,Trans,NA,4732
47,Trans,NA,4833
47,Trans,NA,4834
47,Trans,NA,4851
47,Trans,NA,4893
47,Trans,NA,4894
47,Trans,NA,4879
47,Trans,NA,4975
47,Trans,NA,5095
47,Trans,NA,5210
47,Trans,NA,5378
47,Trans,NA,5379
47,Trans,NA,5484
47,Trans,NA,5467
47,Trans,NA,5605
47,Trans,NA,5678
47,Trans,NA,5713
47,Trans,NA,5769
47,Trans,NA,5839
47,Trans,NA,5840
47,Trans,NA,5874
47,Trans,NA,5915
47,Trans,NA,5963
47,Trans,NA,6032
47,Trans,NA,6093
47,Trans,NA,6122
47,Trans,NA,6223
47,Trans,NA,6222
47,Trans,NA,6310
47,Trans,NA,6215
47,Trans,NA,6159
47,Trans,NA,6107
47,Trans,NA,6012
47,Trans,NA,5918
47,Trans,NA,5862
47,Start,56,5862
47,Trans,NA,5918
47,Trans,NA,6012
47,Trans,NA,6107
47,Trans,NA,6159
47,Trans,NA,6215
47,Trans,NA,6310
47,Trans,NA,6426
47,Trans,NA,6427
47,Trans,NA,6599
47,Trans,NA,6703
47,Trans,NA,6704
47,Trans,NA,6980
47,Trans,NA,6979
47,Trans,NA,7231
47,Trans,NA,7355
47,Trans,NA,7453
47,Trans,NA,7475
47,Trans,NA,7840
47,Trans,NA,7839
47,Trans,NA,7935
47,Trans,NA,7997
47,Trans,NA,8103
47,Trans,NA,8188
47,Trans,NA,8331
47,Trans,NA,8378
47,Trans,NA,8434
47,Trans,NA,8494
47,Trans,NA,8513
47,Trans,NA,8679
47,Trans,NA,8724
47,Trans,NA,8776
47,Trans,NA,8766
47,Trans,NA,8765
47,Trans,NA,8762
47,Trans,NA,8761
47,Trans,NA,8756
47,Trans,NA,8655
47,Trans,NA,8657
47,Trans,NA,8627
47,Trans,NA,8628
47,Trans,NA,8585
47,Trans,NA,8584
47,Trans,NA,9094
47,Trans,NA,9411
47,Trans,NA,9412
47,Trans,NA,9394
47,Trans,NA,9462
47,Trans,NA,9502
47,Trans,NA,9501
47,Trans,NA,9518
47,Trans,NA,9547
47,Trans,NA,9565
47,Trans,NA,9582
47,Trans,NA,9583
47,Trans,NA,9621
47,Trans,NA,9718
47,Trans,NA,9717
47,End,NA,9737
9,Taxi,NA,6233
9,Trans,NA,6234
9,Trans,NA,6447
9,Trans,NA,6572
9,Trans,NA,6573
9,Trans,NA,6990
9,Trans,NA,7110
9,Trans,NA,7157
9,Trans,NA,7207
9,Trans,NA,7266
9,Trans,NA,7283
9,Start,1,7283
9,Trans,NA,7266
9,Trans,NA,7207
9,Trans,NA,7157
9,Trans,NA,7110
9,Trans,NA,6990
9,Trans,NA,6573
9,Trans,NA,6572
9,Trans,NA,6447
9,Trans,NA,6234
9,Trans,NA,6294
9,Trans,NA,6295
9,Trans,NA,6211
9,Trans,NA,6025
9,Trans,NA,5905
9,Trans,NA,5906
9,Trans,NA,5832
9,Trans,NA,5833
9,Trans,NA,5541
9,Trans,NA,5414
9,Trans,NA,5412
9,Trans,NA,5345
9,Trans,NA,5174
9,Trans,NA,4885
9,Trans,NA,4547
9,Trans,NA,4113
9,Trans,NA,4000
9,Trans,NA,3939
9,Trans,NA,3905
9,Trans,NA,3860
9,Trans,NA,3796
9,Trans,NA,3706
9,Trans,NA,3613
9,Trans,NA,3458
9,Trans,NA,3382
9,Trans,NA,3250
9,Trans,NA,3249
9,Trans,NA,3124
9,Trans,NA,2961
9,Trans,NA,2803
9,Trans,NA,2802
9,Trans,NA,2635
9,Trans,NA,2478
9,Trans,NA,2429
9,Trans,NA,2125
9,Trans,NA,2124
9,Trans,NA,1951
9,Trans,NA,1895
9,Trans,NA,1726
9,Trans,NA,1725
9,Trans,NA,1733
9,Trans,NA,1732
9,Trans,NA,1698
9,Trans,NA,1658
9,Trans,NA,1648
9,Trans,NA,1647
9,Trans,NA,1652
9,Trans,NA,1656
9,Trans,NA,1695
9,Trans,NA,1571
9,Trans,NA,1322
9,Trans,NA,1321
9,Trans,NA,844
9,Trans,NA,697
9,Trans,NA,586
9,Trans,NA,596
9,Trans,NA,602
9,Trans,NA,603
9,Trans,NA,650
9,Trans,NA,661
9,Trans,NA,662
9,Trans,NA,677
9,Trans,NA,675
9,Trans,NA,673
9,Trans,NA,674
9,Trans,NA,680
9,Trans,NA,672
9,Trans,NA,619
9,Trans,NA,582
9,Trans,NA,551
9,Trans,NA,523
9,Trans,NA,505
9,Trans,NA,471
9,Trans,NA,449
9,Trans,NA,424
9,Trans,NA,425
9,Trans,NA,384
9,Trans,NA,341
9,Trans,NA,332
9,Trans,NA,322
9,Trans,NA,310
9,Trans,NA,297
9,Trans,NA,289
9,Trans,NA,274
9,Trans,NA,270
9,Trans,NA,262
9,Trans,NA,252
9,Trans,NA,233
9,Trans,NA,232
9,Trans,NA,203
9,Trans,NA,204
9,Trans,NA,162
9,Trans,NA,181
9,Trans,NA,182
9,Trans,NA,133
9,Trans,NA,132
9,Trans,NA,104
9,Trans,NA,64
9,Trans,NA,63
9,Trans,NA,58
9,Trans,NA,52
9,Trans,NA,37
9,Trans,NA,84
9,Trans,NA,65
9,Trans,NA,66
9,Trans,NA,57
9,End,NA,101
6,Taxi,NA,6212
6,Trans,NA,6213
6,Trans,NA,6192
6,Trans,NA,6104
6,Trans,NA,6105
6,Trans,NA,6036
6,Trans,NA,5964
6,Trans,NA,6021
6,Trans,NA,6004
6,Trans,NA,5922
6,Start,2,5922
6,Trans,NA,6004
6,Trans,NA,6021
6,Trans,NA,5964
6,Trans,NA,6036
6,Trans,NA,6081
6,Trans,NA,6137
6,Trans,NA,6201
6,Trans,NA,6252
6,Trans,NA,6319
6,Trans,NA,6378
6,Trans,NA,6458
6,Trans,NA,6457
6,Trans,NA,6584
6,Trans,NA,6537
6,Trans,NA,6505
6,Trans,NA,6483
6,Trans,NA,6428
6,Trans,NA,6427
6,Trans,NA,6599
6,Trans,NA,6703
6,Trans,NA,6704
6,Trans,NA,6980
6,Trans,NA,6979
6,Trans,NA,7231
6,Trans,NA,7232
6,Trans,NA,7191
6,Trans,NA,7125
6,Trans,NA,7077
6,Trans,NA,7080
6,Trans,NA,7039
6,Trans,NA,7014
6,Trans,NA,6995
6,Trans,NA,6996
6,Trans,NA,6956
6,Trans,NA,6997
6,Trans,NA,7090
6,Trans,NA,7163
6,Trans,NA,7196
6,Trans,NA,7194
6,Trans,NA,7270
6,Trans,NA,7198
6,Trans,NA,7254
6,Trans,NA,7375
6,Trans,NA,7374
6,Trans,NA,7292
6,Trans,NA,7291
6,Trans,NA,7338
6,Trans,NA,7339
6,Trans,NA,7370
6,Trans,NA,7398
6,Trans,NA,7399
6,Trans,NA,7417
6,Trans,NA,7419
6,Trans,NA,7420
6,Trans,NA,7454
6,Trans,NA,7503
6,Trans,NA,7665
6,Trans,NA,7765
6,Trans,NA,7833
6,Trans,NA,7858
6,Trans,NA,7900
6,Trans,NA,7901
6,Trans,NA,7945
6,Trans,NA,8031
6,Trans,NA,8122
6,Trans,NA,8159
6,Trans,NA,8360
6,Trans,NA,8362
6,Trans,NA,8399
6,Trans,NA,8514
6,Trans,NA,8582
6,Trans,NA,8675
6,Trans,NA,8674
6,Trans,NA,8707
6,Trans,NA,9005
6,Trans,NA,9006
6,Trans,NA,9389
6,Trans,NA,9387
6,Trans,NA,9571
6,Trans,NA,9678
6,Trans,NA,9677
6,Trans,NA,9654
6,Trans,NA,9477
6,End,NA,9313
14,Taxi,NA,5879
14,Trans,NA,5978
14,Trans,NA,5979
14,Trans,NA,6019
14,Start,2,6024
14,Trans,NA,6022
14,Trans,NA,5925
14,Trans,NA,5757
14,Trans,NA,5752
14,Trans,NA,5823
14,Trans,NA,5786
14,Trans,NA,6048
14,Trans,NA,6268
14,Trans,NA,6480
14,Trans,NA,6624
14,Trans,NA,6625
14,Trans,NA,6984
14,Trans,NA,6958
14,Trans,NA,6953
14,Trans,NA,6896
14,Trans,NA,6949
14,Trans,NA,7028
14,Trans,NA,7029
14,Trans,NA,7013
14,Trans,NA,7106
14,Trans,NA,7103
14,Trans,NA,7102
14,End,NA,7047
39,Taxi,NA,4003
39,Trans,NA,4004
39,Trans,NA,4125
39,Trans,NA,4124
39,Trans,NA,4009
39,Trans,NA,4018
39,Trans,NA,4082
39,Trans,NA,4088
39,Start,2,4067
39,Trans,NA,4066
39,Trans,NA,4069
39,Trans,NA,4183
39,Trans,NA,4200
39,Trans,NA,4199
39,Trans,NA,4403
39,Trans,NA,4374
39,Trans,NA,4375
39,Trans,NA,4326
39,Trans,NA,4324
39,Trans,NA,4322
39,Trans,NA,4704
39,Trans,NA,4730
39,Trans,NA,4844
39,Trans,NA,5148
39,Trans,NA,5316
39,Trans,NA,5527
39,Trans,NA,5600
39,Trans,NA,5601
39,Trans,NA,5695
39,Trans,NA,5709
39,Trans,NA,5756
39,Trans,NA,5817
39,Trans,NA,5818
39,Trans,NA,5908
39,Trans,NA,6255
39,Trans,NA,6254
39,Trans,NA,6612
39,Trans,NA,7030
39,Trans,NA,6867
39,Trans,NA,6602
39,Trans,NA,6785
39,Trans,NA,6786
39,Trans,NA,6924
39,Trans,NA,6925
39,Trans,NA,6715
39,Trans,NA,6643
39,Trans,NA,6537
39,Trans,NA,6505
39,Trans,NA,6483
39,Trans,NA,6428
39,Trans,NA,6427
39,Trans,NA,6599
39,Trans,NA,6703
39,Trans,NA,6704
39,Trans,NA,6980
39,Trans,NA,6979
39,Trans,NA,7231
39,Trans,NA,7355
39,Trans,NA,7453
39,Trans,NA,7475
39,Trans,NA,7840
39,Trans,NA,7839
39,Trans,NA,7935
39,Trans,NA,7997
39,Trans,NA,8103
39,Trans,NA,8188
39,Trans,NA,8331
39,Trans,NA,8378
39,Trans,NA,8434
39,Trans,NA,8494
39,Trans,NA,8513
39,Trans,NA,8679
39,Trans,NA,8724
39,Trans,NA,8776
39,Trans,NA,8766
39,Trans,NA,8765
39,Trans,NA,8762
39,Trans,NA,8761
39,Trans,NA,8756
39,Trans,NA,8655
39,Trans,NA,8657
39,Trans,NA,8627
39,Trans,NA,8628
39,Trans,NA,8585
39,Trans,NA,8584
39,Trans,NA,9094
39,Trans,NA,9411
39,Trans,NA,9413
39,Trans,NA,9363
39,Trans,NA,9308
39,Trans,NA,9407
39,Trans,NA,9569
39,Trans,NA,9598
39,Trans,NA,9696
39,Trans,NA,9697
39,Trans,NA,9758
39,Trans,NA,9947
39,Trans,NA,9992
39,Trans,NA,10077
39,Trans,NA,10156
39,Trans,NA,10157
39,Trans,NA,10278
39,Trans,NA,10277
39,Trans,NA,10267
39,Trans,NA,10283
39,Trans,NA,10319
39,Trans,NA,10320
39,Trans,NA,10354
39,Trans,NA,10360
39,Trans,NA,10394
39,Trans,NA,10463
39,Trans,NA,10464
39,Trans,NA,10503
39,Trans,NA,10577
39,Trans,NA,10645
39,Trans,NA,10715
39,Trans,NA,10802
39,Trans,NA,10849
39,Trans,NA,10924
39,Trans,NA,10925
39,Trans,NA,10890
39,End,NA,10889
42,Taxi,NA,5021
42,Trans,NA,5075
42,Trans,NA,5122
42,Trans,NA,5162
42,Trans,NA,5192
42,Trans,NA,5248
42,Trans,NA,5247
42,Trans,NA,5298
42,Trans,NA,5297
42,Trans,NA,5240
42,Trans,NA,5160
42,Trans,NA,5317
42,Trans,NA,5318
42,Trans,NA,5083
42,Trans,NA,4952
42,Trans,NA,4953
42,Trans,NA,4973
42,Start,4,4973
42,Trans,NA,4953
42,Trans,NA,4952
42,Trans,NA,5083
42,Trans,NA,5318
42,Trans,NA,5317
42,Trans,NA,5330
42,Trans,NA,5542
42,Trans,NA,5414
42,Trans,NA,5412
42,Trans,NA,5345
42,Trans,NA,5174
42,Trans,NA,4886
42,Trans,NA,4701
42,Trans,NA,4596
42,Trans,NA,4630
42,Trans,NA,4631
42,Trans,NA,4795
42,Trans,NA,4905
42,Trans,NA,4961
42,Trans,NA,4962
42,Trans,NA,4991
42,Trans,NA,5008
42,Trans,NA,5007
42,Trans,NA,4882
42,Trans,NA,4698
42,Trans,NA,4697
42,Trans,NA,4499
42,Trans,NA,4500
42,Trans,NA,4491
42,Trans,NA,4415
42,Trans,NA,4433
42,Trans,NA,4419
42,Trans,NA,4420
42,Trans,NA,4468
42,End,NA,4506
5,Taxi,NA,9777
5,Trans,NA,9808
5,Trans,NA,9829
5,Trans,NA,9862
5,Trans,NA,9891
5,Trans,NA,9890
5,Trans,NA,9854
5,Trans,NA,9839
5,Trans,NA,9782
5,Trans,NA,9726
5,Trans,NA,9725
5,Trans,NA,9701
5,Trans,NA,9668
5,Trans,NA,9621
5,Trans,NA,9583
5,Trans,NA,9584
5,Start,6,9584
5,Trans,NA,9582
5,Trans,NA,9565
5,Trans,NA,9547
5,Trans,NA,9518
5,Trans,NA,9501
5,Trans,NA,9502
5,Trans,NA,9462
5,Trans,NA,9394
5,Trans,NA,9412
5,Trans,NA,9413
5,Trans,NA,9363
5,Trans,NA,9308
5,Trans,NA,9407
5,Trans,NA,9569
5,Trans,NA,9598
5,Trans,NA,9696
5,Trans,NA,9697
5,Trans,NA,9758
5,Trans,NA,9937
5,Trans,NA,9957
5,Trans,NA,10058
5,Trans,NA,10057
5,Trans,NA,10188
5,Trans,NA,10190
5,Trans,NA,10191
5,Trans,NA,10232
5,Trans,NA,10231
5,Trans,NA,10230
5,Trans,NA,10234
5,Trans,NA,10228
5,Trans,NA,10220
5,Trans,NA,10245
5,Trans,NA,10296
5,Trans,NA,10324
5,Trans,NA,10380
5,Trans,NA,10398
5,Trans,NA,10406
5,Trans,NA,10405
5,Trans,NA,10495
5,Trans,NA,10497
5,Trans,NA,10551
5,Trans,NA,10552
5,Trans,NA,10557
5,Trans,NA,10515
5,End,NA,10454
36,Taxi,NA,3149
36,Trans,NA,3041
36,Trans,NA,3031
36,Trans,NA,2990
36,Trans,NA,2991
36,Trans,NA,2953
36,Trans,NA,2952
36,Trans,NA,3098
36,Trans,NA,3099
36,Trans,NA,3182
36,Trans,NA,3203
36,Trans,NA,3202
36,Trans,NA,3248
36,Trans,NA,3294
36,Start,7,3294
36,Trans,NA,3333
36,Trans,NA,3334
36,Trans,NA,3478
36,Trans,NA,3475
36,Trans,NA,3521
36,Trans,NA,3564
36,Trans,NA,3776
36,Trans,NA,3856
36,Trans,NA,3893
36,Trans,NA,3892
36,Trans,NA,3873
36,Trans,NA,3865
36,Trans,NA,3855
36,Trans,NA,4008
36,Trans,NA,4073
36,Trans,NA,4225
36,Trans,NA,4285
36,Trans,NA,4492
36,Trans,NA,4500
36,Trans,NA,4499
36,Trans,NA,4697
36,Trans,NA,4698
36,Trans,NA,4882
36,Trans,NA,5007
36,Trans,NA,5008
36,Trans,NA,4991
36,Trans,NA,4962
36,Trans,NA,4961
36,Trans,NA,4905
36,Trans,NA,4795
36,Trans,NA,4631
36,Trans,NA,4630
36,Trans,NA,4596
36,Trans,NA,4701
36,Trans,NA,4886
36,Trans,NA,5275
36,Trans,NA,5491
36,Trans,NA,5876
36,Trans,NA,6061
36,Trans,NA,6548
36,Trans,NA,7164
36,Trans,NA,7165
36,Trans,NA,7469
36,Trans,NA,7746
36,Trans,NA,7980
36,Trans,NA,8139
36,Trans,NA,8377
36,Trans,NA,8594
36,Trans,NA,8732
36,Trans,NA,8862
36,Trans,NA,9141
36,Trans,NA,9142
36,Trans,NA,9322
36,Trans,NA,9494
36,Trans,NA,9575
36,Trans,NA,9606
36,Trans,NA,9607
36,Trans,NA,9699
36,Trans,NA,10090
36,Trans,NA,10166
36,Trans,NA,10246
36,Trans,NA,10245
36,Trans,NA,10296
36,Trans,NA,10324
36,Trans,NA,10523
36,Trans,NA,10486
36,Trans,NA,10487
36,Trans,NA,10548
36,Trans,NA,10549
36,Trans,NA,10637
36,Trans,NA,10636
36,Trans,NA,10671
36,End,NA,10794
23,Taxi,NA,9798
23,Trans,NA,9869
23,Trans,NA,9948
23,Trans,NA,9949
23,Trans,NA,9958
23,Trans,NA,9959
23,Trans,NA,9938
23,Trans,NA,9866
23,Trans,NA,9867
23,Trans,NA,9901
23,Trans,NA,9915
23,Trans,NA,9930
23,Trans,NA,9850
23,Trans,NA,9851
23,Trans,NA,9833
23,Trans,NA,9806
23,Trans,NA,9818
23,Trans,NA,9783
23,Trans,NA,9751
23,Trans,NA,9898
23,Trans,NA,9897
23,Trans,NA,10012
23,Trans,NA,10037
23,Start,8,10037
23,Trans,NA,10012
23,Trans,NA,9897
23,Trans,NA,9898
23,Trans,NA,9750
23,Trans,NA,9653
23,Trans,NA,9592
23,Trans,NA,9550
23,Trans,NA,9548
23,Trans,NA,9503
23,Trans,NA,9505
23,Trans,NA,9472
23,Trans,NA,9441
23,Trans,NA,9432
23,Trans,NA,9425
23,Trans,NA,9426
23,Trans,NA,9403
23,Trans,NA,9377
23,Trans,NA,9295
23,Trans,NA,9202
23,Trans,NA,9203
23,Trans,NA,9053
23,Trans,NA,9052
23,Trans,NA,8913
23,Trans,NA,8863
23,Trans,NA,8800
23,Trans,NA,8754
23,Trans,NA,8756
23,Trans,NA,8655
23,Trans,NA,8657
23,Trans,NA,8627
23,Trans,NA,8628
23,Trans,NA,8585
23,Trans,NA,8584
23,Trans,NA,9094
23,Trans,NA,9411
23,Trans,NA,9413
23,Trans,NA,9363
23,Trans,NA,9308
23,Trans,NA,9407
23,Trans,NA,9569
23,Trans,NA,9598
23,Trans,NA,9696
23,Trans,NA,9697
23,Trans,NA,9758
23,Trans,NA,9937
23,Trans,NA,9957
23,Trans,NA,10058
23,Trans,NA,10057
23,Trans,NA,10188
23,Trans,NA,10190
23,Trans,NA,10191
23,Trans,NA,10232
23,Trans,NA,10231
23,Trans,NA,10230
23,Trans,NA,10234
23,Trans,NA,10228
23,Trans,NA,10220
23,Trans,NA,10246
23,Trans,NA,10166
23,Trans,NA,10090
23,Trans,NA,9699
23,Trans,NA,9646
23,Trans,NA,9647
23,Trans,NA,9572
23,Trans,NA,9419
23,Trans,NA,9418
23,Trans,NA,9351
23,Trans,NA,9290
23,Trans,NA,9131
23,Trans,NA,8976
23,Trans,NA,8943
23,End,NA,8940
35,Taxi,NA,8526
35,Trans,NA,8527
35,Trans,NA,8573
35,Trans,NA,8623
35,Trans,NA,8465
35,Trans,NA,8292
35,Trans,NA,8373
35,Trans,NA,8273
35,Trans,NA,8163
35,Trans,NA,8164
35,Trans,NA,8132
35,Trans,NA,8153
35,Trans,NA,8152
35,Trans,NA,8169
35,Trans,NA,8239
35,Trans,NA,8269
35,Trans,NA,8199
35,Trans,NA,8198
35,Trans,NA,8193
35,Start,11,8193
35,Trans,NA,8198
35,Trans,NA,8199
35,Trans,NA,8345
35,Trans,NA,8385
35,Trans,NA,8483
35,Trans,NA,8673
35,Trans,NA,8750
35,Trans,NA,8748
35,Trans,NA,9067
35,Trans,NA,9257
35,Trans,NA,9363
35,Trans,NA,9413
35,Trans,NA,9412
35,Trans,NA,9394
35,Trans,NA,9462
35,Trans,NA,9502
35,Trans,NA,9501
35,Trans,NA,9518
35,Trans,NA,9547
35,Trans,NA,9565
35,Trans,NA,9582
35,Trans,NA,9583
35,Trans,NA,9621
35,Trans,NA,9668
35,Trans,NA,9701
35,Trans,NA,9725
35,Trans,NA,9726
35,Trans,NA,9782
35,Trans,NA,9839
35,Trans,NA,9854
35,Trans,NA,9890
35,Trans,NA,9891
35,Trans,NA,9862
35,Trans,NA,9863
35,Trans,NA,9893
35,Trans,NA,9936
35,Trans,NA,9959
35,Trans,NA,9938
35,Trans,NA,9953
35,Trans,NA,9961
35,Trans,NA,9931
35,Trans,NA,9929
35,End,NA,9914
18,Taxi,NA,101
18,Trans,NA,69
18,Trans,NA,55
18,Trans,NA,40
18,Trans,NA,32
18,Trans,NA,29
18,Trans,NA,17
18,Trans,NA,13
18,Start,13,13
18,Trans,NA,17
18,Trans,NA,29
18,Trans,NA,32
18,Trans,NA,40
18,Trans,NA,39
18,Trans,NA,28
18,Trans,NA,14
18,Trans,NA,23
18,Trans,NA,36
18,Trans,NA,52
18,Trans,NA,58
18,Trans,NA,63
18,Trans,NA,64
18,Trans,NA,104
18,Trans,NA,132
18,Trans,NA,133
18,Trans,NA,182
18,Trans,NA,181
18,Trans,NA,162
18,Trans,NA,204
18,Trans,NA,203
18,Trans,NA,232
18,Trans,NA,233
18,Trans,NA,252
18,Trans,NA,262
18,Trans,NA,270
18,Trans,NA,274
18,Trans,NA,289
18,Trans,NA,297
18,Trans,NA,310
18,Trans,NA,322
18,Trans,NA,332
18,Trans,NA,341
18,Trans,NA,384
18,Trans,NA,425
18,Trans,NA,424
18,Trans,NA,449
18,Trans,NA,471
18,Trans,NA,505
18,Trans,NA,523
18,Trans,NA,551
18,Trans,NA,582
18,Trans,NA,619
18,Trans,NA,757
18,Trans,NA,756
18,Trans,NA,838
18,Trans,NA,837
18,Trans,NA,856
18,Trans,NA,1007
18,Trans,NA,1006
18,Trans,NA,1001
18,Trans,NA,1025
18,Trans,NA,1040
18,Trans,NA,1041
18,Trans,NA,1052
18,Trans,NA,1084
18,Trans,NA,1116
18,Trans,NA,1153
18,Trans,NA,1164
18,Trans,NA,1166
18,Trans,NA,1175
18,Trans,NA,1179
18,Trans,NA,1185
18,Trans,NA,1189
18,Trans,NA,1197
18,Trans,NA,1203
18,Trans,NA,1208
18,Trans,NA,1216
18,Trans,NA,1312
18,Trans,NA,1310
18,Trans,NA,1381
18,Trans,NA,1394
18,Trans,NA,1451
18,Trans,NA,1568
18,Trans,NA,1567
18,Trans,NA,1655
18,Trans,NA,1722
18,Trans,NA,1795
18,Trans,NA,1865
18,Trans,NA,1909
18,Trans,NA,1947
18,Trans,NA,1946
18,Trans,NA,2049
18,Trans,NA,2481
18,Trans,NA,2561
18,Trans,NA,2636
18,Trans,NA,2637
18,Trans,NA,2942
18,Trans,NA,2943
18,Trans,NA,2974
18,Trans,NA,3146
18,Trans,NA,3216
18,Trans,NA,3379
18,Trans,NA,3378
18,Trans,NA,3821
18,Trans,NA,3960
18,Trans,NA,4070
18,Trans,NA,4185
18,Trans,NA,4323
18,Trans,NA,4322
18,Trans,NA,4704
18,Trans,NA,4730
18,Trans,NA,4844
18,Trans,NA,5148
18,Trans,NA,5316
18,Trans,NA,5527
18,Trans,NA,5600
18,Trans,NA,5601
18,Trans,NA,5695
18,Trans,NA,5709
18,Trans,NA,5756
18,Trans,NA,5817
18,Trans,NA,5818
18,Trans,NA,5908
18,Trans,NA,6255
18,Trans,NA,6254
18,Trans,NA,6612
18,Trans,NA,7030
18,Trans,NA,6867
18,Trans,NA,6602
18,Trans,NA,6785
18,Trans,NA,6786
18,Trans,NA,6924
18,Trans,NA,6925
18,Trans,NA,6715
18,Trans,NA,6642
18,Trans,NA,6557
18,Trans,NA,6637
18,Trans,NA,6732
18,Trans,NA,6781
18,Trans,NA,6828
18,End,NA,6870
18,Taxi,NA,6870
18,Trans,NA,6876
18,Trans,NA,6922
18,Trans,NA,6923
18,Trans,NA,6795
18,Trans,NA,6797
18,Trans,NA,6895
18,Trans,NA,7021
18,Trans,NA,7079
18,Trans,NA,7077
18,Trans,NA,7125
18,Trans,NA,7191
18,Trans,NA,7232
18,Trans,NA,7355
18,Trans,NA,7453
18,Trans,NA,7475
18,Trans,NA,7840
18,Trans,NA,7839
18,Trans,NA,7935
18,Trans,NA,7997
18,Trans,NA,8103
18,Trans,NA,8188
18,Trans,NA,8331
18,Trans,NA,8378
18,Trans,NA,8434
18,Trans,NA,8494
18,Trans,NA,8513
18,Trans,NA,8679
18,Trans,NA,8724
18,Trans,NA,8776
18,Trans,NA,8883
18,Trans,NA,8969
18,Start,17,8969
18,Trans,NA,8883
18,Trans,NA,8766
18,Trans,NA,8765
18,Trans,NA,8762
18,Trans,NA,8761
18,Trans,NA,8756
18,Trans,NA,8655
18,Trans,NA,8657
18,Trans,NA,8627
18,Trans,NA,8628
18,Trans,NA,8585
18,Trans,NA,8584
18,Trans,NA,9094
18,Trans,NA,9411
18,Trans,NA,9413
18,Trans,NA,9363
18,Trans,NA,9308
18,Trans,NA,9407
18,Trans,NA,9569
18,Trans,NA,9598
18,Trans,NA,9696
18,Trans,NA,9697
18,Trans,NA,9758
18,Trans,NA,9937
18,Trans,NA,9957
18,Trans,NA,10058
18,Trans,NA,10057
18,Trans,NA,10188
18,Trans,NA,10190
18,Trans,NA,10191
18,Trans,NA,10232
18,Trans,NA,10231
18,Trans,NA,10230
18,Trans,NA,10234
18,Trans,NA,10228
18,Trans,NA,10220
18,Trans,NA,10262
18,Trans,NA,10263
18,Trans,NA,10067
18,Trans,NA,10068
18,Trans,NA,9955
18,Trans,NA,9954
18,Trans,NA,9732
18,Trans,NA,9673
18,Trans,NA,9616
18,End,NA,9579
33,Taxi,NA,9579
33,Trans,NA,9616
33,Trans,NA,9673
33,Trans,NA,9732
33,Trans,NA,9954
33,Trans,NA,9955
33,Trans,NA,10068
33,Trans,NA,10067
33,Trans,NA,10263
33,Trans,NA,10262
33,Trans,NA,10220
33,Trans,NA,10228
33,Trans,NA,10234
33,Trans,NA,10230
33,Trans,NA,10231
33,Trans,NA,10232
33,Trans,NA,10191
33,Trans,NA,10190
33,Trans,NA,10188
33,Trans,NA,10057
33,Trans,NA,10058
33,Trans,NA,9957
33,Trans,NA,9937
33,Trans,NA,9947
33,Trans,NA,9992
33,Trans,NA,10077
33,Trans,NA,10078
33,Trans,NA,10070
33,Trans,NA,10103
33,Trans,NA,10174
33,Trans,NA,10201
33,Trans,NA,10260
33,Trans,NA,10269
33,Trans,NA,10297
33,Trans,NA,10312
33,Trans,NA,10345
33,Trans,NA,10366
33,Trans,NA,10365
33,Trans,NA,10364
33,Trans,NA,10363
33,Trans,NA,10362
33,Start,19,10362
33,Trans,NA,10363
33,Trans,NA,10364
33,Trans,NA,10365
33,Trans,NA,10366
33,Trans,NA,10345
33,Trans,NA,10312
33,Trans,NA,10297
33,Trans,NA,10269
33,Trans,NA,10260
33,Trans,NA,10201
33,Trans,NA,10174
33,Trans,NA,10103
33,Trans,NA,10070
33,Trans,NA,10078
33,Trans,NA,10077
33,Trans,NA,9992
33,Trans,NA,9947
33,Trans,NA,9758
33,Trans,NA,9697
33,Trans,NA,9696
33,Trans,NA,9598
33,Trans,NA,9569
33,Trans,NA,9407
33,Trans,NA,9308
33,Trans,NA,9363
33,Trans,NA,9413
33,Trans,NA,9411
33,Trans,NA,9094
33,Trans,NA,8584
33,Trans,NA,8587
33,Trans,NA,8080
33,Trans,NA,8079
33,Trans,NA,8054
33,Trans,NA,8036
33,Trans,NA,8037
33,Trans,NA,8020
33,Trans,NA,7941
33,Trans,NA,7917
33,Trans,NA,7887
33,Trans,NA,7886
33,Trans,NA,7861
33,Trans,NA,7702
33,Trans,NA,7417
33,Trans,NA,7422
33,Trans,NA,7298
33,Trans,NA,7299
33,Trans,NA,7161
33,Trans,NA,7027
33,Trans,NA,7028
33,Trans,NA,6949
33,Trans,NA,6896
33,Trans,NA,6953
33,Trans,NA,6958
33,Trans,NA,6984
33,Trans,NA,6625
33,Trans,NA,6624
33,Trans,NA,6480
33,Trans,NA,6268
33,Trans,NA,6048
33,Trans,NA,5348
33,Trans,NA,5347
33,Trans,NA,5152
33,Trans,NA,4947
33,Trans,NA,4538
33,Trans,NA,4362
33,Trans,NA,4235
33,Trans,NA,4173
33,Trans,NA,4155
33,Trans,NA,4025
33,Trans,NA,3804
33,Trans,NA,3640
33,Trans,NA,3491
33,Trans,NA,3385
33,Trans,NA,3314
33,Trans,NA,3001
33,Trans,NA,2887
33,Trans,NA,2576
33,Trans,NA,2523
33,Trans,NA,2484
33,Trans,NA,2455
33,Trans,NA,2489
33,Trans,NA,2465
33,Trans,NA,2463
33,Trans,NA,2458
33,Trans,NA,2312
33,Trans,NA,2311
33,Trans,NA,2256
33,Trans,NA,2252
33,Trans,NA,2277
33,Trans,NA,2278
33,Trans,NA,2177
33,Trans,NA,2145
33,Trans,NA,2144
33,Trans,NA,2076
33,Trans,NA,2028
33,Trans,NA,1950
33,Trans,NA,1949
33,Trans,NA,1926
33,Trans,NA,1918
33,Trans,NA,1765
33,Trans,NA,1620
33,Trans,NA,1619
33,Trans,NA,1456
33,Trans,NA,1370
33,Trans,NA,1307
33,Trans,NA,1259
33,Trans,NA,1233
33,Trans,NA,1231
33,Trans,NA,1215
33,End,NA,1222
48,Taxi,NA,3269
48,Trans,NA,3242
48,Trans,NA,3241
48,Trans,NA,3217
48,Trans,NA,3199
48,Trans,NA,3190
48,Trans,NA,3191
48,Trans,NA,3175
48,Trans,NA,3177
48,Trans,NA,3054
48,Trans,NA,3055
48,Trans,NA,3093
48,Trans,NA,3094
48,Trans,NA,3224
48,Trans,NA,3365
48,Trans,NA,3342
48,Trans,NA,3343
48,Trans,NA,3295
48,Trans,NA,3296
48,Trans,NA,3183
48,Trans,NA,3146
48,Trans,NA,3216
48,Trans,NA,3379
48,Trans,NA,3378
48,Trans,NA,3821
48,Trans,NA,3960
48,Trans,NA,4070
48,Trans,NA,4185
48,Trans,NA,4323
48,Trans,NA,4322
48,Trans,NA,4704
48,Trans,NA,4730
48,Trans,NA,4844
48,Trans,NA,5148
48,Trans,NA,5316
48,Trans,NA,5527
48,Trans,NA,5600
48,Trans,NA,5601
48,Trans,NA,5695
48,Trans,NA,5709
48,Trans,NA,5756
48,Trans,NA,5817
48,Trans,NA,5818
48,Trans,NA,5908
48,Trans,NA,6255
48,Trans,NA,5743
48,Start,24,5743
48,Trans,NA,6254
48,Trans,NA,6612
48,Trans,NA,7030
48,Trans,NA,6867
48,Trans,NA,6602
48,Trans,NA,6785
48,Trans,NA,6786
48,Trans,NA,6924
48,Trans,NA,6925
48,Trans,NA,6715
48,Trans,NA,6643
48,Trans,NA,6537
48,Trans,NA,6505
48,Trans,NA,6483
48,Trans,NA,6428
48,Trans,NA,6427
48,Trans,NA,6599
48,Trans,NA,6703
48,Trans,NA,6704
48,Trans,NA,6980
48,Trans,NA,6979
48,Trans,NA,7231
48,Trans,NA,7232
48,Trans,NA,7191
48,Trans,NA,7125
48,Trans,NA,7077
48,Trans,NA,7080
48,Trans,NA,7039
48,Trans,NA,7014
48,Trans,NA,6995
48,Trans,NA,6996
48,Trans,NA,6956
48,Trans,NA,6997
48,Trans,NA,7090
48,Trans,NA,7163
48,Trans,NA,7196
48,Trans,NA,7194
48,Trans,NA,7270
48,Trans,NA,7198
48,Trans,NA,7254
48,Trans,NA,7375
48,Trans,NA,7374
48,Trans,NA,7292
48,Trans,NA,7291
48,Trans,NA,7338
48,Trans,NA,7339
48,Trans,NA,7389
48,Trans,NA,7388
48,Trans,NA,7443
48,Trans,NA,7465
48,Trans,NA,7552
48,Trans,NA,7634
48,Trans,NA,7723
48,Trans,NA,7722
48,Trans,NA,7769
48,Trans,NA,7886
48,Trans,NA,7943
48,Trans,NA,7985
48,Trans,NA,7984
48,Trans,NA,8035
48,Trans,NA,8164
48,Trans,NA,8163
48,Trans,NA,8273
48,Trans,NA,8373
48,Trans,NA,8292
48,Trans,NA,8465
48,Trans,NA,8623
48,Trans,NA,8573
48,Trans,NA,8527
48,End,NA,8526
39,Taxi,NA,10889
39,Trans,NA,10890
39,Trans,NA,10925
39,Trans,NA,10924
39,Trans,NA,10849
39,Trans,NA,10802
39,Trans,NA,10715
39,Trans,NA,10645
39,Trans,NA,10577
39,Trans,NA,10503
39,Trans,NA,10464
39,Trans,NA,10463
39,Trans,NA,10394
39,Trans,NA,10360
39,Trans,NA,10354
39,Start,25,10354
39,Trans,NA,10360
39,Trans,NA,10394
39,Trans,NA,10421
39,Trans,NA,10407
39,Trans,NA,10402
39,Trans,NA,10401
39,Trans,NA,10389
39,Trans,NA,10390
39,Trans,NA,10342
39,Trans,NA,10341
39,Trans,NA,10287
39,Trans,NA,10288
39,Trans,NA,10256
39,Trans,NA,10231
39,Trans,NA,10230
39,Trans,NA,10234
39,Trans,NA,10228
39,Trans,NA,10187
39,Trans,NA,10186
39,Trans,NA,10106
39,Trans,NA,10107
39,Trans,NA,10054
39,Trans,NA,10014
39,Trans,NA,9999
39,Trans,NA,9998
39,Trans,NA,9913
39,Trans,NA,9776
39,Trans,NA,9677
39,Trans,NA,9678
39,Trans,NA,9571
39,Trans,NA,9387
39,Trans,NA,9389
39,Trans,NA,9006
39,Trans,NA,9005
39,Trans,NA,8707
39,Trans,NA,8674
39,Trans,NA,8675
39,Trans,NA,8516
39,Trans,NA,8515
39,Trans,NA,8381
39,Trans,NA,8140
39,Trans,NA,7996
39,Trans,NA,7955
39,Trans,NA,7756
39,Trans,NA,7461
39,Trans,NA,7307
39,Trans,NA,7200
39,Trans,NA,7068
39,Trans,NA,7069
39,Trans,NA,6846
39,Trans,NA,6569
39,Trans,NA,6678
39,Trans,NA,6677
39,Trans,NA,6609
39,Trans,NA,6500
39,Trans,NA,6484
39,Trans,NA,6234
39,End,NA,6233
4,Taxi,NA,11022
4,Trans,NA,11023
4,Trans,NA,10987
4,Trans,NA,10940
4,Trans,NA,10939
4,Trans,NA,10907
4,Trans,NA,10855
4,Trans,NA,10846
4,Trans,NA,10755
4,Trans,NA,10753
4,Trans,NA,10612
4,Trans,NA,10556
4,Trans,NA,10533
4,Trans,NA,10438
4,Trans,NA,10439
4,Trans,NA,10453
4,Trans,NA,10452
4,Start,26,10452
4,Trans,NA,10453
4,Trans,NA,10391
4,Trans,NA,10349
4,Trans,NA,10327
4,Trans,NA,10301
4,Trans,NA,10300
4,Trans,NA,10244
4,Trans,NA,10174
4,Trans,NA,10103
4,Trans,NA,10070
4,Trans,NA,10078
4,Trans,NA,10077
4,Trans,NA,9992
4,Trans,NA,9947
4,Trans,NA,9758
4,Trans,NA,9697
4,Trans,NA,9696
4,Trans,NA,9598
4,Trans,NA,9569
4,Trans,NA,9407
4,Trans,NA,9308
4,Trans,NA,9363
4,Trans,NA,9413
4,Trans,NA,9411
4,Trans,NA,9094
4,Trans,NA,8584
4,Trans,NA,8585
4,Trans,NA,8628
4,Trans,NA,8627
4,Trans,NA,8657
4,Trans,NA,8655
4,Trans,NA,8756
4,Trans,NA,8761
4,Trans,NA,8762
4,Trans,NA,8765
4,Trans,NA,8766
4,Trans,NA,8776
4,Trans,NA,8724
4,Trans,NA,8679
4,Trans,NA,8513
4,Trans,NA,8494
4,Trans,NA,8434
4,Trans,NA,8378
4,Trans,NA,8331
4,Trans,NA,8188
4,Trans,NA,8103
4,Trans,NA,7997
4,Trans,NA,7935
4,Trans,NA,7839
4,Trans,NA,7840
4,Trans,NA,7475
4,Trans,NA,7453
4,Trans,NA,7355
4,Trans,NA,7231
4,Trans,NA,6979
4,Trans,NA,6980
4,Trans,NA,6704
4,Trans,NA,6703
4,Trans,NA,6599
4,Trans,NA,6427
4,Trans,NA,6428
4,Trans,NA,6483
4,Trans,NA,6505
4,Trans,NA,6537
4,Trans,NA,6643
4,Trans,NA,6715
4,Trans,NA,6925
4,Trans,NA,6924
4,Trans,NA,6786
4,Trans,NA,6785
4,Trans,NA,6602
4,Trans,NA,6867
4,Trans,NA,7030
4,Trans,NA,6612
4,Trans,NA,6254
4,Trans,NA,6255
4,Trans,NA,5908
4,Trans,NA,5818
4,Trans,NA,5817
4,Trans,NA,5756
4,Trans,NA,5709
4,Trans,NA,5695
4,Trans,NA,5601
4,Trans,NA,5600
4,Trans,NA,5527
4,Trans,NA,5316
4,Trans,NA,5148
4,Trans,NA,4844
4,Trans,NA,4730
4,Trans,NA,4704
4,Trans,NA,4322
4,Trans,NA,4323
4,Trans,NA,4185
4,Trans,NA,4070
4,Trans,NA,3960
4,Trans,NA,3821
4,Trans,NA,3378
4,Trans,NA,3415
4,Trans,NA,3626
4,Trans,NA,3760
4,Trans,NA,3761
4,Trans,NA,3882
4,End,NA,3847
15,Taxi,NA,8940
15,Trans,NA,8943
15,Trans,NA,8977
15,Trans,NA,9018
15,Trans,NA,8872
15,Trans,NA,8787
15,Trans,NA,8788
15,Start,26,8862
15,Trans,NA,8732
15,Trans,NA,8594
15,Trans,NA,8377
15,Trans,NA,8139
15,Trans,NA,7980
15,Trans,NA,7746
15,Trans,NA,7469
15,Trans,NA,7165
15,Trans,NA,7164
15,Trans,NA,6548
15,Trans,NA,6061
15,Trans,NA,5876
15,Trans,NA,5491
15,Trans,NA,5275
15,Trans,NA,4885
15,Trans,NA,4547
15,Trans,NA,4113
15,Trans,NA,4000
15,Trans,NA,3939
15,Trans,NA,3905
15,Trans,NA,3860
15,Trans,NA,3796
15,Trans,NA,3706
15,Trans,NA,3613
15,Trans,NA,3458
15,Trans,NA,3382
15,Trans,NA,3250
15,Trans,NA,3249
15,Trans,NA,3124
15,Trans,NA,2961
15,Trans,NA,2803
15,Trans,NA,2802
15,Trans,NA,2635
15,Trans,NA,2478
15,Trans,NA,2429
15,Trans,NA,2275
15,Trans,NA,2364
15,Trans,NA,2373
15,Trans,NA,2374
15,Trans,NA,2386
15,Trans,NA,2401
15,Trans,NA,2414
15,Trans,NA,2413
15,Trans,NA,2432
15,Trans,NA,2447
15,Trans,NA,2471
15,Trans,NA,2514
15,Trans,NA,2546
15,Trans,NA,2547
15,Trans,NA,2577
15,Trans,NA,2705
15,Trans,NA,2806
15,Trans,NA,2835
15,Trans,NA,3002
15,Trans,NA,3001
15,Trans,NA,2887
15,Trans,NA,2576
15,Trans,NA,2523
15,Trans,NA,2484
15,Trans,NA,2455
15,Trans,NA,2489
15,Trans,NA,2649
15,Trans,NA,2760
15,Trans,NA,2898
15,Trans,NA,2899
15,Trans,NA,2983
15,Trans,NA,3157
15,Trans,NA,3139
15,Trans,NA,3131
15,Trans,NA,3132
15,Trans,NA,3104
15,Trans,NA,3084
15,Trans,NA,3074
15,Trans,NA,3056
15,Trans,NA,3043
15,Trans,NA,3000
15,Trans,NA,2965
15,Trans,NA,2881
15,Trans,NA,2854
15,Trans,NA,2878
15,Trans,NA,2908
15,Trans,NA,2940
15,Trans,NA,2969
15,Trans,NA,3046
15,Trans,NA,3057
15,Trans,NA,3117
15,Trans,NA,3180
15,Trans,NA,3229
15,Trans,NA,3275
15,Trans,NA,3274
15,Trans,NA,3331
15,Trans,NA,3427
15,Trans,NA,3426
15,End,NA,3390
14,Taxi,NA,7047
14,Trans,NA,7102
14,Trans,NA,7103
14,Trans,NA,7106
14,Trans,NA,7013
14,Trans,NA,7029
14,Trans,NA,7027
14,Trans,NA,7161
14,Trans,NA,7299
14,Trans,NA,7298
14,Trans,NA,7422
14,Trans,NA,7417
14,Trans,NA,7702
14,Trans,NA,7861
14,Trans,NA,7886
14,Trans,NA,7887
14,Trans,NA,7917
14,Trans,NA,7941
14,Trans,NA,8020
14,Trans,NA,8037
14,Trans,NA,8036
14,Trans,NA,8054
14,Trans,NA,8079
14,Trans,NA,8080
14,Trans,NA,8587
14,Trans,NA,8585
14,Trans,NA,8628
14,Trans,NA,8627
14,Trans,NA,8657
14,Trans,NA,8655
14,Trans,NA,8756
14,Trans,NA,8754
14,Trans,NA,8800
14,Trans,NA,8863
14,Trans,NA,8913
14,Trans,NA,9052
14,Trans,NA,9053
14,Trans,NA,9203
14,Trans,NA,9202
14,Trans,NA,9295
14,Trans,NA,9377
14,Trans,NA,9403
14,Trans,NA,9426
14,Trans,NA,9425
14,Trans,NA,9432
14,Trans,NA,9441
14,Trans,NA,9472
14,Trans,NA,9505
14,Trans,NA,9503
14,Trans,NA,9548
14,Trans,NA,9550
14,Trans,NA,9592
14,Trans,NA,9653
14,Trans,NA,9750
14,Trans,NA,9898
14,Trans,NA,9897
14,Trans,NA,10013
14,Trans,NA,10059
14,Trans,NA,10127
14,Trans,NA,10126
14,Trans,NA,10099
14,Trans,NA,10071
14,Trans,NA,10063
14,Trans,NA,10055
14,Trans,NA,10082
14,Trans,NA,10102
14,Trans,NA,10101
14,Trans,NA,10128
14,Trans,NA,10139
14,Start,26,10139
14,Trans,NA,10128
14,Trans,NA,10101
14,Trans,NA,10102
14,Trans,NA,10082
14,Trans,NA,10055
14,Trans,NA,10063
14,Trans,NA,10071
14,Trans,NA,10099
14,Trans,NA,10126
14,Trans,NA,10127
14,Trans,NA,10059
14,Trans,NA,10013
14,Trans,NA,9897
14,Trans,NA,9898
14,Trans,NA,9750
14,Trans,NA,9653
14,Trans,NA,9592
14,Trans,NA,9550
14,Trans,NA,9548
14,Trans,NA,9503
14,Trans,NA,9505
14,Trans,NA,9472
14,Trans,NA,9441
14,Trans,NA,9432
14,Trans,NA,9425
14,Trans,NA,9426
14,Trans,NA,9403
14,Trans,NA,9377
14,Trans,NA,9295
14,Trans,NA,9202
14,Trans,NA,9203
14,Trans,NA,9053
14,Trans,NA,9052
14,Trans,NA,8913
14,Trans,NA,8863
14,Trans,NA,8800
14,Trans,NA,8754
14,Trans,NA,8756
14,Trans,NA,8655
14,Trans,NA,8657
14,Trans,NA,8627
14,Trans,NA,8628
14,Trans,NA,8585
14,Trans,NA,8587
14,Trans,NA,8080
14,Trans,NA,8079
14,Trans,NA,8054
14,Trans,NA,8036
14,Trans,NA,8037
14,Trans,NA,8020
14,Trans,NA,7941
14,Trans,NA,7917
14,Trans,NA,7887
14,Trans,NA,7886
14,Trans,NA,7861
14,Trans,NA,7702
14,Trans,NA,7417
14,Trans,NA,7422
14,Trans,NA,7298
14,Trans,NA,7299
14,Trans,NA,7161
14,Trans,NA,7027
14,Trans,NA,7028
14,Trans,NA,6949
14,Trans,NA,6896
14,Trans,NA,6953
14,Trans,NA,6958
14,Trans,NA,6984
14,Trans,NA,6625
14,Trans,NA,6624
14,Trans,NA,6480
14,Trans,NA,6268
14,Trans,NA,6048
14,Trans,NA,5348
14,Trans,NA,5347
14,Trans,NA,5152
14,Trans,NA,4947
14,Trans,NA,4538
14,Trans,NA,4362
14,Trans,NA,4235
14,Trans,NA,4173
14,Trans,NA,4155
14,Trans,NA,4025
14,Trans,NA,3804
14,Trans,NA,3641
14,Trans,NA,3416
14,Trans,NA,3349
14,Trans,NA,3287
14,Trans,NA,3260
14,Trans,NA,3272
14,Trans,NA,3273
14,Trans,NA,3280
14,Trans,NA,3299
14,Trans,NA,3341
14,Trans,NA,3354
14,Trans,NA,3430
14,Trans,NA,3424
14,Trans,NA,3404
14,Trans,NA,3403
14,Trans,NA,3399
14,Trans,NA,3467
14,Trans,NA,3466
14,End,NA,3677
36,Taxi,NA,10814
36,Trans,NA,10815
36,Trans,NA,10823
36,Trans,NA,10824
36,Trans,NA,10874
36,Trans,NA,10875
36,Trans,NA,10923
36,Trans,NA,10924
36,Trans,NA,10849
36,Trans,NA,10803
36,Trans,NA,10723
36,Trans,NA,10626
36,Trans,NA,10699
36,Trans,NA,10700
36,Trans,NA,10753
36,Trans,NA,10612
36,Trans,NA,10556
36,Trans,NA,10533
36,Trans,NA,10438
36,Trans,NA,10439
36,Trans,NA,10453
36,Trans,NA,10452
36,Trans,NA,10546
36,Trans,NA,10562
36,Trans,NA,10564
36,Trans,NA,10579
36,Trans,NA,10598
36,Start,27,10598
36,Trans,NA,10579
36,Trans,NA,10564
36,Trans,NA,10562
36,Trans,NA,10546
36,Trans,NA,10452
36,Trans,NA,10453
36,Trans,NA,10391
36,Trans,NA,10349
36,Trans,NA,10327
36,Trans,NA,10301
36,Trans,NA,10300
36,Trans,NA,10244
36,Trans,NA,10174
36,Trans,NA,10103
36,Trans,NA,10070
36,Trans,NA,10078
36,Trans,NA,10077
36,Trans,NA,9992
36,Trans,NA,9947
36,Trans,NA,9758
36,Trans,NA,9697
36,Trans,NA,9696
36,Trans,NA,9598
36,Trans,NA,9569
36,Trans,NA,9407
36,Trans,NA,9308
36,Trans,NA,9363
36,Trans,NA,9413
36,Trans,NA,9411
36,Trans,NA,9094
36,Trans,NA,8584
36,Trans,NA,8587
36,Trans,NA,8080
36,Trans,NA,8079
36,Trans,NA,8054
36,Trans,NA,8036
36,Trans,NA,8037
36,Trans,NA,8020
36,Trans,NA,7941
36,Trans,NA,7917
36,Trans,NA,7887
36,Trans,NA,7886
36,Trans,NA,7861
36,Trans,NA,7702
36,Trans,NA,7417
36,Trans,NA,7419
36,Trans,NA,7420
36,Trans,NA,7454
36,Trans,NA,7504
36,Trans,NA,7371
36,Trans,NA,7407
36,Trans,NA,7406
36,Trans,NA,7265
36,Trans,NA,7266
36,Trans,NA,7207
36,Trans,NA,7157
36,Trans,NA,7110
36,Trans,NA,6990
36,Trans,NA,6573
36,Trans,NA,6572
36,Trans,NA,6447
36,Trans,NA,6234
36,Trans,NA,6149
36,Trans,NA,6074
36,Trans,NA,6073
36,Trans,NA,5929
36,Trans,NA,5850
36,Trans,NA,5676
36,Trans,NA,5487
36,Trans,NA,5488
36,Trans,NA,5299
36,Trans,NA,5321
36,Trans,NA,5213
36,End,NA,5145
49,Taxi,NA,8194
49,Trans,NA,8190
49,Trans,NA,8142
49,Trans,NA,8141
49,Trans,NA,8058
49,Trans,NA,8026
49,Trans,NA,8068
49,Trans,NA,8066
49,Trans,NA,8085
49,Trans,NA,8137
49,Trans,NA,8264
49,Trans,NA,8322
49,Trans,NA,8324
49,Trans,NA,8362
49,Trans,NA,8399
49,Trans,NA,8514
49,Trans,NA,8582
49,Trans,NA,8675
49,Trans,NA,8674
49,Trans,NA,8707
49,Trans,NA,9005
49,Trans,NA,9006
49,Trans,NA,9389
49,Trans,NA,9387
49,Trans,NA,9571
49,Trans,NA,9678
49,Trans,NA,9677
49,Trans,NA,9776
49,Trans,NA,9913
49,Trans,NA,9998
49,Trans,NA,9999
49,Trans,NA,10014
49,Trans,NA,10054
49,Trans,NA,10107
49,Trans,NA,10106
49,Trans,NA,10186
49,Trans,NA,10187
49,Trans,NA,10220
49,Trans,NA,10245
49,Trans,NA,10296
49,Trans,NA,10324
49,Trans,NA,10523
49,Trans,NA,10486
49,Trans,NA,10487
49,Trans,NA,10409
49,Trans,NA,10410
49,Trans,NA,10411
49,Trans,NA,10447
49,Trans,NA,10522
49,Trans,NA,10679
49,Trans,NA,10779
49,Trans,NA,10835
49,Trans,NA,10874
49,Trans,NA,10875
49,Trans,NA,10923
49,Trans,NA,10924
49,Trans,NA,10849
49,Trans,NA,10803
49,Trans,NA,10723
49,Trans,NA,10626
49,Trans,NA,10699
49,Trans,NA,10700
49,Trans,NA,10753
49,Trans,NA,10612
49,Trans,NA,10643
49,Trans,NA,10651
49,Start,28,10651
49,Trans,NA,10643
49,Trans,NA,10556
49,Trans,NA,10533
49,Trans,NA,10438
49,Trans,NA,10439
49,Trans,NA,10391
49,Trans,NA,10349
49,Trans,NA,10327
49,Trans,NA,10301
49,Trans,NA,10300
49,Trans,NA,10244
49,Trans,NA,10174
49,Trans,NA,10103
49,Trans,NA,10070
49,Trans,NA,10078
49,Trans,NA,10077
49,Trans,NA,9992
49,Trans,NA,9947
49,Trans,NA,9758
49,Trans,NA,9697
49,Trans,NA,9696
49,Trans,NA,9598
49,Trans,NA,9569
49,Trans,NA,9407
49,Trans,NA,9308
49,Trans,NA,9363
49,Trans,NA,9413
49,Trans,NA,9411
49,Trans,NA,9094
49,Trans,NA,8584
49,Trans,NA,8587
49,Trans,NA,8080
49,Trans,NA,8079
49,Trans,NA,8054
49,Trans,NA,8036
49,Trans,NA,8037
49,Trans,NA,8020
49,Trans,NA,7941
49,Trans,NA,7917
49,Trans,NA,7887
49,Trans,NA,7886
49,Trans,NA,7861
49,Trans,NA,7702
49,Trans,NA,7417
49,Trans,NA,7422
49,Trans,NA,7298
49,Trans,NA,7299
49,Trans,NA,7161
49,Trans,NA,7027
49,Trans,NA,7028
49,Trans,NA,6949
49,Trans,NA,6816
49,Trans,NA,6337
49,Trans,NA,6305
49,Trans,NA,6243
49,End,NA,6244
16,Taxi,NA,5133
16,Trans,NA,5080
16,Trans,NA,4972
16,Trans,NA,4971
16,Trans,NA,4840
16,Trans,NA,4841
16,Trans,NA,4794
16,Trans,NA,4831
16,Trans,NA,4936
16,Trans,NA,5141
16,Trans,NA,5238
16,Trans,NA,5207
16,Trans,NA,5206
16,Trans,NA,5299
16,Trans,NA,5488
16,Trans,NA,5487
16,Trans,NA,5676
16,Trans,NA,5850
16,Trans,NA,5929
16,Trans,NA,6073
16,Trans,NA,6074
16,Trans,NA,6149
16,Trans,NA,6234
16,Trans,NA,6484
16,Trans,NA,6500
16,Trans,NA,6609
16,Trans,NA,6677
16,Trans,NA,6678
16,Trans,NA,6569
16,Trans,NA,6846
16,Trans,NA,7069
16,Trans,NA,7068
16,Trans,NA,7200
16,Trans,NA,7307
16,Trans,NA,7461
16,Trans,NA,7757
16,Trans,NA,7776
16,Trans,NA,7793
16,Trans,NA,7795
16,Trans,NA,7903
16,Trans,NA,7957
16,Start,30,7957
16,Trans,NA,7903
16,Trans,NA,7795
16,Trans,NA,7793
16,Trans,NA,7776
16,Trans,NA,7757
16,Trans,NA,7461
16,Trans,NA,7307
16,Trans,NA,7200
16,Trans,NA,7068
16,Trans,NA,7069
16,Trans,NA,6846
16,Trans,NA,6475
16,Trans,NA,6476
16,Trans,NA,6232
16,Trans,NA,6231
16,Trans,NA,5905
16,Trans,NA,5906
16,Trans,NA,5832
16,Trans,NA,5833
16,Trans,NA,5541
16,Trans,NA,5414
16,Trans,NA,5412
16,Trans,NA,5345
16,Trans,NA,5174
16,Trans,NA,4885
16,Trans,NA,4547
16,Trans,NA,4113
16,Trans,NA,4000
16,Trans,NA,3939
16,Trans,NA,3905
16,Trans,NA,3860
16,Trans,NA,3796
16,Trans,NA,3706
16,Trans,NA,3613
16,Trans,NA,3458
16,Trans,NA,3382
16,Trans,NA,3250
16,Trans,NA,3249
16,Trans,NA,3124
16,Trans,NA,2961
16,Trans,NA,2803
16,Trans,NA,2802
16,Trans,NA,2635
16,Trans,NA,2478
16,Trans,NA,2429
16,Trans,NA,2125
16,Trans,NA,2124
16,Trans,NA,1951
16,Trans,NA,1895
16,Trans,NA,1726
16,Trans,NA,1725
16,Trans,NA,1733
16,Trans,NA,1732
16,Trans,NA,1698
16,Trans,NA,1658
16,Trans,NA,1648
16,Trans,NA,1647
16,Trans,NA,1652
16,Trans,NA,1656
16,Trans,NA,1695
16,Trans,NA,1571
16,Trans,NA,1403
16,Trans,NA,1402
16,End,NA,1432
8,Taxi,NA,7428
8,Trans,NA,7484
8,Trans,NA,7603
8,Trans,NA,7621
8,Trans,NA,7637
8,Trans,NA,7636
8,Trans,NA,7672
8,Trans,NA,7772
8,Trans,NA,7868
8,Trans,NA,7878
8,Trans,NA,7879
8,Trans,NA,7897
8,Trans,NA,7898
8,Trans,NA,7937
8,Trans,NA,8001
8,Trans,NA,8053
8,Trans,NA,8088
8,Trans,NA,8089
8,Trans,NA,8171
8,Trans,NA,8223
8,Trans,NA,8226
8,Trans,NA,8225
8,Trans,NA,8220
8,Start,31,8220
8,Trans,NA,8225
8,Trans,NA,8226
8,Trans,NA,8223
8,Trans,NA,8171
8,Trans,NA,8089
8,Trans,NA,8088
8,Trans,NA,8053
8,Trans,NA,8001
8,Trans,NA,7937
8,Trans,NA,7898
8,Trans,NA,7897
8,Trans,NA,7879
8,Trans,NA,7878
8,Trans,NA,7868
8,Trans,NA,7772
8,Trans,NA,7672
8,Trans,NA,7636
8,Trans,NA,7637
8,Trans,NA,7621
8,Trans,NA,7579
8,Trans,NA,7533
8,Trans,NA,7532
8,Trans,NA,7539
8,Trans,NA,7518
8,Trans,NA,7375
8,Trans,NA,7374
8,Trans,NA,7292
8,Trans,NA,7291
8,Trans,NA,7338
8,Trans,NA,7339
8,Trans,NA,7370
8,Trans,NA,7398
8,Trans,NA,7399
8,Trans,NA,7417
8,Trans,NA,7419
8,Trans,NA,7420
8,Trans,NA,7454
8,Trans,NA,7504
8,Trans,NA,7371
8,Trans,NA,7407
8,Trans,NA,7406
8,Trans,NA,7265
8,Trans,NA,7266
8,Trans,NA,7207
8,Trans,NA,7157
8,Trans,NA,7110
8,Trans,NA,6990
8,Trans,NA,6573
8,Trans,NA,6572
8,Trans,NA,6447
8,Trans,NA,6234
8,Trans,NA,6294
8,Trans,NA,6295
8,Trans,NA,6211
8,Trans,NA,6025
8,Trans,NA,5905
8,Trans,NA,5906
8,Trans,NA,5832
8,Trans,NA,5833
8,Trans,NA,5541
8,Trans,NA,5414
8,Trans,NA,5412
8,Trans,NA,5345
8,Trans,NA,5174
8,Trans,NA,4886
8,Trans,NA,4701
8,Trans,NA,4596
8,Trans,NA,4630
8,Trans,NA,4631
8,Trans,NA,4795
8,Trans,NA,4905
8,Trans,NA,4961
8,Trans,NA,4962
8,Trans,NA,4991
8,Trans,NA,5008
8,Trans,NA,5007
8,Trans,NA,5017
8,Trans,NA,4981
8,Trans,NA,4868
8,End,NA,4755
28,Taxi,NA,2989
28,Trans,NA,2827
28,Trans,NA,2738
28,Trans,NA,2954
28,Trans,NA,3040
28,Trans,NA,3205
28,Trans,NA,3315
28,Trans,NA,3339
28,Trans,NA,3452
28,Trans,NA,3574
28,Trans,NA,3718
28,Trans,NA,3854
28,Trans,NA,3855
28,Trans,NA,4008
28,Trans,NA,4073
28,Trans,NA,4225
28,Trans,NA,4285
28,Trans,NA,4492
28,Trans,NA,4500
28,Trans,NA,4499
28,Trans,NA,4697
28,Trans,NA,4698
28,Trans,NA,4882
28,Trans,NA,5007
28,Trans,NA,5008
28,Trans,NA,4991
28,Trans,NA,4962
28,Trans,NA,4961
28,Trans,NA,4905
28,Trans,NA,4795
28,Trans,NA,4631
28,Trans,NA,4630
28,Trans,NA,4596
28,Trans,NA,4701
28,Trans,NA,4886
28,Trans,NA,5174
28,Trans,NA,5345
28,Trans,NA,5412
28,Trans,NA,5414
28,Trans,NA,5541
28,Trans,NA,5833
28,Trans,NA,5832
28,Trans,NA,5906
28,Trans,NA,5905
28,Trans,NA,6231
28,Trans,NA,6232
28,Trans,NA,6476
28,Trans,NA,6475
28,Trans,NA,6846
28,Trans,NA,7069
28,Trans,NA,7068
28,Trans,NA,7200
28,Trans,NA,7307
28,Trans,NA,7461
28,Trans,NA,7756
28,Trans,NA,7955
28,Trans,NA,7996
28,Trans,NA,8140
28,Trans,NA,8381
28,Trans,NA,8488
28,Trans,NA,8351
28,Trans,NA,8303
28,Trans,NA,8302
28,Start,31,8302
28,Trans,NA,8303
28,Trans,NA,8351
28,Trans,NA,8488
28,Trans,NA,8381
28,Trans,NA,8140
28,Trans,NA,7996
28,Trans,NA,7955
28,Trans,NA,7756
28,Trans,NA,7461
28,Trans,NA,7307
28,Trans,NA,7200
28,Trans,NA,7068
28,Trans,NA,7069
28,Trans,NA,6846
28,Trans,NA,6475
28,Trans,NA,6476
28,Trans,NA,6232
28,Trans,NA,6231
28,Trans,NA,5905
28,Trans,NA,5906
28,Trans,NA,5832
28,Trans,NA,5833
28,Trans,NA,5541
28,Trans,NA,5414
28,Trans,NA,5412
28,Trans,NA,5345
28,Trans,NA,5174
28,Trans,NA,4885
28,Trans,NA,4547
28,Trans,NA,4113
28,Trans,NA,4000
28,Trans,NA,3939
28,Trans,NA,3905
28,Trans,NA,3860
28,Trans,NA,3796
28,Trans,NA,3706
28,Trans,NA,3613
28,Trans,NA,3458
28,Trans,NA,3382
28,Trans,NA,3250
28,Trans,NA,3249
28,Trans,NA,3124
28,Trans,NA,2961
28,Trans,NA,2803
28,Trans,NA,2802
28,Trans,NA,2635
28,Trans,NA,2478
28,Trans,NA,2429
28,Trans,NA,2125
28,Trans,NA,2124
28,Trans,NA,1951
28,Trans,NA,1895
28,Trans,NA,1726
28,Trans,NA,1725
28,Trans,NA,1733
28,Trans,NA,1732
28,Trans,NA,1698
28,Trans,NA,1658
28,Trans,NA,1648
28,Trans,NA,1647
28,Trans,NA,1652
28,Trans,NA,1656
28,Trans,NA,1695
28,Trans,NA,1571
28,Trans,NA,1322
28,Trans,NA,1321
28,Trans,NA,844
28,Trans,NA,696
28,Trans,NA,785
28,Trans,NA,843
28,Trans,NA,841
28,Trans,NA,916
28,Trans,NA,917
28,Trans,NA,929
28,Trans,NA,1029
28,Trans,NA,1039
28,Trans,NA,1057
28,Trans,NA,1091
28,End,NA,1092
17,Taxi,NA,6244
17,Trans,NA,6243
17,Trans,NA,6305
17,Trans,NA,6337
17,Trans,NA,6816
17,Trans,NA,6949
17,Trans,NA,7028
17,Trans,NA,7027
17,Trans,NA,7161
17,Trans,NA,7299
17,Trans,NA,7298
17,Trans,NA,7422
17,Trans,NA,7417
17,Trans,NA,7702
17,Trans,NA,7861
17,Trans,NA,7886
17,Trans,NA,7887
17,Trans,NA,7917
17,Trans,NA,7941
17,Trans,NA,8020
17,Trans,NA,8037
17,Trans,NA,8036
17,Trans,NA,8054
17,Trans,NA,8079
17,Trans,NA,8080
17,Trans,NA,8587
17,Trans,NA,8585
17,Trans,NA,8628
17,Trans,NA,8627
17,Trans,NA,8658
17,Trans,NA,8743
17,Trans,NA,8777
17,Trans,NA,8846
17,Trans,NA,8887
17,Trans,NA,8954
17,Trans,NA,8955
17,Trans,NA,9023
17,Start,31,9023
17,Trans,NA,8955
17,Trans,NA,8954
17,Trans,NA,8887
17,Trans,NA,8846
17,Trans,NA,8777
17,Trans,NA,8743
17,Trans,NA,8658
17,Trans,NA,8627
17,Trans,NA,8628
17,Trans,NA,8585
17,Trans,NA,8587
17,Trans,NA,8080
17,Trans,NA,8079
17,Trans,NA,8054
17,Trans,NA,8036
17,Trans,NA,8037
17,Trans,NA,8020
17,Trans,NA,7941
17,Trans,NA,7917
17,Trans,NA,7887
17,Trans,NA,7886
17,Trans,NA,7861
17,Trans,NA,7702
17,Trans,NA,7417
17,Trans,NA,7419
17,Trans,NA,7420
17,Trans,NA,7454
17,Trans,NA,7503
17,Trans,NA,7665
17,Trans,NA,7765
17,Trans,NA,7833
17,Trans,NA,7858
17,Trans,NA,7900
17,Trans,NA,7901
17,Trans,NA,7945
17,Trans,NA,8031
17,Trans,NA,8122
17,Trans,NA,8158
17,Trans,NA,8064
17,Trans,NA,8045
17,Trans,NA,8044
17,Trans,NA,8066
17,Trans,NA,8068
17,Trans,NA,8026
17,Trans,NA,8058
17,Trans,NA,8141
17,Trans,NA,8142
17,Trans,NA,8190
17,End,NA,8194
21,Taxi,NA,3320
21,Trans,NA,3321
21,Trans,NA,3401
21,Trans,NA,3370
21,Trans,NA,3369
21,Trans,NA,3436
21,Trans,NA,3550
21,Trans,NA,3623
21,Trans,NA,3624
21,Trans,NA,3951
21,Trans,NA,3999
21,Trans,NA,4045
21,Trans,NA,4114
21,Trans,NA,4178
21,Trans,NA,4276
21,Trans,NA,4303
21,Trans,NA,4306
21,Trans,NA,4298
21,Trans,NA,4378
21,Trans,NA,4431
21,Trans,NA,4640
21,Trans,NA,4706
21,Trans,NA,4720
21,Trans,NA,4731
21,Trans,NA,4732
21,Trans,NA,4781
21,Trans,NA,4854
21,Trans,NA,4923
21,Trans,NA,4939
21,Start,32,4939
21,Trans,NA,4923
21,Trans,NA,4854
21,Trans,NA,4781
21,Trans,NA,4732
21,Trans,NA,4731
21,Trans,NA,4720
21,Trans,NA,4706
21,Trans,NA,4640
21,Trans,NA,4431
21,Trans,NA,4378
21,Trans,NA,4298
21,Trans,NA,4306
21,Trans,NA,4303
21,Trans,NA,4276
21,Trans,NA,4178
21,Trans,NA,4114
21,Trans,NA,4045
21,Trans,NA,3999
21,Trans,NA,3951
21,Trans,NA,3624
21,Trans,NA,3623
21,Trans,NA,3550
21,Trans,NA,3436
21,Trans,NA,3365
21,Trans,NA,3224
21,Trans,NA,3094
21,Trans,NA,3093
21,Trans,NA,3055
21,Trans,NA,3054
21,Trans,NA,3177
21,Trans,NA,3175
21,Trans,NA,3191
21,Trans,NA,3190
21,Trans,NA,3199
21,Trans,NA,3217
21,Trans,NA,3241
21,Trans,NA,3242
21,End,NA,3269
29,Taxi,NA,4755
29,Trans,NA,4868
29,Trans,NA,4981
29,Trans,NA,5017
29,Trans,NA,5007
29,Trans,NA,5008
29,Trans,NA,4991
29,Trans,NA,4962
29,Trans,NA,4961
29,Trans,NA,4905
29,Trans,NA,4795
29,Trans,NA,4631
29,Trans,NA,4630
29,Trans,NA,4596
29,Trans,NA,4701
29,Trans,NA,4886
29,Trans,NA,5174
29,Trans,NA,5345
29,Trans,NA,5412
29,Trans,NA,5415
29,Trans,NA,5705
29,Trans,NA,6060
29,Trans,NA,6115
29,Trans,NA,6187
29,Trans,NA,6186
29,Trans,NA,6461
29,Trans,NA,6659
29,Trans,NA,6657
29,Trans,NA,7072
29,Trans,NA,7035
29,Trans,NA,7004
29,Trans,NA,6964
29,Trans,NA,6965
29,Trans,NA,6934
29,Trans,NA,6935
29,Trans,NA,6839
29,Trans,NA,6857
29,Trans,NA,6863
29,Trans,NA,6916
29,Trans,NA,6917
29,Trans,NA,6919
29,Trans,NA,6887
29,Start,32,6887
29,Trans,NA,6919
29,Trans,NA,6917
29,Trans,NA,6916
29,Trans,NA,6863
29,Trans,NA,6857
29,Trans,NA,6839
29,Trans,NA,6935
29,Trans,NA,6934
29,Trans,NA,6965
29,Trans,NA,6964
29,Trans,NA,7004
29,Trans,NA,7035
29,Trans,NA,7072
29,Trans,NA,6657
29,Trans,NA,6659
29,Trans,NA,6461
29,Trans,NA,6186
29,Trans,NA,6187
29,Trans,NA,6115
29,Trans,NA,6060
29,Trans,NA,5705
29,Trans,NA,5415
29,Trans,NA,5412
29,Trans,NA,5345
29,Trans,NA,5174
29,Trans,NA,4885
29,Trans,NA,4547
29,Trans,NA,4113
29,Trans,NA,4000
29,Trans,NA,3939
29,Trans,NA,3905
29,Trans,NA,3860
29,Trans,NA,3796
29,Trans,NA,3706
29,Trans,NA,3613
29,Trans,NA,3458
29,Trans,NA,3382
29,Trans,NA,3250
29,Trans,NA,3249
29,Trans,NA,3124
29,Trans,NA,2961
29,Trans,NA,2803
29,Trans,NA,2802
29,Trans,NA,2635
29,Trans,NA,2478
29,Trans,NA,2429
29,Trans,NA,2125
29,Trans,NA,2124
29,Trans,NA,1951
29,Trans,NA,1895
29,Trans,NA,1726
29,Trans,NA,1725
29,Trans,NA,1733
29,Trans,NA,1732
29,Trans,NA,1698
29,Trans,NA,1658
29,Trans,NA,1648
29,Trans,NA,1647
29,Trans,NA,1652
29,Trans,NA,1656
29,Trans,NA,1695
29,Trans,NA,1571
29,Trans,NA,1322
29,Trans,NA,1321
29,Trans,NA,969
29,Trans,NA,970
29,Trans,NA,1132
29,End,NA,1160
38,Taxi,NA,8194
38,Trans,NA,8190
38,Trans,NA,8142
38,Trans,NA,8141
38,Trans,NA,8058
38,Trans,NA,8006
38,Trans,NA,7952
38,Trans,NA,7880
38,Trans,NA,7754
38,Trans,NA,7598
38,Trans,NA,7498
38,Trans,NA,7499
38,Trans,NA,7495
38,Trans,NA,7616
38,Trans,NA,7562
38,Trans,NA,7459
38,Trans,NA,7307
38,Trans,NA,7200
38,Trans,NA,7068
38,Trans,NA,6972
38,Trans,NA,7089
38,Trans,NA,7213
38,Start,32,7213
38,Trans,NA,7089
38,Trans,NA,6972
38,Trans,NA,7069
38,Trans,NA,6784
38,Trans,NA,6708
38,Trans,NA,6631
38,Trans,NA,6571
38,Trans,NA,6573
38,Trans,NA,6990
38,Trans,NA,7110
38,Trans,NA,7157
38,Trans,NA,7207
38,Trans,NA,7266
38,Trans,NA,7265
38,Trans,NA,7406
38,Trans,NA,7407
38,Trans,NA,7371
38,Trans,NA,7504
38,Trans,NA,7454
38,Trans,NA,7420
38,Trans,NA,7382
38,Trans,NA,7387
38,Trans,NA,7298
38,Trans,NA,7299
38,Trans,NA,7161
38,Trans,NA,7027
38,Trans,NA,7028
38,Trans,NA,6949
38,Trans,NA,6896
38,Trans,NA,6953
38,Trans,NA,6958
38,Trans,NA,6984
38,Trans,NA,6625
38,Trans,NA,6624
38,Trans,NA,6480
38,Trans,NA,6268
38,Trans,NA,6048
38,Trans,NA,5348
38,Trans,NA,5347
38,Trans,NA,5152
38,Trans,NA,4947
38,Trans,NA,4538
38,Trans,NA,4362
38,Trans,NA,4235
38,Trans,NA,4173
38,Trans,NA,4155
38,Trans,NA,4025
38,Trans,NA,3804
38,Trans,NA,3640
38,Trans,NA,3491
38,Trans,NA,3385
38,Trans,NA,3314
38,Trans,NA,3001
38,Trans,NA,2887
38,Trans,NA,2576
38,Trans,NA,2523
38,Trans,NA,2484
38,Trans,NA,2455
38,Trans,NA,2489
38,Trans,NA,2465
38,Trans,NA,2463
38,Trans,NA,2458
38,Trans,NA,2312
38,Trans,NA,2311
38,Trans,NA,2256
38,Trans,NA,2252
38,Trans,NA,2277
38,Trans,NA,2278
38,Trans,NA,2177
38,Trans,NA,2145
38,Trans,NA,2143
38,Trans,NA,1946
38,End,NA,1947
42,Taxi,NA,4506
42,Trans,NA,4468
42,Trans,NA,4420
42,Trans,NA,4419
42,Trans,NA,4433
42,Trans,NA,4415
42,Trans,NA,4491
42,Trans,NA,4500
42,Trans,NA,4499
42,Trans,NA,4697
42,Trans,NA,4698
42,Trans,NA,4882
42,Trans,NA,5007
42,Trans,NA,5008
42,Trans,NA,4991
42,Trans,NA,4962
42,Trans,NA,4961
42,Trans,NA,4905
42,Trans,NA,4795
42,Trans,NA,4631
42,Trans,NA,4630
42,Trans,NA,4596
42,Trans,NA,4701
42,Trans,NA,4886
42,Trans,NA,5174
42,Trans,NA,5345
42,Trans,NA,5412
42,Trans,NA,5415
42,Trans,NA,5705
42,Trans,NA,6060
42,Trans,NA,6115
42,Trans,NA,6187
42,Trans,NA,6186
42,Trans,NA,6461
42,Trans,NA,6462
42,Trans,NA,6424
42,Trans,NA,6411
42,Start,33,6411
42,Trans,NA,6424
42,Trans,NA,6462
42,Trans,NA,6461
42,Trans,NA,6186
42,Trans,NA,6187
42,Trans,NA,6115
42,Trans,NA,6060
42,Trans,NA,5705
42,Trans,NA,5415
42,Trans,NA,5412
42,Trans,NA,5345
42,Trans,NA,5174
42,Trans,NA,4885
42,Trans,NA,4547
42,Trans,NA,4113
42,Trans,NA,4000
42,Trans,NA,3939
42,Trans,NA,3905
42,Trans,NA,3860
42,Trans,NA,3796
42,Trans,NA,3706
42,Trans,NA,3613
42,Trans,NA,3458
42,Trans,NA,3382
42,Trans,NA,3250
42,Trans,NA,3249
42,Trans,NA,3124
42,Trans,NA,2961
42,Trans,NA,2803
42,Trans,NA,2802
42,Trans,NA,2635
42,Trans,NA,2478
42,Trans,NA,2429
42,Trans,NA,2275
42,Trans,NA,2364
42,Trans,NA,2373
42,Trans,NA,2374
42,Trans,NA,2386
42,Trans,NA,2401
42,Trans,NA,2414
42,Trans,NA,2413
42,Trans,NA,2432
42,Trans,NA,2447
42,Trans,NA,2471
42,Trans,NA,2514
42,Trans,NA,2546
42,Trans,NA,2547
42,Trans,NA,2577
42,Trans,NA,2705
42,Trans,NA,2806
42,Trans,NA,2835
42,Trans,NA,3002
42,Trans,NA,3001
42,Trans,NA,2887
42,Trans,NA,2576
42,Trans,NA,2523
42,Trans,NA,2484
42,Trans,NA,2455
42,Trans,NA,2489
42,Trans,NA,2465
42,Trans,NA,2463
42,Trans,NA,2458
42,Trans,NA,2312
42,Trans,NA,2311
42,Trans,NA,2256
42,Trans,NA,2252
42,Trans,NA,2277
42,Trans,NA,2278
42,Trans,NA,2177
42,Trans,NA,2145
42,Trans,NA,2143
42,Trans,NA,2049
42,Trans,NA,2481
42,Trans,NA,2561
42,Trans,NA,2636
42,Trans,NA,2637
42,Trans,NA,2942
42,Trans,NA,2943
42,Trans,NA,2974
42,Trans,NA,3146
42,Trans,NA,3216
42,Trans,NA,3379
42,Trans,NA,3415
42,Trans,NA,3626
42,Trans,NA,3760
42,Trans,NA,3761
42,End,NA,3954
3,Taxi,NA,6212
3,Trans,NA,6275
3,Trans,NA,6274
3,Trans,NA,6298
3,Trans,NA,6328
3,Trans,NA,6369
3,Trans,NA,6382
3,Trans,NA,6412
3,Start,33,6435
3,Trans,NA,6479
3,Trans,NA,6478
3,Trans,NA,6496
3,Trans,NA,6566
3,Trans,NA,6617
3,Trans,NA,6652
3,Trans,NA,6651
3,Trans,NA,6779
3,Trans,NA,6778
3,Trans,NA,6982
3,Trans,NA,6981
3,Trans,NA,7156
3,Trans,NA,7155
3,Trans,NA,7275
3,Trans,NA,7292
3,Trans,NA,7291
3,Trans,NA,7338
3,Trans,NA,7339
3,Trans,NA,7370
3,Trans,NA,7398
3,Trans,NA,7399
3,Trans,NA,7417
3,Trans,NA,7419
3,Trans,NA,7420
3,Trans,NA,7454
3,Trans,NA,7504
3,Trans,NA,7371
3,Trans,NA,7407
3,Trans,NA,7406
3,Trans,NA,7265
3,Trans,NA,7266
3,Trans,NA,7207
3,Trans,NA,7157
3,Trans,NA,7110
3,Trans,NA,6990
3,Trans,NA,6573
3,Trans,NA,6572
3,Trans,NA,6447
3,Trans,NA,6234
3,Trans,NA,6294
3,Trans,NA,6295
3,Trans,NA,6211
3,Trans,NA,6025
3,Trans,NA,5905
3,Trans,NA,5906
3,Trans,NA,5674
3,Trans,NA,5445
3,Trans,NA,5444
3,Trans,NA,5318
3,Trans,NA,5317
3,Trans,NA,5160
3,Trans,NA,5240
3,Trans,NA,5297
3,Trans,NA,5298
3,Trans,NA,5247
3,Trans,NA,5248
3,Trans,NA,5192
3,Trans,NA,5162
3,Trans,NA,5122
3,Trans,NA,5075
3,End,NA,5021
32,Taxi,NA,4338
32,Trans,NA,4339
32,Trans,NA,4355
32,Trans,NA,4340
32,Trans,NA,4480
32,Trans,NA,4463
32,Trans,NA,4455
32,Trans,NA,4452
32,Trans,NA,4428
32,Trans,NA,4425
32,Trans,NA,4409
32,Trans,NA,4413
32,Trans,NA,4448
32,Trans,NA,4449
32,Trans,NA,4538
32,Trans,NA,4362
32,Trans,NA,4235
32,Trans,NA,4173
32,Trans,NA,4155
32,Trans,NA,4025
32,Trans,NA,3804
32,Trans,NA,3640
32,Trans,NA,3491
32,Trans,NA,3385
32,Trans,NA,3314
32,Trans,NA,3002
32,Trans,NA,2835
32,Trans,NA,2806
32,Trans,NA,2705
32,Trans,NA,2577
32,Trans,NA,2547
32,Trans,NA,2546
32,Trans,NA,2514
32,Trans,NA,2471
32,Trans,NA,2447
32,Trans,NA,2354
32,Trans,NA,2283
32,Trans,NA,2229
32,Trans,NA,2284
32,Trans,NA,2286
32,Trans,NA,2194
32,Trans,NA,2165
32,Trans,NA,2119
32,Trans,NA,2100
32,Trans,NA,2054
32,Trans,NA,2027
32,Trans,NA,2026
32,Trans,NA,2066
32,Start,33,2066
32,Trans,NA,2026
32,Trans,NA,2027
32,Trans,NA,2054
32,Trans,NA,2100
32,Trans,NA,2119
32,Trans,NA,2165
32,Trans,NA,2194
32,Trans,NA,2286
32,Trans,NA,2284
32,Trans,NA,2229
32,Trans,NA,2283
32,Trans,NA,2354
32,Trans,NA,2432
32,Trans,NA,2413
32,Trans,NA,2414
32,Trans,NA,2401
32,Trans,NA,2386
32,Trans,NA,2374
32,Trans,NA,2373
32,Trans,NA,2364
32,Trans,NA,2275
32,Trans,NA,2429
32,Trans,NA,2478
32,Trans,NA,2635
32,Trans,NA,2802
32,Trans,NA,2803
32,Trans,NA,2961
32,Trans,NA,3124
32,Trans,NA,3249
32,Trans,NA,3250
32,Trans,NA,3382
32,Trans,NA,3458
32,Trans,NA,3613
32,Trans,NA,3706
32,Trans,NA,3796
32,Trans,NA,3860
32,Trans,NA,3905
32,Trans,NA,3939
32,Trans,NA,4000
32,Trans,NA,4113
32,Trans,NA,4547
32,Trans,NA,4885
32,Trans,NA,5275
32,Trans,NA,5491
32,Trans,NA,5876
32,Trans,NA,6061
32,Trans,NA,6548
32,Trans,NA,7164
32,Trans,NA,7165
32,Trans,NA,7469
32,Trans,NA,7746
32,Trans,NA,7980
32,Trans,NA,8139
32,Trans,NA,8377
32,Trans,NA,8594
32,Trans,NA,8732
32,Trans,NA,8862
32,Trans,NA,9141
32,Trans,NA,9142
32,Trans,NA,9322
32,Trans,NA,9494
32,Trans,NA,9575
32,Trans,NA,9606
32,Trans,NA,9607
32,Trans,NA,9699
32,Trans,NA,10090
32,Trans,NA,10166
32,Trans,NA,10246
32,Trans,NA,10245
32,Trans,NA,10296
32,Trans,NA,10324
32,Trans,NA,10523
32,Trans,NA,10486
32,Trans,NA,10487
32,Trans,NA,10409
32,Trans,NA,10410
32,Trans,NA,10411
32,Trans,NA,10447
32,Trans,NA,10522
32,Trans,NA,10679
32,Trans,NA,10779
32,Trans,NA,10835
32,Trans,NA,10874
32,Trans,NA,10875
32,Trans,NA,10923
32,Trans,NA,10922
32,Trans,NA,10980
32,Trans,NA,10988
32,Trans,NA,11067
32,Trans,NA,11029
32,Trans,NA,11028
32,Trans,NA,10983
32,Trans,NA,10976
32,Trans,NA,10971
32,End,NA,10985
9,Taxi,NA,101
9,Trans,NA,57
9,Trans,NA,66
9,Trans,NA,65
9,Trans,NA,84
9,Trans,NA,37
9,Trans,NA,52
9,Trans,NA,58
9,Trans,NA,63
9,Trans,NA,64
9,Trans,NA,104
9,Trans,NA,132
9,Trans,NA,133
9,Trans,NA,182
9,Trans,NA,181
9,Trans,NA,162
9,Trans,NA,204
9,Trans,NA,203
9,Trans,NA,232
9,Trans,NA,233
9,Trans,NA,252
9,Trans,NA,262
9,Trans,NA,270
9,Trans,NA,261
9,Trans,NA,260
9,Trans,NA,273
9,Start,34,273
9,Trans,NA,260
9,Trans,NA,261
9,Trans,NA,274
9,Trans,NA,289
9,Trans,NA,297
9,Trans,NA,310
9,Trans,NA,322
9,Trans,NA,332
9,Trans,NA,341
9,Trans,NA,384
9,Trans,NA,425
9,Trans,NA,424
9,Trans,NA,449
9,Trans,NA,471
9,Trans,NA,505
9,Trans,NA,523
9,Trans,NA,551
9,Trans,NA,582
9,Trans,NA,619
9,Trans,NA,672
9,Trans,NA,680
9,Trans,NA,674
9,Trans,NA,673
9,Trans,NA,675
9,Trans,NA,677
9,Trans,NA,662
9,Trans,NA,661
9,Trans,NA,650
9,Trans,NA,603
9,Trans,NA,602
9,Trans,NA,596
9,Trans,NA,586
9,Trans,NA,697
9,Trans,NA,844
9,Trans,NA,1321
9,Trans,NA,1322
9,Trans,NA,1571
9,Trans,NA,1695
9,Trans,NA,1809
9,Trans,NA,1869
9,Trans,NA,1870
9,Trans,NA,1927
9,Trans,NA,1966
9,Trans,NA,1999
9,Trans,NA,2060
9,Trans,NA,2059
9,Trans,NA,2195
9,Trans,NA,2222
9,Trans,NA,2223
9,Trans,NA,2283
9,Trans,NA,2354
9,Trans,NA,2447
9,Trans,NA,2471
9,Trans,NA,2514
9,Trans,NA,2546
9,Trans,NA,2547
9,Trans,NA,2577
9,Trans,NA,2705
9,Trans,NA,2806
9,Trans,NA,2835
9,Trans,NA,3002
9,Trans,NA,3314
9,Trans,NA,3385
9,Trans,NA,3491
9,Trans,NA,3640
9,Trans,NA,3804
9,Trans,NA,4025
9,Trans,NA,4155
9,Trans,NA,4173
9,Trans,NA,4235
9,Trans,NA,4362
9,Trans,NA,4538
9,Trans,NA,4947
9,Trans,NA,5152
9,Trans,NA,5347
9,Trans,NA,5348
9,Trans,NA,5787
9,Trans,NA,5795
9,Trans,NA,5829
9,Trans,NA,5802
9,End,NA,6072
35,Taxi,NA,9914
35,Trans,NA,9929
35,Trans,NA,9931
35,Trans,NA,9979
35,Trans,NA,9980
35,Trans,NA,9930
35,Trans,NA,9850
35,Trans,NA,9851
35,Trans,NA,9833
35,Trans,NA,9806
35,Trans,NA,9818
35,Trans,NA,9783
35,Trans,NA,9751
35,Trans,NA,9898
35,Trans,NA,9897
35,Trans,NA,10013
35,Trans,NA,10059
35,Trans,NA,10127
35,Trans,NA,10126
35,Trans,NA,10099
35,Trans,NA,10071
35,Trans,NA,10063
35,Trans,NA,10055
35,Trans,NA,10082
35,Trans,NA,10102
35,Trans,NA,10101
35,Start,35,10101
35,Trans,NA,10102
35,Trans,NA,10082
35,Trans,NA,10055
35,Trans,NA,10063
35,Trans,NA,10071
35,Trans,NA,10099
35,Trans,NA,10126
35,Trans,NA,10127
35,Trans,NA,10059
35,Trans,NA,10013
35,Trans,NA,9897
35,Trans,NA,9898
35,Trans,NA,9750
35,Trans,NA,9653
35,Trans,NA,9592
35,Trans,NA,9550
35,Trans,NA,9548
35,Trans,NA,9503
35,Trans,NA,9505
35,Trans,NA,9472
35,Trans,NA,9441
35,Trans,NA,9432
35,Trans,NA,9425
35,Trans,NA,9426
35,Trans,NA,9403
35,Trans,NA,9377
35,Trans,NA,9295
35,Trans,NA,9202
35,Trans,NA,9203
35,Trans,NA,9053
35,Trans,NA,9052
35,Trans,NA,8913
35,Trans,NA,8863
35,Trans,NA,8800
35,Trans,NA,8754
35,Trans,NA,8756
35,Trans,NA,8655
35,Trans,NA,8657
35,Trans,NA,8627
35,Trans,NA,8628
35,Trans,NA,8585
35,Trans,NA,8584
35,Trans,NA,9094
35,Trans,NA,9411
35,Trans,NA,9413
35,Trans,NA,9363
35,Trans,NA,9308
35,Trans,NA,9407
35,Trans,NA,9569
35,Trans,NA,9598
35,Trans,NA,9696
35,Trans,NA,9697
35,Trans,NA,9758
35,Trans,NA,9937
35,Trans,NA,9957
35,Trans,NA,10058
35,Trans,NA,10057
35,Trans,NA,10188
35,Trans,NA,10190
35,Trans,NA,10191
35,Trans,NA,10124
35,Trans,NA,10154
35,Trans,NA,10155
35,Trans,NA,10167
35,Trans,NA,10137
35,Trans,NA,10081
35,Trans,NA,10054
35,Trans,NA,10014
35,Trans,NA,9999
35,Trans,NA,9998
35,Trans,NA,9913
35,Trans,NA,9776
35,Trans,NA,9677
35,Trans,NA,9678
35,Trans,NA,9571
35,End,NA,9387
34,Taxi,NA,1161
34,Trans,NA,1169
34,Trans,NA,1193
34,Trans,NA,1202
34,Trans,NA,1224
34,Trans,NA,1223
34,Trans,NA,1239
34,Trans,NA,1231
34,Trans,NA,1196
34,Trans,NA,1182
34,Trans,NA,1173
34,Trans,NA,1172
34,Trans,NA,1167
34,Trans,NA,1157
34,Trans,NA,1106
34,Start,35,1106
34,Trans,NA,1157
34,Trans,NA,1167
34,Trans,NA,1172
34,Trans,NA,1173
34,Trans,NA,1182
34,Trans,NA,1196
34,Trans,NA,1233
34,Trans,NA,1259
34,Trans,NA,1307
34,Trans,NA,1370
34,Trans,NA,1456
34,Trans,NA,1619
34,Trans,NA,1620
34,Trans,NA,1765
34,Trans,NA,1918
34,Trans,NA,1926
34,Trans,NA,1949
34,Trans,NA,1950
34,Trans,NA,2028
34,Trans,NA,2076
34,Trans,NA,2144
34,Trans,NA,2143
34,Trans,NA,2049
34,Trans,NA,2481
34,Trans,NA,2561
34,Trans,NA,2636
34,Trans,NA,2637
34,Trans,NA,2942
34,Trans,NA,2943
34,Trans,NA,2974
34,Trans,NA,3146
34,Trans,NA,3216
34,Trans,NA,3379
34,Trans,NA,3378
34,Trans,NA,3821
34,Trans,NA,3960
34,Trans,NA,4070
34,Trans,NA,4185
34,Trans,NA,4323
34,Trans,NA,4324
34,Trans,NA,4326
34,Trans,NA,4375
34,Trans,NA,4374
34,Trans,NA,4402
34,Trans,NA,4552
34,Trans,NA,4650
34,Trans,NA,4651
34,Trans,NA,4896
34,Trans,NA,4895
34,Trans,NA,4879
34,Trans,NA,4894
34,Trans,NA,4893
34,Trans,NA,4851
34,Trans,NA,4834
34,Trans,NA,4833
34,Trans,NA,4732
34,Trans,NA,4731
34,Trans,NA,4720
34,Trans,NA,4707
34,Trans,NA,4710
34,Trans,NA,4709
34,Trans,NA,4745
34,Trans,NA,4797
34,Trans,NA,4938
34,Trans,NA,5078
34,Trans,NA,5086
34,Trans,NA,5087
34,Trans,NA,5196
34,Trans,NA,5265
34,Trans,NA,5339
34,End,NA,5471
1,Taxi,NA,5435
1,Trans,NA,5139
1,Trans,NA,5140
1,Trans,NA,4890
1,Trans,NA,4865
1,Trans,NA,4864
1,Trans,NA,4576
1,Trans,NA,4536
1,Trans,NA,4498
1,Trans,NA,4479
1,Trans,NA,4463
1,Trans,NA,4455
1,Trans,NA,4452
1,Trans,NA,4428
1,Trans,NA,4425
1,Trans,NA,4409
1,Trans,NA,4413
1,Trans,NA,4448
1,Trans,NA,4449
1,Trans,NA,4947
1,Trans,NA,5152
1,Trans,NA,5347
1,Trans,NA,5348
1,Trans,NA,6048
1,Trans,NA,6268
1,Trans,NA,6480
1,Trans,NA,6624
1,Trans,NA,6625
1,Trans,NA,6984
1,Trans,NA,6958
1,Trans,NA,6953
1,Trans,NA,6896
1,Trans,NA,6949
1,Trans,NA,7028
1,Trans,NA,7027
1,Trans,NA,7161
1,Trans,NA,7299
1,Trans,NA,7298
1,Trans,NA,7387
1,Trans,NA,7382
1,Trans,NA,7420
1,Trans,NA,7454
1,Trans,NA,7503
1,Trans,NA,7665
1,Trans,NA,7765
1,Trans,NA,7763
1,Trans,NA,7691
1,Start,37,7691
1,Trans,NA,7763
1,Trans,NA,7765
1,Trans,NA,7665
1,Trans,NA,7503
1,Trans,NA,7454
1,Trans,NA,7420
1,Trans,NA,7382
1,Trans,NA,7387
1,Trans,NA,7298
1,Trans,NA,7299
1,Trans,NA,7161
1,Trans,NA,7027
1,Trans,NA,7028
1,Trans,NA,6949
1,Trans,NA,6896
1,Trans,NA,6953
1,Trans,NA,6958
1,Trans,NA,6984
1,Trans,NA,6625
1,Trans,NA,6624
1,Trans,NA,6480
1,Trans,NA,6268
1,Trans,NA,6048
1,Trans,NA,5348
1,Trans,NA,5347
1,Trans,NA,5152
1,Trans,NA,4947
1,Trans,NA,4538
1,Trans,NA,4362
1,Trans,NA,4235
1,Trans,NA,4173
1,Trans,NA,4155
1,Trans,NA,4025
1,Trans,NA,3804
1,Trans,NA,3640
1,Trans,NA,3491
1,Trans,NA,3385
1,Trans,NA,3314
1,Trans,NA,3002
1,Trans,NA,2835
1,Trans,NA,2806
1,Trans,NA,2705
1,Trans,NA,2577
1,Trans,NA,2547
1,Trans,NA,2546
1,Trans,NA,2514
1,Trans,NA,2471
1,Trans,NA,2447
1,Trans,NA,2354
1,Trans,NA,2283
1,Trans,NA,2223
1,Trans,NA,2222
1,Trans,NA,2195
1,Trans,NA,2059
1,Trans,NA,2060
1,Trans,NA,1999
1,Trans,NA,1966
1,Trans,NA,1927
1,Trans,NA,1858
1,Trans,NA,1859
1,Trans,NA,1776
1,Trans,NA,1775
1,Trans,NA,1735
1,Trans,NA,1734
1,Trans,NA,1730
1,Trans,NA,1651
1,Trans,NA,1638
1,End,NA,1639
40,Taxi,NA,3390
40,Trans,NA,3426
40,Trans,NA,3427
40,Trans,NA,3331
40,Trans,NA,3274
40,Trans,NA,3275
40,Trans,NA,3229
40,Trans,NA,3180
40,Trans,NA,3117
40,Trans,NA,3057
40,Trans,NA,3046
40,Trans,NA,2969
40,Trans,NA,2940
40,Trans,NA,2908
40,Trans,NA,2878
40,Trans,NA,2838
40,Trans,NA,2817
40,Trans,NA,2816
40,Trans,NA,2759
40,Trans,NA,2708
40,Trans,NA,2670
40,Trans,NA,2622
40,Trans,NA,2623
40,Trans,NA,2580
40,Trans,NA,2568
40,Trans,NA,2621
40,Trans,NA,2673
40,Trans,NA,2741
40,Trans,NA,2740
40,Trans,NA,2742
40,Trans,NA,2752
40,Trans,NA,2753
40,Trans,NA,2766
40,Start,37,2766
40,Trans,NA,2753
40,Trans,NA,2752
40,Trans,NA,2742
40,Trans,NA,2740
40,Trans,NA,2741
40,Trans,NA,2673
40,Trans,NA,2621
40,Trans,NA,2568
40,Trans,NA,2580
40,Trans,NA,2623
40,Trans,NA,2622
40,Trans,NA,2634
40,Trans,NA,2633
40,Trans,NA,2642
40,Trans,NA,2639
40,Trans,NA,2682
40,Trans,NA,2683
40,Trans,NA,2700
40,Trans,NA,2716
40,Trans,NA,2747
40,Trans,NA,2875
40,Trans,NA,2906
40,Trans,NA,2626
40,Trans,NA,2554
40,Trans,NA,2472
40,Trans,NA,2473
40,Trans,NA,2398
40,Trans,NA,2303
40,Trans,NA,2276
40,Trans,NA,2277
40,Trans,NA,2252
40,Trans,NA,2256
40,Trans,NA,2311
40,Trans,NA,2312
40,Trans,NA,2458
40,Trans,NA,2463
40,Trans,NA,2465
40,Trans,NA,2489
40,Trans,NA,2455
40,Trans,NA,2484
40,Trans,NA,2523
40,Trans,NA,2576
40,Trans,NA,2887
40,Trans,NA,3001
40,Trans,NA,3314
40,Trans,NA,3385
40,Trans,NA,3491
40,Trans,NA,3640
40,Trans,NA,3804
40,Trans,NA,4025
40,Trans,NA,4155
40,Trans,NA,4173
40,Trans,NA,4235
40,Trans,NA,4362
40,Trans,NA,4538
40,Trans,NA,4947
40,Trans,NA,5152
40,Trans,NA,5347
40,Trans,NA,5407
40,Trans,NA,5433
40,Trans,NA,5474
40,Trans,NA,5529
40,Trans,NA,5528
40,Trans,NA,5693
40,Trans,NA,5692
40,Trans,NA,5757
40,Trans,NA,5925
40,Trans,NA,6022
40,Trans,NA,6024
40,Trans,NA,6019
40,Trans,NA,5979
40,Trans,NA,5978
40,End,NA,5879
24,Taxi,NA,1947
24,Trans,NA,1946
24,Trans,NA,2143
24,Trans,NA,2187
24,Trans,NA,2193
24,Start,38,2193
24,Trans,NA,2187
24,Trans,NA,2143
24,Trans,NA,2049
24,Trans,NA,2481
24,Trans,NA,2561
24,Trans,NA,2636
24,Trans,NA,2637
24,Trans,NA,2942
24,Trans,NA,2943
24,Trans,NA,2974
24,Trans,NA,3146
24,Trans,NA,3216
24,Trans,NA,3379
24,Trans,NA,3378
24,Trans,NA,3821
24,Trans,NA,3960
24,Trans,NA,4070
24,Trans,NA,4185
24,Trans,NA,4323
24,Trans,NA,4324
24,Trans,NA,4326
24,Trans,NA,4375
24,Trans,NA,4374
24,Trans,NA,4402
24,Trans,NA,4552
24,Trans,NA,4650
24,Trans,NA,4651
24,Trans,NA,4896
24,Trans,NA,4895
24,Trans,NA,4878
24,Trans,NA,4827
24,Trans,NA,4694
24,Trans,NA,4481
24,Trans,NA,4289
24,End,NA,4119
30,Taxi,NA,3847
30,Trans,NA,3882
30,Trans,NA,3761
30,Trans,NA,3760
30,Trans,NA,3626
30,Trans,NA,3415
30,Trans,NA,3378
30,Trans,NA,3821
30,Trans,NA,3960
30,Trans,NA,4070
30,Trans,NA,4185
30,Trans,NA,4323
30,Trans,NA,4322
30,Trans,NA,4704
30,Trans,NA,4730
30,Trans,NA,4844
30,Trans,NA,5148
30,Trans,NA,5316
30,Trans,NA,5527
30,Trans,NA,5600
30,Trans,NA,5601
30,Trans,NA,5695
30,Trans,NA,5709
30,Trans,NA,5756
30,Trans,NA,5817
30,Trans,NA,5818
30,Trans,NA,5908
30,Trans,NA,6255
30,Trans,NA,6254
30,Trans,NA,6612
30,Trans,NA,7030
30,Trans,NA,6867
30,Trans,NA,6602
30,Trans,NA,6785
30,Trans,NA,6786
30,Trans,NA,6924
30,Trans,NA,6925
30,Trans,NA,6715
30,Trans,NA,6643
30,Trans,NA,6537
30,Trans,NA,6505
30,Trans,NA,6483
30,Trans,NA,6428
30,Trans,NA,6427
30,Trans,NA,6599
30,Trans,NA,6703
30,Trans,NA,6704
30,Trans,NA,6980
30,Trans,NA,6979
30,Trans,NA,7231
30,Trans,NA,7232
30,Trans,NA,7191
30,Trans,NA,7125
30,Trans,NA,7077
30,Trans,NA,7078
30,Trans,NA,7241
30,Trans,NA,7242
30,Trans,NA,7485
30,Trans,NA,7603
30,Trans,NA,7659
30,Trans,NA,7743
30,Trans,NA,7796
30,Trans,NA,7822
30,Trans,NA,7821
30,Trans,NA,7801
30,Trans,NA,7766
30,Start,38,7766
30,Trans,NA,7801
30,Trans,NA,7821
30,Trans,NA,7822
30,Trans,NA,7796
30,Trans,NA,7743
30,Trans,NA,7659
30,Trans,NA,7603
30,Trans,NA,7485
30,Trans,NA,7242
30,Trans,NA,7241
30,Trans,NA,7078
30,Trans,NA,7077
30,Trans,NA,7125
30,Trans,NA,7191
30,Trans,NA,7232
30,Trans,NA,7231
30,Trans,NA,6979
30,Trans,NA,6980
30,Trans,NA,6704
30,Trans,NA,6703
30,Trans,NA,6599
30,Trans,NA,6427
30,Trans,NA,6428
30,Trans,NA,6483
30,Trans,NA,6505
30,Trans,NA,6537
30,Trans,NA,6643
30,Trans,NA,6715
30,Trans,NA,6925
30,Trans,NA,6924
30,Trans,NA,6786
30,Trans,NA,6785
30,Trans,NA,6602
30,Trans,NA,6867
30,Trans,NA,7030
30,Trans,NA,6612
30,Trans,NA,6254
30,Trans,NA,6255
30,Trans,NA,5908
30,Trans,NA,5818
30,Trans,NA,5817
30,Trans,NA,5756
30,Trans,NA,5709
30,Trans,NA,5695
30,Trans,NA,5601
30,Trans,NA,5600
30,Trans,NA,5527
30,Trans,NA,5316
30,Trans,NA,5148
30,Trans,NA,4844
30,Trans,NA,4730
30,Trans,NA,4704
30,Trans,NA,4322
30,Trans,NA,4323
30,Trans,NA,4185
30,Trans,NA,4070
30,Trans,NA,3960
30,Trans,NA,3821
30,Trans,NA,3378
30,Trans,NA,3379
30,Trans,NA,3216
30,Trans,NA,3146
30,Trans,NA,3183
30,Trans,NA,3296
30,Trans,NA,3295
30,Trans,NA,3343
30,Trans,NA,3342
30,Trans,NA,3369
30,Trans,NA,3370
30,Trans,NA,3401
30,Trans,NA,3321
30,End,NA,3320
37,Taxi,NA,7583
37,Trans,NA,7668
37,Trans,NA,7669
37,Trans,NA,7758
37,Trans,NA,7786
37,Trans,NA,7785
37,Trans,NA,7806
37,Trans,NA,7841
37,Trans,NA,7844
37,Start,39,7844
37,Trans,NA,7841
37,Trans,NA,7806
37,Trans,NA,7785
37,Trans,NA,7770
37,Trans,NA,7618
37,Trans,NA,7619
37,Trans,NA,7366
37,Trans,NA,7367
37,Trans,NA,7247
37,Trans,NA,7022
37,Trans,NA,6869
37,Trans,NA,6733
37,Trans,NA,6751
37,Trans,NA,6847
37,Trans,NA,6784
37,Trans,NA,6708
37,Trans,NA,6631
37,Trans,NA,6571
37,Trans,NA,6573
37,Trans,NA,6990
37,Trans,NA,7110
37,Trans,NA,7157
37,Trans,NA,7207
37,Trans,NA,7266
37,Trans,NA,7265
37,Trans,NA,7406
37,Trans,NA,7407
37,Trans,NA,7371
37,Trans,NA,7504
37,Trans,NA,7454
37,Trans,NA,7420
37,Trans,NA,7382
37,Trans,NA,7387
37,Trans,NA,7298
37,Trans,NA,7299
37,Trans,NA,7161
37,Trans,NA,7027
37,Trans,NA,7028
37,Trans,NA,6949
37,Trans,NA,6896
37,Trans,NA,6953
37,Trans,NA,6958
37,Trans,NA,6984
37,Trans,NA,6625
37,Trans,NA,6624
37,Trans,NA,6480
37,Trans,NA,6268
37,Trans,NA,6048
37,Trans,NA,5348
37,Trans,NA,5347
37,Trans,NA,5152
37,Trans,NA,4947
37,Trans,NA,4449
37,Trans,NA,4448
37,Trans,NA,4413
37,Trans,NA,4409
37,Trans,NA,4425
37,Trans,NA,4428
37,Trans,NA,4452
37,Trans,NA,4455
37,Trans,NA,4463
37,Trans,NA,4480
37,Trans,NA,4340
37,Trans,NA,4355
37,Trans,NA,4339
37,End,NA,4338
7,Taxi,NA,2691
7,Trans,NA,2906
7,Trans,NA,2875
7,Trans,NA,2747
7,Trans,NA,2716
7,Trans,NA,2700
7,Trans,NA,2683
7,Trans,NA,2682
7,Trans,NA,2639
7,Trans,NA,2642
7,Trans,NA,2633
7,Trans,NA,2634
7,Start,39,2634
7,Trans,NA,2633
7,Trans,NA,2642
7,Trans,NA,2639
7,Trans,NA,2682
7,Trans,NA,2683
7,Trans,NA,2700
7,Trans,NA,2716
7,Trans,NA,2747
7,Trans,NA,2875
7,Trans,NA,2906
7,Trans,NA,2626
7,Trans,NA,2606
7,Trans,NA,2607
7,Trans,NA,2643
7,Trans,NA,2731
7,Trans,NA,2754
7,Trans,NA,2942
7,Trans,NA,2943
7,Trans,NA,2974
7,Trans,NA,3146
7,Trans,NA,3216
7,Trans,NA,3379
7,Trans,NA,3415
7,Trans,NA,3626
7,Trans,NA,3760
7,Trans,NA,3761
7,Trans,NA,3882
7,Trans,NA,3890
7,End,NA,3927
12,Taxi,NA,5145
12,Trans,NA,5213
12,Trans,NA,5321
12,Trans,NA,5206
12,Trans,NA,5207
12,Trans,NA,5238
12,Trans,NA,5141
12,Trans,NA,4936
12,Trans,NA,4516
12,Trans,NA,4411
12,Start,39,4411
12,Trans,NA,4516
12,Trans,NA,4936
12,Trans,NA,5141
12,Trans,NA,5238
12,Trans,NA,5207
12,Trans,NA,5206
12,Trans,NA,5299
12,Trans,NA,5488
12,Trans,NA,5487
12,Trans,NA,5676
12,Trans,NA,5850
12,Trans,NA,5929
12,Trans,NA,6073
12,Trans,NA,6074
12,Trans,NA,6149
12,Trans,NA,6234
12,Trans,NA,6447
12,Trans,NA,6572
12,Trans,NA,6573
12,Trans,NA,6990
12,Trans,NA,7019
12,Trans,NA,7020
12,Trans,NA,7062
12,End,NA,7108
6,Taxi,NA,9313
6,Trans,NA,9477
6,Trans,NA,9654
6,Trans,NA,9677
6,Trans,NA,9678
6,Trans,NA,9571
6,Trans,NA,9387
6,Trans,NA,9389
6,Trans,NA,9006
6,Trans,NA,9005
6,Trans,NA,8707
6,Trans,NA,8716
6,Trans,NA,8715
6,Trans,NA,8643
6,Trans,NA,8530
6,Trans,NA,8528
6,Trans,NA,8517
6,Trans,NA,8566
6,Trans,NA,8524
6,Trans,NA,8526
6,Trans,NA,8527
6,Trans,NA,8573
6,Trans,NA,8623
6,Trans,NA,8465
6,Trans,NA,8292
6,Trans,NA,8373
6,Trans,NA,8374
6,Trans,NA,8401
6,Trans,NA,8417
6,Trans,NA,8445
6,Trans,NA,8446
6,Trans,NA,8422
6,Trans,NA,8421
6,Start,39,8386
6,Trans,NA,8483
6,Trans,NA,8673
6,Trans,NA,8750
6,Trans,NA,8748
6,Trans,NA,9067
6,Trans,NA,9257
6,Trans,NA,9363
6,Trans,NA,9413
6,Trans,NA,9412
6,Trans,NA,9394
6,Trans,NA,9462
6,Trans,NA,9502
6,Trans,NA,9501
6,Trans,NA,9518
6,Trans,NA,9547
6,Trans,NA,9565
6,Trans,NA,9582
6,Trans,NA,9583
6,Trans,NA,9621
6,Trans,NA,9668
6,Trans,NA,9701
6,Trans,NA,9725
6,Trans,NA,9726
6,Trans,NA,9782
6,Trans,NA,9839
6,Trans,NA,9854
6,Trans,NA,9890
6,Trans,NA,9891
6,Trans,NA,9862
6,Trans,NA,9829
6,Trans,NA,9808
6,End,NA,9799
50,Taxi,NA,3927
50,Trans,NA,3890
50,Trans,NA,3882
50,Trans,NA,3761
50,Trans,NA,3760
50,Trans,NA,3626
50,Trans,NA,3415
50,Trans,NA,3379
50,Trans,NA,3216
50,Trans,NA,3146
50,Trans,NA,2974
50,Trans,NA,2943
50,Trans,NA,2942
50,Trans,NA,2637
50,Trans,NA,2636
50,Trans,NA,2561
50,Trans,NA,2481
50,Trans,NA,2049
50,Trans,NA,2143
50,Trans,NA,2145
50,Trans,NA,2177
50,Trans,NA,2278
50,Trans,NA,2277
50,Trans,NA,2252
50,Trans,NA,2256
50,Trans,NA,2311
50,Trans,NA,2312
50,Trans,NA,2458
50,Trans,NA,2463
50,Trans,NA,2465
50,Trans,NA,2489
50,Trans,NA,2455
50,Trans,NA,2484
50,Trans,NA,2524
50,Trans,NA,2525
50,Trans,NA,2563
50,Trans,NA,2677
50,Trans,NA,2689
50,Trans,NA,2726
50,Trans,NA,2727
50,Trans,NA,2755
50,Trans,NA,2761
50,Trans,NA,2763
50,Trans,NA,2764
50,Trans,NA,2768
50,Trans,NA,2776
50,Start,41,2776
50,Trans,NA,2768
50,Trans,NA,2764
50,Trans,NA,2763
50,Trans,NA,2761
50,Trans,NA,2755
50,Trans,NA,2727
50,Trans,NA,2726
50,Trans,NA,2689
50,Trans,NA,2677
50,Trans,NA,2563
50,Trans,NA,2525
50,Trans,NA,2524
50,Trans,NA,2523
50,Trans,NA,2576
50,Trans,NA,2887
50,Trans,NA,3001
50,Trans,NA,3002
50,Trans,NA,2835
50,Trans,NA,2806
50,Trans,NA,2705
50,Trans,NA,2577
50,Trans,NA,2547
50,Trans,NA,2546
50,Trans,NA,2514
50,Trans,NA,2471
50,Trans,NA,2447
50,Trans,NA,2432
50,Trans,NA,2413
50,Trans,NA,2414
50,Trans,NA,2401
50,Trans,NA,2386
50,Trans,NA,2374
50,Trans,NA,2373
50,Trans,NA,2364
50,Trans,NA,2275
50,Trans,NA,2266
50,Trans,NA,2260
50,Trans,NA,2258
50,Trans,NA,2259
50,Trans,NA,2213
50,Trans,NA,2181
50,Trans,NA,2171
50,Trans,NA,2250
50,Trans,NA,2249
50,Trans,NA,2412
50,Trans,NA,2411
50,Trans,NA,2468
50,Trans,NA,2528
50,Trans,NA,2564
50,Trans,NA,2667
50,Trans,NA,2666
50,Trans,NA,2703
50,Trans,NA,2738
50,Trans,NA,2827
50,End,NA,2989
24,Taxi,NA,4119
24,Trans,NA,4289
24,Trans,NA,4481
24,Trans,NA,4694
24,Trans,NA,4827
24,Trans,NA,4878
24,Trans,NA,4975
24,Trans,NA,5095
24,Trans,NA,5210
24,Trans,NA,5378
24,Trans,NA,5379
24,Trans,NA,5484
24,Trans,NA,5467
24,Trans,NA,5605
24,Trans,NA,5678
24,Trans,NA,5713
24,Trans,NA,5769
24,Trans,NA,5839
24,Trans,NA,5840
24,Trans,NA,5874
24,Trans,NA,5915
24,Trans,NA,5963
24,Trans,NA,6032
24,Trans,NA,6093
24,Trans,NA,6122
24,Trans,NA,6223
24,Trans,NA,6222
24,Trans,NA,6426
24,Trans,NA,6427
24,Trans,NA,6599
24,Trans,NA,6703
24,Trans,NA,6704
24,Trans,NA,6980
24,Trans,NA,6979
24,Trans,NA,7231
24,Trans,NA,7232
24,Trans,NA,7191
24,Trans,NA,7125
24,Trans,NA,7077
24,Trans,NA,7078
24,Trans,NA,7241
24,Trans,NA,7242
24,Trans,NA,7483
24,Trans,NA,7516
24,Trans,NA,7515
24,Trans,NA,7636
24,Trans,NA,7672
24,Trans,NA,7772
24,Trans,NA,7868
24,Trans,NA,7867
24,Trans,NA,7967
24,Trans,NA,8024
24,Trans,NA,8061
24,Trans,NA,8070
24,Start,42,8070
24,Trans,NA,8061
24,Trans,NA,8101
24,Trans,NA,8144
24,Trans,NA,8206
24,Trans,NA,8205
24,Trans,NA,8336
24,Trans,NA,8355
24,Trans,NA,8394
24,Trans,NA,8396
24,Trans,NA,8539
24,Trans,NA,8538
24,Trans,NA,8626
24,Trans,NA,8756
24,Trans,NA,8754
24,Trans,NA,8800
24,Trans,NA,8863
24,Trans,NA,8913
24,Trans,NA,9052
24,Trans,NA,9053
24,Trans,NA,9203
24,Trans,NA,9202
24,Trans,NA,9295
24,Trans,NA,9377
24,End,NA,9361
20,Taxi,NA,3954
20,Trans,NA,3761
20,Trans,NA,3760
20,Trans,NA,3626
20,Trans,NA,3415
20,Trans,NA,3379
20,Trans,NA,3216
20,Trans,NA,3146
20,Trans,NA,2974
20,Trans,NA,2943
20,Trans,NA,2942
20,Trans,NA,2637
20,Trans,NA,2636
20,Trans,NA,2561
20,Trans,NA,2481
20,Trans,NA,2049
20,Trans,NA,2143
20,Trans,NA,2144
20,Trans,NA,2076
20,Trans,NA,2028
20,Trans,NA,2002
20,Trans,NA,2098
20,Start,42,2099
20,Trans,NA,2175
20,Trans,NA,2278
20,Trans,NA,2277
20,Trans,NA,2252
20,Trans,NA,2256
20,Trans,NA,2311
20,Trans,NA,2312
20,Trans,NA,2458
20,Trans,NA,2463
20,Trans,NA,2465
20,Trans,NA,2489
20,Trans,NA,2455
20,Trans,NA,2484
20,Trans,NA,2523
20,Trans,NA,2576
20,Trans,NA,2887
20,Trans,NA,3001
20,Trans,NA,3314
20,Trans,NA,3385
20,Trans,NA,3491
20,Trans,NA,3640
20,Trans,NA,3804
20,Trans,NA,4025
20,Trans,NA,4155
20,Trans,NA,4173
20,Trans,NA,4235
20,Trans,NA,4362
20,Trans,NA,4538
20,Trans,NA,4947
20,Trans,NA,5152
20,Trans,NA,5347
20,Trans,NA,5348
20,Trans,NA,6048
20,Trans,NA,6268
20,Trans,NA,6480
20,Trans,NA,6624
20,Trans,NA,6625
20,Trans,NA,6984
20,Trans,NA,6958
20,Trans,NA,6953
20,Trans,NA,6896
20,Trans,NA,6949
20,Trans,NA,7028
20,Trans,NA,7027
20,Trans,NA,7161
20,Trans,NA,7299
20,Trans,NA,7298
20,Trans,NA,7422
20,Trans,NA,7417
20,Trans,NA,7702
20,Trans,NA,7861
20,Trans,NA,7886
20,Trans,NA,7887
20,Trans,NA,7917
20,Trans,NA,7941
20,Trans,NA,8020
20,Trans,NA,8037
20,Trans,NA,8036
20,Trans,NA,8054
20,Trans,NA,8079
20,Trans,NA,8080
20,Trans,NA,8587
20,Trans,NA,8584
20,Trans,NA,9094
20,Trans,NA,9411
20,Trans,NA,9412
20,Trans,NA,9394
20,Trans,NA,9462
20,Trans,NA,9502
20,Trans,NA,9501
20,Trans,NA,9518
20,Trans,NA,9547
20,Trans,NA,9565
20,Trans,NA,9582
20,Trans,NA,9583
20,Trans,NA,9621
20,Trans,NA,9668
20,Trans,NA,9701
20,Trans,NA,9725
20,Trans,NA,9726
20,Trans,NA,9782
20,Trans,NA,9839
20,Trans,NA,9854
20,Trans,NA,9890
20,Trans,NA,9889
20,Trans,NA,9960
20,Trans,NA,9976
20,Trans,NA,9939
20,End,NA,9892
15,Taxi,NA,3390
15,Trans,NA,3426
15,Trans,NA,3427
15,Trans,NA,3331
15,Trans,NA,3274
15,Trans,NA,3275
15,Trans,NA,3229
15,Trans,NA,3180
15,Trans,NA,3117
15,Trans,NA,3057
15,Trans,NA,3046
15,Trans,NA,2969
15,Trans,NA,2925
15,Start,43,2925
15,Trans,NA,2940
15,Trans,NA,2908
15,Trans,NA,2878
15,Trans,NA,2838
15,Trans,NA,2817
15,Trans,NA,2816
15,Trans,NA,2759
15,Trans,NA,2708
15,Trans,NA,2670
15,Trans,NA,2634
15,Trans,NA,2633
15,Trans,NA,2642
15,Trans,NA,2639
15,Trans,NA,2682
15,Trans,NA,2683
15,Trans,NA,2700
15,Trans,NA,2716
15,Trans,NA,2747
15,Trans,NA,2875
15,Trans,NA,2970
15,Trans,NA,2995
15,Trans,NA,3066
15,Trans,NA,3224
15,Trans,NA,3365
15,Trans,NA,3436
15,Trans,NA,3550
15,Trans,NA,3623
15,Trans,NA,3624
15,Trans,NA,3951
15,Trans,NA,3999
15,Trans,NA,4045
15,Trans,NA,4114
15,Trans,NA,4178
15,Trans,NA,4276
15,Trans,NA,4303
15,Trans,NA,4304
15,Trans,NA,4426
15,Trans,NA,4475
15,Trans,NA,4474
15,Trans,NA,4700
15,Trans,NA,4746
15,Trans,NA,4745
15,Trans,NA,4797
15,Trans,NA,4938
15,Trans,NA,5078
15,Trans,NA,5086
15,Trans,NA,5087
15,Trans,NA,5196
15,Trans,NA,5195
15,Trans,NA,5112
15,Trans,NA,5079
15,Trans,NA,5140
15,Trans,NA,5139
15,End,NA,5435
39,Taxi,NA,6233
39,Trans,NA,6234
39,Trans,NA,6447
39,Trans,NA,6572
39,Trans,NA,6573
39,Trans,NA,6990
39,Trans,NA,7110
39,Trans,NA,7157
39,Trans,NA,7207
39,Trans,NA,7266
39,Trans,NA,7265
39,Trans,NA,7406
39,Trans,NA,7531
39,Trans,NA,7517
39,Trans,NA,7510
39,Trans,NA,7509
39,Trans,NA,7665
39,Trans,NA,7666
39,Start,46,7666
39,Trans,NA,7665
39,Trans,NA,7503
39,Trans,NA,7454
39,Trans,NA,7420
39,Trans,NA,7419
39,Trans,NA,7417
39,Trans,NA,7702
39,Trans,NA,7861
39,Trans,NA,7886
39,Trans,NA,7887
39,Trans,NA,7917
39,Trans,NA,7941
39,Trans,NA,8020
39,Trans,NA,8037
39,Trans,NA,8036
39,Trans,NA,8054
39,Trans,NA,8079
39,Trans,NA,8080
39,Trans,NA,8587
39,Trans,NA,8584
39,Trans,NA,9094
39,Trans,NA,9411
39,Trans,NA,9412
39,Trans,NA,9394
39,Trans,NA,9462
39,Trans,NA,9502
39,Trans,NA,9501
39,Trans,NA,9518
39,Trans,NA,9547
39,Trans,NA,9565
39,Trans,NA,9582
39,Trans,NA,9583
39,Trans,NA,9621
39,Trans,NA,9668
39,Trans,NA,9701
39,Trans,NA,9725
39,Trans,NA,9726
39,Trans,NA,9782
39,Trans,NA,9839
39,Trans,NA,9854
39,Trans,NA,9890
39,Trans,NA,9891
39,Trans,NA,9862
39,Trans,NA,9829
39,Trans,NA,9808
39,End,NA,9777
19,Taxi,NA,2208
19,Trans,NA,2152
19,Trans,NA,2150
19,Trans,NA,2116
19,Trans,NA,2062
19,Trans,NA,1957
19,Trans,NA,2007
19,Trans,NA,2078
19,Trans,NA,2024
19,Trans,NA,2025
19,Trans,NA,1978
19,Trans,NA,2048
19,Trans,NA,2049
19,Trans,NA,2481
19,Trans,NA,2561
19,Trans,NA,2636
19,Trans,NA,2637
19,Trans,NA,2942
19,Trans,NA,2943
19,Trans,NA,2974
19,Trans,NA,3146
19,Trans,NA,3216
19,Trans,NA,3379
19,Trans,NA,3378
19,Trans,NA,3821
19,Trans,NA,3960
19,Trans,NA,4070
19,Trans,NA,4185
19,Trans,NA,4323
19,Trans,NA,4322
19,Trans,NA,4704
19,Trans,NA,4730
19,Trans,NA,4843
19,Trans,NA,5457
19,Trans,NA,5584
19,Trans,NA,5736
19,Start,47,5736
19,Trans,NA,5584
19,Trans,NA,5457
19,Trans,NA,4843
19,Trans,NA,4730
19,Trans,NA,4704
19,Trans,NA,4322
19,Trans,NA,4323
19,Trans,NA,4185
19,Trans,NA,4070
19,Trans,NA,3960
19,Trans,NA,3821
19,Trans,NA,3378
19,Trans,NA,3379
19,Trans,NA,3216
19,Trans,NA,3146
19,Trans,NA,2974
19,Trans,NA,2943
19,Trans,NA,2942
19,Trans,NA,2637
19,Trans,NA,2636
19,Trans,NA,2561
19,Trans,NA,2481
19,Trans,NA,2049
19,Trans,NA,1946
19,Trans,NA,1947
19,Trans,NA,1909
19,Trans,NA,1865
19,Trans,NA,1795
19,Trans,NA,1722
19,Trans,NA,1655
19,Trans,NA,1567
19,Trans,NA,1568
19,Trans,NA,1451
19,Trans,NA,1394
19,Trans,NA,1381
19,Trans,NA,1310
19,Trans,NA,1312
19,Trans,NA,1216
19,Trans,NA,1208
19,Trans,NA,1203
19,Trans,NA,1197
19,Trans,NA,1189
19,Trans,NA,1185
19,Trans,NA,1179
19,Trans,NA,1175
19,Trans,NA,1166
19,Trans,NA,1164
19,Trans,NA,1153
19,Trans,NA,1116
19,Trans,NA,1084
19,Trans,NA,1052
19,Trans,NA,1041
19,Trans,NA,1040
19,Trans,NA,1025
19,Trans,NA,1001
19,Trans,NA,1006
19,Trans,NA,1007
19,Trans,NA,856
19,Trans,NA,837
19,Trans,NA,838
19,Trans,NA,756
19,Trans,NA,757
19,Trans,NA,619
19,Trans,NA,582
19,Trans,NA,551
19,Trans,NA,523
19,Trans,NA,505
19,Trans,NA,471
19,Trans,NA,449
19,Trans,NA,424
19,Trans,NA,423
19,Trans,NA,429
19,Trans,NA,433
19,Trans,NA,453
19,Trans,NA,487
19,Trans,NA,488
19,End,NA,498
48,Taxi,NA,8526
48,Trans,NA,8527
48,Trans,NA,8573
48,Trans,NA,8623
48,Trans,NA,8465
48,Trans,NA,8292
48,Trans,NA,8373
48,Trans,NA,8273
48,Trans,NA,8163
48,Trans,NA,8164
48,Trans,NA,8035
48,Trans,NA,7984
48,Trans,NA,7985
48,Trans,NA,7943
48,Trans,NA,7886
48,Trans,NA,7887
48,Trans,NA,7873
48,Trans,NA,7810
48,Trans,NA,7760
48,Trans,NA,7680
48,Trans,NA,7682
48,Trans,NA,7620
48,Start,47,7620
48,Trans,NA,7682
48,Trans,NA,7680
48,Trans,NA,7760
48,Trans,NA,7810
48,Trans,NA,7873
48,Trans,NA,7887
48,Trans,NA,7886
48,Trans,NA,7861
48,Trans,NA,7702
48,Trans,NA,7417
48,Trans,NA,7422
48,Trans,NA,7298
48,Trans,NA,7299
48,Trans,NA,7161
48,Trans,NA,7027
48,Trans,NA,7028
48,Trans,NA,6949
48,Trans,NA,6896
48,Trans,NA,6953
48,Trans,NA,6958
48,Trans,NA,6984
48,Trans,NA,6625
48,Trans,NA,6624
48,Trans,NA,6480
48,Trans,NA,6268
48,Trans,NA,6048
48,Trans,NA,5348
48,Trans,NA,5347
48,Trans,NA,5152
48,Trans,NA,4947
48,Trans,NA,4538
48,Trans,NA,4362
48,Trans,NA,4235
48,Trans,NA,4173
48,Trans,NA,4155
48,Trans,NA,4025
48,Trans,NA,3804
48,Trans,NA,3640
48,Trans,NA,3491
48,Trans,NA,3385
48,Trans,NA,3314
48,Trans,NA,3001
48,Trans,NA,2887
48,Trans,NA,2576
48,Trans,NA,2523
48,Trans,NA,2484
48,Trans,NA,2455
48,Trans,NA,2489
48,Trans,NA,2465
48,Trans,NA,2463
48,Trans,NA,2458
48,Trans,NA,2312
48,Trans,NA,2311
48,Trans,NA,2256
48,Trans,NA,2252
48,Trans,NA,2277
48,Trans,NA,2278
48,Trans,NA,2177
48,Trans,NA,2145
48,Trans,NA,2144
48,Trans,NA,2076
48,Trans,NA,2028
48,Trans,NA,1950
48,Trans,NA,1973
48,Trans,NA,1974
48,Trans,NA,1980
48,Trans,NA,1975
48,Trans,NA,1992
48,Trans,NA,1884
48,Trans,NA,1683
48,End,NA,1611
15,Taxi,NA,5435
15,Trans,NA,5139
15,Trans,NA,5140
15,Trans,NA,4890
15,Trans,NA,4865
15,Trans,NA,4864
15,Trans,NA,4576
15,Trans,NA,4536
15,Trans,NA,4498
15,Trans,NA,4479
15,Trans,NA,4463
15,Trans,NA,4455
15,Trans,NA,4452
15,Trans,NA,4428
15,Trans,NA,4425
15,Trans,NA,4409
15,Trans,NA,4413
15,Trans,NA,4448
15,Trans,NA,4449
15,Trans,NA,4947
15,Trans,NA,5152
15,Trans,NA,5347
15,Trans,NA,5348
15,Trans,NA,6048
15,Trans,NA,6268
15,Trans,NA,6480
15,Trans,NA,6624
15,Trans,NA,6625
15,Trans,NA,6984
15,Trans,NA,6958
15,Trans,NA,6953
15,Trans,NA,6896
15,Trans,NA,6949
15,Trans,NA,7028
15,Trans,NA,7027
15,Trans,NA,7161
15,Trans,NA,7299
15,Trans,NA,7298
15,Trans,NA,7422
15,Trans,NA,7417
15,Trans,NA,7399
15,Trans,NA,7398
15,Trans,NA,7370
15,Trans,NA,7339
15,Trans,NA,7338
15,Trans,NA,7314
15,Trans,NA,7221
15,Trans,NA,7154
15,Trans,NA,7153
15,Trans,NA,7128
15,Start,47,7050
15,Trans,NA,7049
15,Trans,NA,7023
15,Trans,NA,6982
15,Trans,NA,6778
15,Trans,NA,6779
15,Trans,NA,6651
15,Trans,NA,6652
15,Trans,NA,6617
15,Trans,NA,6566
15,Trans,NA,6496
15,Trans,NA,6478
15,Trans,NA,6479
15,Trans,NA,6435
15,Trans,NA,6412
15,Trans,NA,6382
15,Trans,NA,6369
15,Trans,NA,6328
15,Trans,NA,6298
15,Trans,NA,6274
15,Trans,NA,6275
15,End,NA,6212
41,Taxi,NA,1210
41,Trans,NA,1251
41,Trans,NA,1277
41,Trans,NA,1276
41,Trans,NA,1296
41,Trans,NA,1401
41,Trans,NA,1564
41,Trans,NA,1606
41,Trans,NA,1607
41,Trans,NA,1575
41,Trans,NA,1517
41,Trans,NA,1405
41,Trans,NA,1359
41,Trans,NA,1347
41,Trans,NA,1323
41,Trans,NA,1321
41,Trans,NA,844
41,Trans,NA,643
41,Trans,NA,644
41,Trans,NA,617
41,Trans,NA,609
41,Trans,NA,637
41,Trans,NA,638
41,Trans,NA,645
41,Trans,NA,653
41,Trans,NA,686
41,Trans,NA,693
41,Trans,NA,694
41,Trans,NA,699
41,Trans,NA,711
41,Trans,NA,715
41,Trans,NA,733
41,Trans,NA,748
41,Trans,NA,758
41,Trans,NA,763
41,Trans,NA,744
41,Trans,NA,743
41,Trans,NA,764
41,Trans,NA,784
41,Trans,NA,808
41,Trans,NA,801
41,Trans,NA,800
41,Start,47,800
41,Trans,NA,801
41,Trans,NA,808
41,Trans,NA,784
41,Trans,NA,764
41,Trans,NA,743
41,Trans,NA,744
41,Trans,NA,763
41,Trans,NA,758
41,Trans,NA,748
41,Trans,NA,733
41,Trans,NA,715
41,Trans,NA,711
41,Trans,NA,699
41,Trans,NA,694
41,Trans,NA,693
41,Trans,NA,686
41,Trans,NA,653
41,Trans,NA,645
41,Trans,NA,638
41,Trans,NA,637
41,Trans,NA,609
41,Trans,NA,617
41,Trans,NA,644
41,Trans,NA,643
41,Trans,NA,844
41,Trans,NA,1321
41,Trans,NA,1322
41,Trans,NA,1571
41,Trans,NA,1695
41,Trans,NA,1809
41,Trans,NA,1869
41,Trans,NA,1870
41,Trans,NA,1927
41,Trans,NA,1966
41,Trans,NA,1999
41,Trans,NA,2060
41,Trans,NA,2059
41,Trans,NA,2195
41,Trans,NA,2222
41,Trans,NA,2223
41,Trans,NA,2283
41,Trans,NA,2354
41,Trans,NA,2447
41,Trans,NA,2471
41,Trans,NA,2514
41,Trans,NA,2546
41,Trans,NA,2547
41,Trans,NA,2577
41,Trans,NA,2705
41,Trans,NA,2806
41,Trans,NA,2835
41,Trans,NA,3002
41,Trans,NA,3314
41,Trans,NA,3385
41,Trans,NA,3491
41,Trans,NA,3640
41,Trans,NA,3804
41,Trans,NA,4025
41,Trans,NA,4155
41,Trans,NA,4173
41,Trans,NA,4235
41,Trans,NA,4362
41,Trans,NA,4538
41,Trans,NA,4947
41,Trans,NA,5152
41,Trans,NA,5347
41,Trans,NA,5348
41,Trans,NA,6048
41,Trans,NA,6268
41,Trans,NA,6480
41,Trans,NA,6624
41,Trans,NA,6625
41,Trans,NA,6984
41,Trans,NA,6958
41,Trans,NA,6953
41,Trans,NA,6896
41,Trans,NA,6949
41,Trans,NA,7028
41,Trans,NA,7027
41,Trans,NA,7161
41,Trans,NA,7299
41,Trans,NA,7298
41,Trans,NA,7422
41,Trans,NA,7417
41,Trans,NA,7702
41,Trans,NA,7861
41,Trans,NA,7886
41,Trans,NA,7887
41,Trans,NA,7917
41,Trans,NA,7941
41,Trans,NA,8020
41,Trans,NA,8037
41,Trans,NA,8036
41,Trans,NA,8054
41,Trans,NA,8079
41,Trans,NA,8080
41,Trans,NA,8587
41,Trans,NA,8585
41,Trans,NA,8628
41,Trans,NA,8627
41,End,NA,8658
44,Taxi,NA,1432
44,Trans,NA,1402
44,Trans,NA,1403
44,Trans,NA,1322
44,Trans,NA,1321
44,Trans,NA,844
44,Trans,NA,697
44,Trans,NA,581
44,Trans,NA,460
44,Start,48,460
44,Trans,NA,581
44,Trans,NA,697
44,Trans,NA,844
44,Trans,NA,969
44,Trans,NA,970
44,Trans,NA,1132
44,Trans,NA,1160
44,Trans,NA,1161
44,Trans,NA,1169
44,Trans,NA,1193
44,Trans,NA,1202
44,Trans,NA,1224
44,Trans,NA,1223
44,Trans,NA,1239
44,Trans,NA,1231
44,Trans,NA,1233
44,Trans,NA,1259
44,Trans,NA,1307
44,Trans,NA,1370
44,Trans,NA,1456
44,Trans,NA,1619
44,Trans,NA,1620
44,Trans,NA,1765
44,Trans,NA,1918
44,Trans,NA,1926
44,Trans,NA,1949
44,Trans,NA,1950
44,Trans,NA,2028
44,Trans,NA,2076
44,Trans,NA,2144
44,Trans,NA,2187
44,Trans,NA,2313
44,Trans,NA,2398
44,Trans,NA,2473
44,Trans,NA,2472
44,Trans,NA,2554
44,Trans,NA,2626
44,End,NA,2691
46,Taxi,NA,3159
46,Trans,NA,3160
46,Trans,NA,3407
46,Trans,NA,3408
46,Trans,NA,3544
46,Trans,NA,3719
46,Trans,NA,3854
46,Trans,NA,3855
46,Trans,NA,4008
46,Trans,NA,4073
46,Trans,NA,4225
46,Trans,NA,4285
46,Trans,NA,4492
46,Trans,NA,4491
46,Trans,NA,4446
46,Trans,NA,4751
46,Trans,NA,4866
46,Trans,NA,4867
46,Trans,NA,5046
46,Trans,NA,5372
46,Start,48,5372
46,Trans,NA,5046
46,Trans,NA,4867
46,Trans,NA,4868
46,Trans,NA,4981
46,Trans,NA,5017
46,Trans,NA,5007
46,Trans,NA,5008
46,Trans,NA,4991
46,Trans,NA,4962
46,Trans,NA,4961
46,Trans,NA,4905
46,Trans,NA,4795
46,Trans,NA,4631
46,Trans,NA,4630
46,Trans,NA,4596
46,Trans,NA,4701
46,Trans,NA,4886
46,Trans,NA,5174
46,Trans,NA,5345
46,Trans,NA,5412
46,Trans,NA,5414
46,Trans,NA,5541
46,Trans,NA,5833
46,Trans,NA,5832
46,Trans,NA,5906
46,Trans,NA,5905
46,Trans,NA,6025
46,Trans,NA,6211
46,Trans,NA,6295
46,Trans,NA,6294
46,Trans,NA,6149
46,Trans,NA,6074
46,Trans,NA,6073
46,Trans,NA,5929
46,Trans,NA,5850
46,Trans,NA,5676
46,Trans,NA,5487
46,Trans,NA,5488
46,Trans,NA,5299
46,Trans,NA,5206
46,Trans,NA,5207
46,Trans,NA,5238
46,Trans,NA,5141
46,Trans,NA,4936
46,Trans,NA,4831
46,Trans,NA,4794
46,Trans,NA,4841
46,Trans,NA,4840
46,Trans,NA,4971
46,Trans,NA,4972
46,Trans,NA,5080
46,End,NA,5133
5,Taxi,NA,10454
5,Trans,NA,10515
5,Trans,NA,10557
5,Trans,NA,10552
5,Trans,NA,10551
5,Trans,NA,10497
5,Trans,NA,10495
5,Trans,NA,10405
5,Trans,NA,10406
5,Trans,NA,10398
5,Trans,NA,10380
5,Trans,NA,10324
5,Trans,NA,10296
5,Trans,NA,10245
5,Trans,NA,10220
5,Trans,NA,10228
5,Trans,NA,10234
5,Trans,NA,10230
5,Trans,NA,10231
5,Trans,NA,10232
5,Trans,NA,10191
5,Trans,NA,10190
5,Trans,NA,10188
5,Trans,NA,10057
5,Trans,NA,10058
5,Trans,NA,9957
5,Trans,NA,9937
5,Trans,NA,9758
5,Trans,NA,9697
5,Trans,NA,9696
5,Trans,NA,9598
5,Trans,NA,9569
5,Trans,NA,9407
5,Trans,NA,9152
5,Trans,NA,9153
5,Trans,NA,9067
5,Trans,NA,8748
5,Trans,NA,8749
5,Trans,NA,8728
5,Trans,NA,8729
5,Start,51,8729
5,Trans,NA,8728
5,Trans,NA,8749
5,Trans,NA,8750
5,Trans,NA,8673
5,Trans,NA,8485
5,Trans,NA,8446
5,Trans,NA,8445
5,Trans,NA,8417
5,Trans,NA,8401
5,Trans,NA,8374
5,Trans,NA,8373
5,Trans,NA,8292
5,Trans,NA,8465
5,Trans,NA,8623
5,Trans,NA,8573
5,Trans,NA,8527
5,Trans,NA,8526
5,Trans,NA,8524
5,Trans,NA,8566
5,Trans,NA,8517
5,Trans,NA,8528
5,Trans,NA,8530
5,Trans,NA,8643
5,Trans,NA,8715
5,Trans,NA,8716
5,Trans,NA,8674
5,Trans,NA,8675
5,Trans,NA,8516
5,Trans,NA,8515
5,Trans,NA,8381
5,Trans,NA,8140
5,Trans,NA,7996
5,Trans,NA,7955
5,Trans,NA,7756
5,Trans,NA,7757
5,Trans,NA,7776
5,Trans,NA,7793
5,Trans,NA,7788
5,Trans,NA,7787
5,Trans,NA,7770
5,Trans,NA,7786
5,Trans,NA,7758
5,Trans,NA,7669
5,Trans,NA,7668
5,End,NA,7583
10,Taxi,NA,10949
10,Trans,NA,10953
10,Trans,NA,10935
10,Trans,NA,10952
10,Trans,NA,10976
10,Trans,NA,10977
10,Trans,NA,10941
10,Trans,NA,10927
10,Trans,NA,10926
10,Trans,NA,10846
10,Trans,NA,10755
10,Trans,NA,10754
10,Start,53,10754
10,Trans,NA,10753
10,Trans,NA,10612
10,Trans,NA,10556
10,Trans,NA,10533
10,Trans,NA,10438
10,Trans,NA,10439
10,Trans,NA,10391
10,Trans,NA,10349
10,Trans,NA,10327
10,Trans,NA,10301
10,Trans,NA,10300
10,Trans,NA,10244
10,Trans,NA,10174
10,Trans,NA,10103
10,Trans,NA,10070
10,Trans,NA,10078
10,Trans,NA,10077
10,Trans,NA,9992
10,Trans,NA,9947
10,Trans,NA,9758
10,Trans,NA,9697
10,Trans,NA,9696
10,Trans,NA,9598
10,Trans,NA,9569
10,Trans,NA,9407
10,Trans,NA,9308
10,Trans,NA,9363
10,Trans,NA,9413
10,Trans,NA,9411
10,Trans,NA,9094
10,Trans,NA,8584
10,Trans,NA,8585
10,Trans,NA,8628
10,Trans,NA,8627
10,Trans,NA,8656
10,Trans,NA,8606
10,Trans,NA,8482
10,Trans,NA,8444
10,Trans,NA,8442
10,Trans,NA,8380
10,Trans,NA,8195
10,Trans,NA,8149
10,Trans,NA,8148
10,Trans,NA,8090
10,Trans,NA,8059
10,Trans,NA,8030
10,Trans,NA,7995
10,Trans,NA,7920
10,Trans,NA,7860
10,Trans,NA,7796
10,Trans,NA,7743
10,Trans,NA,7659
10,Trans,NA,7603
10,Trans,NA,7484
10,End,NA,7428
4,Taxi,NA,3847
4,Trans,NA,3882
4,Trans,NA,3761
4,Trans,NA,3760
4,Trans,NA,3626
4,Trans,NA,3415
4,Trans,NA,3378
4,Trans,NA,3821
4,Trans,NA,3960
4,Trans,NA,4070
4,Trans,NA,4185
4,Trans,NA,4323
4,Trans,NA,4324
4,Trans,NA,4326
4,Trans,NA,4375
4,Trans,NA,4374
4,Trans,NA,4402
4,Trans,NA,4552
4,Trans,NA,4650
4,Trans,NA,4651
4,Trans,NA,4896
4,Trans,NA,4895
4,Trans,NA,4975
4,Trans,NA,5095
4,Trans,NA,5210
4,Trans,NA,5209
4,Trans,NA,5264
4,Trans,NA,5239
4,Trans,NA,5156
4,Trans,NA,5221
4,Start,54,5221
4,Trans,NA,5156
4,Trans,NA,5239
4,Trans,NA,5264
4,Trans,NA,5209
4,Trans,NA,5210
4,Trans,NA,5095
4,Trans,NA,4975
4,Trans,NA,4895
4,Trans,NA,4896
4,Trans,NA,4651
4,Trans,NA,4650
4,Trans,NA,4552
4,Trans,NA,4402
4,Trans,NA,4374
4,Trans,NA,4375
4,Trans,NA,4326
4,Trans,NA,4324
4,Trans,NA,4323
4,Trans,NA,4185
4,Trans,NA,4070
4,Trans,NA,3960
4,Trans,NA,3821
4,Trans,NA,3378
4,Trans,NA,3379
4,Trans,NA,3216
4,Trans,NA,3146
4,Trans,NA,2974
4,Trans,NA,2943
4,Trans,NA,2942
4,Trans,NA,2637
4,Trans,NA,2636
4,Trans,NA,2561
4,Trans,NA,2481
4,Trans,NA,2049
4,Trans,NA,2048
4,Trans,NA,1978
4,Trans,NA,2025
4,Trans,NA,2024
4,Trans,NA,2078
4,Trans,NA,2007
4,Trans,NA,1957
4,Trans,NA,2062
4,Trans,NA,2116
4,Trans,NA,2150
4,Trans,NA,2152
4,End,NA,2208
20,Taxi,NA,9892
20,Trans,NA,9939
20,Trans,NA,9976
20,Trans,NA,9960
20,Trans,NA,9889
20,Trans,NA,9890
20,Trans,NA,9854
20,Trans,NA,9840
20,Trans,NA,9924
20,Trans,NA,9925
20,Trans,NA,9965
20,Trans,NA,10065
20,Trans,NA,10175
20,Trans,NA,10174
20,Trans,NA,10165
20,Trans,NA,10157
20,Trans,NA,10278
20,Trans,NA,10277
20,Trans,NA,10267
20,Trans,NA,10283
20,Trans,NA,10319
20,Trans,NA,10320
20,Trans,NA,10354
20,Trans,NA,10360
20,Trans,NA,10394
20,Trans,NA,10421
20,Trans,NA,10407
20,Trans,NA,10427
20,Trans,NA,10459
20,Start,54,10459
20,Trans,NA,10427
20,Trans,NA,10402
20,Trans,NA,10401
20,Trans,NA,10389
20,Trans,NA,10390
20,Trans,NA,10342
20,Trans,NA,10341
20,Trans,NA,10287
20,Trans,NA,10288
20,Trans,NA,10256
20,Trans,NA,10231
20,Trans,NA,10230
20,Trans,NA,10234
20,Trans,NA,10228
20,Trans,NA,10220
20,Trans,NA,10246
20,Trans,NA,10166
20,Trans,NA,10090
20,Trans,NA,9699
20,Trans,NA,9607
20,Trans,NA,9606
20,Trans,NA,9575
20,Trans,NA,9494
20,Trans,NA,9322
20,Trans,NA,9142
20,Trans,NA,9141
20,Trans,NA,8862
20,Trans,NA,8732
20,Trans,NA,8594
20,Trans,NA,8377
20,Trans,NA,8139
20,Trans,NA,7980
20,Trans,NA,7746
20,Trans,NA,7469
20,Trans,NA,7165
20,Trans,NA,7164
20,Trans,NA,6548
20,Trans,NA,6061
20,Trans,NA,5876
20,Trans,NA,5491
20,Trans,NA,5275
20,Trans,NA,4886
20,Trans,NA,4701
20,Trans,NA,4596
20,Trans,NA,4630
20,Trans,NA,4631
20,Trans,NA,4795
20,Trans,NA,4905
20,Trans,NA,4961
20,Trans,NA,4962
20,Trans,NA,4991
20,Trans,NA,5008
20,Trans,NA,5007
20,Trans,NA,4882
20,Trans,NA,4698
20,Trans,NA,4697
20,Trans,NA,4499
20,Trans,NA,4500
20,Trans,NA,4492
20,Trans,NA,4285
20,Trans,NA,4225
20,Trans,NA,4073
20,Trans,NA,4008
20,Trans,NA,3855
20,Trans,NA,3854
20,Trans,NA,3719
20,Trans,NA,3544
20,Trans,NA,3408
20,Trans,NA,3407
20,Trans,NA,3160
20,End,NA,3159
25,Taxi,NA,8743
25,Trans,NA,8777
25,Trans,NA,8846
25,Trans,NA,8887
25,Trans,NA,8954
25,Trans,NA,8955
25,Trans,NA,9023
25,Trans,NA,9017
25,Trans,NA,9106
25,Trans,NA,9107
25,Trans,NA,9179
25,Trans,NA,9178
25,Trans,NA,9168
25,Trans,NA,9156
25,Trans,NA,9154
25,Start,55,9154
25,Trans,NA,9156
25,Trans,NA,9168
25,Trans,NA,9178
25,Trans,NA,9177
25,Trans,NA,9247
25,Trans,NA,9390
25,Trans,NA,9384
25,Trans,NA,9404
25,Trans,NA,9429
25,Trans,NA,9512
25,Trans,NA,9514
25,Trans,NA,9499
25,Trans,NA,9547
25,Trans,NA,9565
25,Trans,NA,9582
25,Trans,NA,9583
25,Trans,NA,9621
25,Trans,NA,9718
25,Trans,NA,9719
25,Trans,NA,9826
25,Trans,NA,9876
25,Trans,NA,9922
25,Trans,NA,9921
25,Trans,NA,9965
25,Trans,NA,10065
25,Trans,NA,10175
25,Trans,NA,10244
25,Trans,NA,10300
25,Trans,NA,10301
25,Trans,NA,10327
25,Trans,NA,10349
25,Trans,NA,10391
25,Trans,NA,10439
25,Trans,NA,10438
25,Trans,NA,10533
25,Trans,NA,10556
25,Trans,NA,10612
25,Trans,NA,10753
25,Trans,NA,10755
25,Trans,NA,10846
25,Trans,NA,10926
25,Trans,NA,10927
25,Trans,NA,10941
25,Trans,NA,10977
25,Trans,NA,10976
25,Trans,NA,10952
25,Trans,NA,10935
25,Trans,NA,10953
25,End,NA,10949
27,Taxi,NA,1210
27,Trans,NA,1251
27,Trans,NA,1277
27,Trans,NA,1276
27,Trans,NA,1296
27,Trans,NA,1401
27,Trans,NA,1564
27,Trans,NA,1606
27,Trans,NA,1607
27,Trans,NA,1575
27,Trans,NA,1517
27,Trans,NA,1405
27,Trans,NA,1359
27,Trans,NA,1347
27,Trans,NA,1323
27,Trans,NA,1322
27,Trans,NA,1403
27,Trans,NA,1404
27,Trans,NA,1349
27,Trans,NA,1378
27,Trans,NA,1376
27,Start,56,1376
27,Trans,NA,1378
27,Trans,NA,1349
27,Trans,NA,1404
27,Trans,NA,1403
27,Trans,NA,1571
27,Trans,NA,1695
27,Trans,NA,1809
27,Trans,NA,1869
27,Trans,NA,1870
27,Trans,NA,1927
27,Trans,NA,1966
27,Trans,NA,1999
27,Trans,NA,2060
27,Trans,NA,2059
27,Trans,NA,2195
27,Trans,NA,2222
27,Trans,NA,2223
27,Trans,NA,2283
27,Trans,NA,2354
27,Trans,NA,2447
27,Trans,NA,2471
27,Trans,NA,2514
27,Trans,NA,2546
27,Trans,NA,2547
27,Trans,NA,2577
27,Trans,NA,2705
27,Trans,NA,2806
27,Trans,NA,2835
27,Trans,NA,3002
27,Trans,NA,3001
27,Trans,NA,2887
27,Trans,NA,2576
27,Trans,NA,2523
27,Trans,NA,2484
27,Trans,NA,2455
27,Trans,NA,2489
27,Trans,NA,2649
27,Trans,NA,2760
27,Trans,NA,2898
27,Trans,NA,2899
27,Trans,NA,2941
27,Trans,NA,2939
27,Trans,NA,2932
27,Trans,NA,2933
27,Trans,NA,2964
27,Trans,NA,2993
27,Trans,NA,3032
27,Trans,NA,3053
27,Trans,NA,3075
27,End,NA,3097
40,Taxi,NA,5879
40,Trans,NA,5978
40,Trans,NA,5979
40,Trans,NA,6019
40,Trans,NA,6024
40,Trans,NA,6022
40,Trans,NA,5925
40,Trans,NA,5757
40,Trans,NA,5752
40,Trans,NA,5823
40,Trans,NA,5786
40,Trans,NA,6048
40,Trans,NA,6268
40,Trans,NA,6480
40,Trans,NA,6624
40,Trans,NA,6625
40,Trans,NA,6984
40,Trans,NA,6958
40,Trans,NA,6953
40,Trans,NA,6896
40,Trans,NA,6949
40,Trans,NA,7028
40,Trans,NA,7027
40,Trans,NA,7161
40,Trans,NA,7299
40,Trans,NA,7298
40,Trans,NA,7422
40,Trans,NA,7417
40,Trans,NA,7399
40,Trans,NA,7398
40,Trans,NA,7370
40,Trans,NA,7339
40,Trans,NA,7304
40,Trans,NA,7305
40,Trans,NA,7276
40,Start,58,7276
40,Trans,NA,7305
40,Trans,NA,7304
40,Trans,NA,7339
40,Trans,NA,7370
40,Trans,NA,7398
40,Trans,NA,7399
40,Trans,NA,7417
40,Trans,NA,7422
40,Trans,NA,7298
40,Trans,NA,7299
40,Trans,NA,7161
40,Trans,NA,7027
40,Trans,NA,7028
40,Trans,NA,6949
40,Trans,NA,6896
40,Trans,NA,6953
40,Trans,NA,6958
40,Trans,NA,6984
40,Trans,NA,6625
40,Trans,NA,6624
40,Trans,NA,6480
40,Trans,NA,6268
40,Trans,NA,6048
40,Trans,NA,5348
40,Trans,NA,5347
40,Trans,NA,5152
40,Trans,NA,4947
40,Trans,NA,4538
40,Trans,NA,4362
40,Trans,NA,4235
40,Trans,NA,4173
40,Trans,NA,4155
40,Trans,NA,4025
40,Trans,NA,3804
40,Trans,NA,3640
40,Trans,NA,3491
40,Trans,NA,3385
40,Trans,NA,3314
40,Trans,NA,3002
40,Trans,NA,2835
40,Trans,NA,2806
40,Trans,NA,2705
40,Trans,NA,2577
40,Trans,NA,2547
40,Trans,NA,2546
40,Trans,NA,2514
40,Trans,NA,2471
40,Trans,NA,2447
40,Trans,NA,2354
40,Trans,NA,2283
40,Trans,NA,2223
40,Trans,NA,2222
40,Trans,NA,2195
40,Trans,NA,2059
40,Trans,NA,2060
40,Trans,NA,1999
40,Trans,NA,1966
40,Trans,NA,1927
40,Trans,NA,1858
40,Trans,NA,1859
40,Trans,NA,1776
40,Trans,NA,1775
40,Trans,NA,1674
40,Trans,NA,1673
40,Trans,NA,1607
40,Trans,NA,1606
40,Trans,NA,1564
40,Trans,NA,1401
40,Trans,NA,1296
40,Trans,NA,1276
40,Trans,NA,1277
40,Trans,NA,1251
40,End,NA,1210
