4,Taxi,NA,8271
4,Trans,NA,8231
4,Trans,NA,8190
4,Trans,NA,8142
4,Trans,NA,8141
4,Trans,NA,8058
4,Trans,NA,8026
4,Trans,NA,8068
4,Trans,NA,8066
4,Trans,NA,8044
4,Trans,NA,8045
4,Trans,NA,8064
4,Trans,NA,8158
4,Trans,NA,8122
4,Trans,NA,8031
4,Trans,NA,7945
4,Trans,NA,7901
4,Trans,NA,7900
4,Trans,NA,7858
4,Trans,NA,7833
4,Trans,NA,7765
4,Trans,NA,7665
4,Trans,NA,7503
4,Trans,NA,7454
4,Trans,NA,7420
4,Trans,NA,7382
4,Trans,NA,7387
4,Trans,NA,7298
4,Trans,NA,7299
4,Trans,NA,7161
4,Trans,NA,7027
4,Trans,NA,7028
4,Trans,NA,6949
4,Trans,NA,6896
4,Trans,NA,6953
4,Trans,NA,6958
4,Trans,NA,6984
4,Trans,NA,6625
4,Trans,NA,6624
4,Trans,NA,6480
4,Trans,NA,6268
4,Trans,NA,6048
4,Trans,NA,5348
4,Trans,NA,5347
4,Trans,NA,5152
4,Trans,NA,4947
4,Trans,NA,4538
4,Trans,NA,4362
4,Trans,NA,4235
4,Trans,NA,4173
4,Trans,NA,4155
4,Trans,NA,4024
4,Trans,NA,3930
4,Trans,NA,3929
4,Trans,NA,3922
4,Start,2,3922
4,Trans,NA,3929
4,Trans,NA,3930
4,Trans,NA,4024
4,Trans,NA,4025
4,Trans,NA,3804
4,Trans,NA,3640
4,Trans,NA,3491
4,Trans,NA,3385
4,Trans,NA,3314
4,Trans,NA,3002
4,Trans,NA,2835
4,Trans,NA,2806
4,Trans,NA,2705
4,Trans,NA,2577
4,Trans,NA,2547
4,Trans,NA,2546
4,Trans,NA,2514
4,Trans,NA,2471
4,Trans,NA,2447
4,Trans,NA,2432
4,Trans,NA,2413
4,Trans,NA,2414
4,Trans,NA,2401
4,Trans,NA,2386
4,Trans,NA,2374
4,Trans,NA,2373
4,Trans,NA,2364
4,Trans,NA,2275
4,Trans,NA,2429
4,Trans,NA,2478
4,Trans,NA,2635
4,Trans,NA,2802
4,Trans,NA,2803
4,Trans,NA,2961
4,Trans,NA,3124
4,Trans,NA,3249
4,Trans,NA,3250
4,Trans,NA,3382
4,Trans,NA,3458
4,Trans,NA,3613
4,Trans,NA,3706
4,Trans,NA,3796
4,Trans,NA,3860
4,Trans,NA,3905
4,Trans,NA,3939
4,Trans,NA,4000
4,Trans,NA,4113
4,Trans,NA,4547
4,Trans,NA,4885
4,Trans,NA,4886
4,Trans,NA,4701
4,Trans,NA,4596
4,Trans,NA,4630
4,Trans,NA,4631
4,Trans,NA,4795
4,Trans,NA,4905
4,Trans,NA,4961
4,Trans,NA,4962
4,Trans,NA,4991
4,Trans,NA,5008
4,End,NA,5007
3,Taxi,NA,7523
3,Trans,NA,7342
3,Trans,NA,7344
3,Trans,NA,7238
3,Trans,NA,7181
3,Trans,NA,7180
3,Trans,NA,7072
3,Trans,NA,6657
3,Trans,NA,6659
3,Trans,NA,6461
3,Trans,NA,6186
3,Trans,NA,6187
3,Trans,NA,6115
3,Trans,NA,6060
3,Trans,NA,5705
3,Trans,NA,5415
3,Trans,NA,5412
3,Trans,NA,5345
3,Trans,NA,5174
3,Trans,NA,4885
3,Trans,NA,4547
3,Trans,NA,4113
3,Trans,NA,4000
3,Trans,NA,3939
3,Trans,NA,3905
3,Trans,NA,3860
3,Trans,NA,3796
3,Trans,NA,3706
3,Trans,NA,3613
3,Trans,NA,3458
3,Trans,NA,3382
3,Trans,NA,3250
3,Trans,NA,3249
3,Trans,NA,3124
3,Trans,NA,2961
3,Trans,NA,2803
3,Trans,NA,2802
3,Trans,NA,2635
3,Trans,NA,2478
3,Trans,NA,2429
3,Trans,NA,2275
3,Trans,NA,2364
3,Trans,NA,2373
3,Trans,NA,2374
3,Trans,NA,2386
3,Trans,NA,2401
3,Trans,NA,2414
3,Trans,NA,2413
3,Trans,NA,2432
3,Trans,NA,2447
3,Trans,NA,2471
3,Trans,NA,2514
3,Trans,NA,2546
3,Trans,NA,2547
3,Trans,NA,2577
3,Trans,NA,2705
3,Trans,NA,2806
3,Trans,NA,2835
3,Trans,NA,3002
3,Trans,NA,3001
3,Trans,NA,2887
3,Trans,NA,2576
3,Trans,NA,2523
3,Trans,NA,2524
3,Trans,NA,2525
3,Trans,NA,2563
3,Trans,NA,2677
3,Trans,NA,2689
3,Trans,NA,2726
3,Trans,NA,2727
3,Trans,NA,2755
3,Trans,NA,2761
3,Trans,NA,2763
3,Trans,NA,2764
3,Trans,NA,2768
3,Trans,NA,2776
3,Trans,NA,2774
3,Trans,NA,2856
3,Trans,NA,2861
3,Trans,NA,2820
3,Trans,NA,2842
3,Start,6,2842
3,Trans,NA,2820
3,Trans,NA,2861
3,Trans,NA,2856
3,Trans,NA,2774
3,Trans,NA,2776
3,Trans,NA,2768
3,Trans,NA,2764
3,Trans,NA,2763
3,Trans,NA,2761
3,Trans,NA,2755
3,Trans,NA,2727
3,Trans,NA,2726
3,Trans,NA,2689
3,Trans,NA,2677
3,Trans,NA,2563
3,Trans,NA,2525
3,Trans,NA,2524
3,Trans,NA,2523
3,Trans,NA,2576
3,Trans,NA,2887
3,Trans,NA,3001
3,Trans,NA,3314
3,Trans,NA,3385
3,Trans,NA,3491
3,Trans,NA,3640
3,Trans,NA,3804
3,Trans,NA,4025
3,Trans,NA,4155
3,Trans,NA,4173
3,Trans,NA,4235
3,Trans,NA,4362
3,Trans,NA,4538
3,Trans,NA,4947
3,Trans,NA,5152
3,Trans,NA,5347
3,Trans,NA,5348
3,Trans,NA,6048
3,Trans,NA,6268
3,Trans,NA,6480
3,Trans,NA,6624
3,Trans,NA,6625
3,Trans,NA,6984
3,Trans,NA,6958
3,Trans,NA,6953
3,Trans,NA,6896
3,Trans,NA,6949
3,Trans,NA,7028
3,Trans,NA,7027
3,Trans,NA,7161
3,Trans,NA,7299
3,Trans,NA,7298
3,Trans,NA,7422
3,Trans,NA,7417
3,Trans,NA,7702
3,Trans,NA,7861
3,Trans,NA,7886
3,Trans,NA,7887
3,Trans,NA,7917
3,Trans,NA,7941
3,Trans,NA,8020
3,Trans,NA,8037
3,Trans,NA,8036
3,Trans,NA,8054
3,Trans,NA,8079
3,Trans,NA,8080
3,Trans,NA,8587
3,Trans,NA,8585
3,Trans,NA,8628
3,Trans,NA,8627
3,Trans,NA,8657
3,Trans,NA,8655
3,Trans,NA,8756
3,Trans,NA,8754
3,Trans,NA,8800
3,Trans,NA,8863
3,Trans,NA,8913
3,Trans,NA,9011
3,Trans,NA,9022
3,Trans,NA,9021
3,Trans,NA,9004
3,Trans,NA,9051
3,Trans,NA,9049
3,Trans,NA,9211
3,Trans,NA,9240
3,Trans,NA,9241
3,Trans,NA,9277
3,Trans,NA,9301
3,Trans,NA,9336
3,Trans,NA,9343
3,End,NA,9347
10,Taxi,NA,3504
10,Trans,NA,3481
10,Trans,NA,3469
10,Trans,NA,3470
10,Trans,NA,3450
10,Trans,NA,3370
10,Trans,NA,3369
10,Trans,NA,3342
10,Trans,NA,3343
10,Trans,NA,3295
10,Trans,NA,3296
10,Trans,NA,3183
10,Trans,NA,2974
10,Trans,NA,2943
10,Trans,NA,2942
10,Trans,NA,2637
10,Trans,NA,2636
10,Trans,NA,2561
10,Trans,NA,2481
10,Trans,NA,2049
10,Trans,NA,2143
10,Trans,NA,2144
10,Trans,NA,2076
10,Trans,NA,2028
10,Trans,NA,2002
10,Trans,NA,2098
10,Start,7,2098
10,Trans,NA,2002
10,Trans,NA,2028
10,Trans,NA,2076
10,Trans,NA,2144
10,Trans,NA,2143
10,Trans,NA,2049
10,Trans,NA,2481
10,Trans,NA,2561
10,Trans,NA,2636
10,Trans,NA,2637
10,Trans,NA,2942
10,Trans,NA,2943
10,Trans,NA,2974
10,Trans,NA,3146
10,Trans,NA,3216
10,Trans,NA,3379
10,Trans,NA,3378
10,Trans,NA,3821
10,Trans,NA,3960
10,Trans,NA,4070
10,Trans,NA,4185
10,Trans,NA,4323
10,Trans,NA,4322
10,Trans,NA,4704
10,Trans,NA,4730
10,Trans,NA,4844
10,Trans,NA,5148
10,Trans,NA,5316
10,Trans,NA,5527
10,Trans,NA,5600
10,Trans,NA,5601
10,Trans,NA,5695
10,Trans,NA,5709
10,Trans,NA,5756
10,Trans,NA,5817
10,Trans,NA,5818
10,Trans,NA,5908
10,Trans,NA,5909
10,Trans,NA,6026
10,Trans,NA,6118
10,Trans,NA,6152
10,Trans,NA,6154
10,End,NA,6313
1,Taxi,NA,10339
1,Trans,NA,10323
1,Trans,NA,10335
1,Trans,NA,10338
1,Trans,NA,10364
1,Trans,NA,10365
1,Trans,NA,10366
1,Trans,NA,10345
1,Trans,NA,10312
1,Trans,NA,10297
1,Trans,NA,10269
1,Trans,NA,10260
1,Trans,NA,10201
1,Trans,NA,10174
1,Trans,NA,10103
1,Trans,NA,10070
1,Trans,NA,10078
1,Trans,NA,10077
1,Trans,NA,9992
1,Trans,NA,9947
1,Trans,NA,9758
1,Trans,NA,9697
1,Trans,NA,9696
1,Trans,NA,9598
1,Trans,NA,9569
1,Trans,NA,9407
1,Trans,NA,9152
1,Trans,NA,9153
1,Trans,NA,9067
1,Trans,NA,8748
1,Start,7,8750
1,Trans,NA,8673
1,Trans,NA,8483
1,Trans,NA,8385
1,Trans,NA,8345
1,Trans,NA,8199
1,Trans,NA,8200
1,Trans,NA,8125
1,Trans,NA,7918
1,Trans,NA,7887
1,Trans,NA,7886
1,Trans,NA,7861
1,Trans,NA,7702
1,Trans,NA,7417
1,Trans,NA,7422
1,Trans,NA,7298
1,Trans,NA,7299
1,Trans,NA,7161
1,Trans,NA,7027
1,Trans,NA,7028
1,Trans,NA,6949
1,Trans,NA,6896
1,Trans,NA,6953
1,Trans,NA,6958
1,Trans,NA,6984
1,Trans,NA,6625
1,Trans,NA,6624
1,Trans,NA,6480
1,Trans,NA,6268
1,Trans,NA,6048
1,Trans,NA,5348
1,Trans,NA,5347
1,Trans,NA,5152
1,Trans,NA,4947
1,Trans,NA,4538
1,Trans,NA,4362
1,Trans,NA,4235
1,Trans,NA,4173
1,Trans,NA,4155
1,Trans,NA,4025
1,Trans,NA,3804
1,Trans,NA,3640
1,Trans,NA,3491
1,Trans,NA,3385
1,Trans,NA,3314
1,Trans,NA,3002
1,Trans,NA,2835
1,Trans,NA,2806
1,Trans,NA,2705
1,Trans,NA,2577
1,Trans,NA,2547
1,Trans,NA,2546
1,Trans,NA,2514
1,Trans,NA,2471
1,Trans,NA,2447
1,Trans,NA,2354
1,Trans,NA,2283
1,Trans,NA,2223
1,Trans,NA,2222
1,Trans,NA,2195
1,Trans,NA,2059
1,Trans,NA,2060
1,Trans,NA,1999
1,Trans,NA,1966
1,Trans,NA,1927
1,Trans,NA,1870
1,Trans,NA,1869
1,Trans,NA,1809
1,Trans,NA,1695
1,Trans,NA,1571
1,Trans,NA,1403
1,Trans,NA,1509
1,Trans,NA,1499
1,Trans,NA,1504
1,End,NA,1503
9,Taxi,NA,10029
9,Trans,NA,10078
9,Trans,NA,10156
9,Trans,NA,10157
9,Trans,NA,10278
9,Trans,NA,10277
9,Trans,NA,10267
9,Trans,NA,10283
9,Trans,NA,10319
9,Trans,NA,10320
9,Trans,NA,10354
9,Trans,NA,10360
9,Trans,NA,10394
9,Trans,NA,10421
9,Trans,NA,10407
9,Trans,NA,10402
9,Trans,NA,10401
9,Start,12,10389
9,Trans,NA,10390
9,Trans,NA,10314
9,Trans,NA,10292
9,Trans,NA,10293
9,Trans,NA,10258
9,Trans,NA,10191
9,Trans,NA,10190
9,Trans,NA,10188
9,Trans,NA,10057
9,Trans,NA,10058
9,Trans,NA,9957
9,Trans,NA,9937
9,Trans,NA,9758
9,Trans,NA,9697
9,Trans,NA,9696
9,Trans,NA,9598
9,Trans,NA,9569
9,Trans,NA,9407
9,Trans,NA,9308
9,Trans,NA,9363
9,Trans,NA,9413
9,Trans,NA,9411
9,Trans,NA,9094
9,Trans,NA,8584
9,Trans,NA,8587
9,Trans,NA,8080
9,Trans,NA,8079
9,Trans,NA,8054
9,Trans,NA,8036
9,Trans,NA,8037
9,Trans,NA,8020
9,Trans,NA,7941
9,Trans,NA,7917
9,Trans,NA,7887
9,Trans,NA,7886
9,Trans,NA,7861
9,Trans,NA,7702
9,Trans,NA,7417
9,Trans,NA,7422
9,Trans,NA,7298
9,Trans,NA,7299
9,Trans,NA,7161
9,Trans,NA,7027
9,Trans,NA,7028
9,Trans,NA,6949
9,Trans,NA,6896
9,Trans,NA,6953
9,Trans,NA,6958
9,Trans,NA,6984
9,Trans,NA,6625
9,Trans,NA,6624
9,Trans,NA,6480
9,Trans,NA,6268
9,Trans,NA,6048
9,Trans,NA,5348
9,Trans,NA,5347
9,Trans,NA,5152
9,Trans,NA,4947
9,Trans,NA,4449
9,Trans,NA,4448
9,Trans,NA,4413
9,Trans,NA,4409
9,Trans,NA,4425
9,Trans,NA,4428
9,Trans,NA,4452
9,Trans,NA,4455
9,Trans,NA,4463
9,Trans,NA,4479
9,Trans,NA,4498
9,Trans,NA,4536
9,Trans,NA,4576
9,Trans,NA,4864
9,Trans,NA,4865
9,Trans,NA,4890
9,Trans,NA,5079
9,Trans,NA,5112
9,Trans,NA,5195
9,Trans,NA,5196
9,Trans,NA,5087
9,Trans,NA,5086
9,Trans,NA,5078
9,Trans,NA,4938
9,Trans,NA,4797
9,Trans,NA,4745
9,Trans,NA,4746
9,Trans,NA,4700
9,Trans,NA,4474
9,Trans,NA,4475
9,Trans,NA,4426
9,Trans,NA,4304
9,Trans,NA,4303
9,Trans,NA,4276
9,Trans,NA,4178
9,Trans,NA,4104
9,Trans,NA,4103
9,Trans,NA,4057
9,Trans,NA,4133
9,Trans,NA,4153
9,Trans,NA,4177
9,Trans,NA,4201
9,End,NA,4283
11,Taxi,NA,1576
11,Trans,NA,1577
11,Trans,NA,1516
11,Trans,NA,1515
11,Trans,NA,1481
11,Trans,NA,1432
11,Trans,NA,1402
11,Trans,NA,1403
11,Trans,NA,1322
11,Trans,NA,1321
11,Trans,NA,969
11,Trans,NA,970
11,Trans,NA,1132
11,Trans,NA,1160
11,Trans,NA,1161
11,Trans,NA,1169
11,Trans,NA,1193
11,Trans,NA,1202
11,Trans,NA,1224
11,Trans,NA,1223
11,Trans,NA,1256
11,Trans,NA,1325
11,Trans,NA,1462
11,Trans,NA,1460
11,Trans,NA,1539
11,Trans,NA,1581
11,Trans,NA,1663
11,Trans,NA,1799
11,Trans,NA,1850
11,Trans,NA,1887
11,Trans,NA,1901
11,Trans,NA,1900
11,Trans,NA,1917
11,Trans,NA,1994
11,Trans,NA,1995
11,Trans,NA,2071
11,Trans,NA,2179
11,Trans,NA,2205
11,Trans,NA,2241
11,Trans,NA,2290
11,Trans,NA,2236
11,Trans,NA,2253
11,Trans,NA,2254
11,Trans,NA,2326
11,Trans,NA,2328
11,Trans,NA,2306
11,Start,20,2306
11,Trans,NA,2328
11,Trans,NA,2326
11,Trans,NA,2254
11,Trans,NA,2253
11,Trans,NA,2236
11,Trans,NA,2290
11,Trans,NA,2241
11,Trans,NA,2205
11,Trans,NA,2179
11,Trans,NA,2071
11,Trans,NA,1995
11,Trans,NA,1994
11,Trans,NA,1917
11,Trans,NA,1900
11,Trans,NA,1901
11,Trans,NA,1897
11,Trans,NA,1992
11,Trans,NA,1975
11,Trans,NA,1980
11,Trans,NA,1974
11,Trans,NA,1973
11,Trans,NA,1950
11,Trans,NA,2028
11,Trans,NA,2076
11,Trans,NA,2144
11,Trans,NA,2143
11,Trans,NA,2049
11,Trans,NA,2481
11,Trans,NA,2561
11,Trans,NA,2636
11,Trans,NA,2637
11,Trans,NA,2942
11,Trans,NA,2943
11,Trans,NA,2974
11,Trans,NA,3146
11,Trans,NA,3216
11,Trans,NA,3379
11,Trans,NA,3378
11,Trans,NA,3821
11,Trans,NA,3960
11,Trans,NA,4070
11,Trans,NA,4185
11,Trans,NA,4323
11,Trans,NA,4322
11,Trans,NA,4704
11,Trans,NA,4730
11,Trans,NA,4844
11,Trans,NA,5148
11,Trans,NA,5316
11,Trans,NA,5527
11,Trans,NA,5600
11,Trans,NA,5601
11,Trans,NA,5695
11,Trans,NA,5709
11,Trans,NA,5756
11,Trans,NA,5817
11,Trans,NA,5818
11,Trans,NA,5908
11,Trans,NA,6255
11,Trans,NA,6254
11,Trans,NA,6612
11,Trans,NA,7030
11,Trans,NA,6867
11,Trans,NA,6602
11,Trans,NA,6785
11,Trans,NA,6786
11,Trans,NA,6924
11,Trans,NA,6925
11,Trans,NA,6715
11,Trans,NA,6643
11,Trans,NA,6537
11,Trans,NA,6505
11,Trans,NA,6483
11,Trans,NA,6428
11,Trans,NA,6427
11,Trans,NA,6599
11,Trans,NA,6703
11,Trans,NA,6704
11,Trans,NA,6980
11,Trans,NA,6979
11,Trans,NA,7231
11,Trans,NA,7355
11,Trans,NA,7453
11,Trans,NA,7475
11,Trans,NA,7840
11,Trans,NA,7839
11,Trans,NA,7935
11,Trans,NA,7997
11,Trans,NA,8103
11,Trans,NA,8188
11,Trans,NA,8331
11,Trans,NA,8378
11,Trans,NA,8434
11,Trans,NA,8494
11,Trans,NA,8513
11,Trans,NA,8679
11,Trans,NA,8678
11,Trans,NA,8696
11,Trans,NA,8695
11,Trans,NA,8704
11,Trans,NA,8717
11,Trans,NA,8554
11,Trans,NA,8560
11,Trans,NA,8562
11,Trans,NA,8722
11,Trans,NA,8733
11,Trans,NA,8934
11,Trans,NA,8932
11,Trans,NA,8990
11,Trans,NA,9157
11,Trans,NA,9249
11,Trans,NA,9300
11,Trans,NA,9299
11,Trans,NA,9335
11,Trans,NA,9367
11,Trans,NA,9405
11,Trans,NA,9458
11,Trans,NA,9483
11,Trans,NA,9549
11,Trans,NA,9663
11,Trans,NA,9704
11,Trans,NA,9721
11,Trans,NA,9807
11,Trans,NA,9833
11,Trans,NA,9851
11,Trans,NA,9850
11,Trans,NA,9930
11,Trans,NA,9980
11,Trans,NA,9979
11,End,NA,9961
6,Taxi,NA,250
6,Trans,NA,247
6,Trans,NA,268
6,Trans,NA,284
6,Trans,NA,305
6,Trans,NA,319
6,Trans,NA,331
6,Trans,NA,345
6,Trans,NA,358
6,Trans,NA,386
6,Trans,NA,426
6,Trans,NA,450
6,Trans,NA,466
6,Trans,NA,503
6,Trans,NA,520
6,Trans,NA,549
6,Trans,NA,577
6,Trans,NA,618
6,Trans,NA,669
6,Trans,NA,735
6,Trans,NA,778
6,Trans,NA,825
6,Trans,NA,903
6,Trans,NA,949
6,Trans,NA,997
6,Trans,NA,1082
6,Trans,NA,1127
6,Trans,NA,1165
6,Trans,NA,1164
6,Trans,NA,1153
6,Trans,NA,1143
6,Trans,NA,1144
6,Trans,NA,1136
6,Trans,NA,1099
6,Trans,NA,1092
6,Trans,NA,1091
6,Trans,NA,1057
6,Trans,NA,1039
6,Trans,NA,1029
6,Trans,NA,929
6,Trans,NA,917
6,Trans,NA,916
6,Trans,NA,841
6,Trans,NA,843
6,Trans,NA,785
6,Trans,NA,696
6,Trans,NA,844
6,Trans,NA,1321
6,Trans,NA,1322
6,Trans,NA,1571
6,Trans,NA,1695
6,Trans,NA,1656
6,Trans,NA,1652
6,Trans,NA,1647
6,Trans,NA,1648
6,Trans,NA,1658
6,Trans,NA,1697
6,Trans,NA,1684
6,Start,22,1684
6,Trans,NA,1697
6,Trans,NA,1698
6,Trans,NA,1732
6,Trans,NA,1733
6,Trans,NA,1725
6,Trans,NA,1726
6,Trans,NA,1895
6,Trans,NA,1951
6,Trans,NA,2124
6,Trans,NA,2125
6,Trans,NA,2429
6,Trans,NA,2478
6,Trans,NA,2635
6,Trans,NA,2802
6,Trans,NA,2803
6,Trans,NA,2961
6,Trans,NA,3124
6,Trans,NA,3249
6,Trans,NA,3250
6,Trans,NA,3382
6,Trans,NA,3458
6,Trans,NA,3613
6,Trans,NA,3706
6,Trans,NA,3796
6,Trans,NA,3860
6,Trans,NA,3905
6,Trans,NA,3939
6,Trans,NA,4000
6,Trans,NA,4113
6,Trans,NA,4547
6,Trans,NA,4885
6,Trans,NA,5174
6,Trans,NA,5345
6,Trans,NA,5412
6,Trans,NA,5414
6,Trans,NA,5541
6,Trans,NA,5833
6,Trans,NA,5832
6,Trans,NA,5906
6,Trans,NA,5905
6,Trans,NA,6025
6,Trans,NA,6211
6,Trans,NA,6295
6,Trans,NA,6294
6,Trans,NA,6234
6,Trans,NA,6447
6,Trans,NA,6572
6,Trans,NA,6573
6,Trans,NA,6990
6,Trans,NA,7110
6,Trans,NA,7157
6,Trans,NA,7207
6,Trans,NA,7266
6,Trans,NA,7265
6,Trans,NA,7406
6,Trans,NA,7407
6,Trans,NA,7371
6,Trans,NA,7504
6,Trans,NA,7454
6,Trans,NA,7420
6,Trans,NA,7419
6,Trans,NA,7417
6,Trans,NA,7702
6,Trans,NA,7861
6,Trans,NA,7886
6,Trans,NA,7887
6,Trans,NA,7917
6,Trans,NA,7941
6,Trans,NA,8020
6,Trans,NA,8037
6,Trans,NA,8036
6,Trans,NA,8054
6,Trans,NA,8079
6,Trans,NA,8080
6,Trans,NA,8587
6,Trans,NA,8585
6,Trans,NA,8628
6,Trans,NA,8627
6,Trans,NA,8657
6,Trans,NA,8655
6,Trans,NA,8756
6,Trans,NA,8754
6,Trans,NA,8800
6,Trans,NA,8863
6,Trans,NA,8913
6,Trans,NA,9052
6,Trans,NA,9053
6,Trans,NA,9203
6,Trans,NA,9202
6,Trans,NA,9295
6,Trans,NA,9369
6,Trans,NA,9383
6,End,NA,9384
1,Taxi,NA,1503
1,Trans,NA,1504
1,Trans,NA,1499
1,Trans,NA,1509
1,Trans,NA,1403
1,Trans,NA,1322
1,Trans,NA,1321
1,Trans,NA,969
1,Trans,NA,970
1,Trans,NA,1132
1,Trans,NA,1160
1,Trans,NA,1161
1,Trans,NA,1169
1,Trans,NA,1193
1,Trans,NA,1202
1,Trans,NA,1224
1,Trans,NA,1223
1,Trans,NA,1239
1,Trans,NA,1231
1,Trans,NA,1233
1,Trans,NA,1259
1,Trans,NA,1307
1,Trans,NA,1370
1,Trans,NA,1456
1,Trans,NA,1619
1,Trans,NA,1620
1,Trans,NA,1765
1,Trans,NA,1918
1,Trans,NA,1926
1,Trans,NA,1949
1,Trans,NA,1950
1,Trans,NA,2028
1,Trans,NA,2076
1,Trans,NA,2144
1,Trans,NA,2143
1,Trans,NA,2049
1,Trans,NA,2481
1,Trans,NA,2561
1,Trans,NA,2636
1,Trans,NA,2637
1,Trans,NA,2942
1,Trans,NA,2943
1,Trans,NA,2974
1,Trans,NA,3146
1,Trans,NA,3216
1,Trans,NA,3379
1,Trans,NA,3378
1,Trans,NA,3821
1,Trans,NA,3960
1,Trans,NA,4070
1,Trans,NA,4185
1,Trans,NA,4323
1,Trans,NA,4322
1,Trans,NA,4704
1,Trans,NA,4730
1,Trans,NA,4844
1,Trans,NA,5148
1,Trans,NA,5316
1,Trans,NA,5527
1,Trans,NA,5600
1,Trans,NA,5601
1,Trans,NA,5695
1,Trans,NA,5709
1,Trans,NA,5756
1,Trans,NA,5817
1,Trans,NA,5818
1,Trans,NA,5908
1,Trans,NA,6255
1,Trans,NA,6254
1,Start,28,6254
1,Trans,NA,6255
1,Trans,NA,5851
1,Trans,NA,5852
1,Trans,NA,5738
1,Trans,NA,5739
1,Trans,NA,5608
1,Trans,NA,5609
1,Trans,NA,5578
1,Trans,NA,5498
1,End,NA,5497
10,Taxi,NA,6422
10,Trans,NA,6521
10,Trans,NA,6673
10,Trans,NA,6785
10,Trans,NA,6786
10,Trans,NA,6924
10,Trans,NA,6925
10,Trans,NA,6715
10,Trans,NA,6643
10,Trans,NA,6537
10,Trans,NA,6505
10,Trans,NA,6483
10,Trans,NA,6428
10,Trans,NA,6427
10,Trans,NA,6599
10,Trans,NA,6703
10,Trans,NA,6704
10,Trans,NA,6980
10,Trans,NA,6979
10,Trans,NA,7231
10,Trans,NA,7355
10,Trans,NA,7453
10,Trans,NA,7475
10,Trans,NA,7840
10,Trans,NA,7839
10,Trans,NA,7935
10,Trans,NA,7997
10,Trans,NA,8103
10,Trans,NA,8188
10,Trans,NA,8331
10,Trans,NA,8378
10,Trans,NA,8434
10,Trans,NA,8494
10,Trans,NA,8513
10,Trans,NA,8679
10,Trans,NA,8678
10,Trans,NA,8696
10,Trans,NA,8695
10,Trans,NA,8704
10,Trans,NA,8717
10,Trans,NA,8554
10,Trans,NA,8560
10,Trans,NA,8562
10,Trans,NA,8722
10,Trans,NA,8733
10,Trans,NA,8934
10,Trans,NA,8932
10,Trans,NA,8990
10,Trans,NA,9157
10,Trans,NA,9249
10,Trans,NA,9300
10,Trans,NA,9299
10,Trans,NA,9335
10,Trans,NA,9366
10,Trans,NA,9379
10,Trans,NA,9437
10,Trans,NA,9447
10,Trans,NA,9538
10,Trans,NA,9557
10,Trans,NA,9653
10,Trans,NA,9750
10,Trans,NA,9898
10,Trans,NA,9897
10,Trans,NA,10013
10,Trans,NA,10059
10,Trans,NA,10127
10,Trans,NA,10126
10,Trans,NA,10099
10,Trans,NA,10071
10,Trans,NA,10063
10,Trans,NA,10055
10,Trans,NA,10082
10,Trans,NA,10083
10,Start,31,10083
10,Trans,NA,10082
10,Trans,NA,10055
10,Trans,NA,10063
10,Trans,NA,10071
10,Trans,NA,10099
10,Trans,NA,10126
10,Trans,NA,10127
10,Trans,NA,10059
10,Trans,NA,10013
10,Trans,NA,9897
10,Trans,NA,9898
10,Trans,NA,9750
10,Trans,NA,9653
10,Trans,NA,9557
10,Trans,NA,9538
10,Trans,NA,9447
10,Trans,NA,9437
10,Trans,NA,9379
10,Trans,NA,9366
10,Trans,NA,9335
10,Trans,NA,9299
10,Trans,NA,9300
10,Trans,NA,9249
10,Trans,NA,9157
10,Trans,NA,8990
10,Trans,NA,8932
10,Trans,NA,8934
10,Trans,NA,8733
10,Trans,NA,8722
10,Trans,NA,8562
10,Trans,NA,8560
10,Trans,NA,8554
10,Trans,NA,8717
10,Trans,NA,8704
10,Trans,NA,8695
10,Trans,NA,8696
10,Trans,NA,8678
10,Trans,NA,8679
10,Trans,NA,8513
10,Trans,NA,8494
10,Trans,NA,8434
10,Trans,NA,8378
10,Trans,NA,8331
10,Trans,NA,8188
10,Trans,NA,8103
10,Trans,NA,7997
10,Trans,NA,7935
10,Trans,NA,7839
10,Trans,NA,7840
10,Trans,NA,7475
10,Trans,NA,7453
10,Trans,NA,7355
10,Trans,NA,7231
10,Trans,NA,6979
10,Trans,NA,6980
10,Trans,NA,6704
10,Trans,NA,6703
10,Trans,NA,6599
10,Trans,NA,6427
10,Trans,NA,6426
10,Trans,NA,6222
10,Trans,NA,6223
10,Trans,NA,6122
10,Trans,NA,6093
10,Trans,NA,6032
10,Trans,NA,5963
10,Trans,NA,5915
10,Trans,NA,5874
10,Trans,NA,5840
10,Trans,NA,5839
10,Trans,NA,5769
10,Trans,NA,5713
10,Trans,NA,5678
10,Trans,NA,5605
10,Trans,NA,5467
10,Trans,NA,5484
10,Trans,NA,5379
10,Trans,NA,5378
10,Trans,NA,5210
10,Trans,NA,5095
10,Trans,NA,4975
10,Trans,NA,4879
10,Trans,NA,4894
10,Trans,NA,4893
10,Trans,NA,4851
10,Trans,NA,4834
10,Trans,NA,4833
10,Trans,NA,4732
10,Trans,NA,4731
10,Trans,NA,4720
10,Trans,NA,4706
10,Trans,NA,4640
10,Trans,NA,4431
10,Trans,NA,4379
10,Trans,NA,4439
10,Trans,NA,4476
10,Trans,NA,4539
10,Trans,NA,4540
10,End,NA,4614
9,Taxi,NA,4283
9,Trans,NA,4201
9,Trans,NA,4177
9,Trans,NA,4153
9,Trans,NA,4133
9,Trans,NA,4057
9,Trans,NA,4103
9,Trans,NA,4104
9,Trans,NA,4114
9,Trans,NA,4045
9,Trans,NA,3999
9,Trans,NA,3951
9,Trans,NA,3624
9,Trans,NA,3623
9,Trans,NA,3550
9,Trans,NA,3436
9,Trans,NA,3342
9,Trans,NA,3343
9,Trans,NA,3295
9,Trans,NA,3296
9,Trans,NA,3183
9,Trans,NA,2974
9,Trans,NA,2943
9,Trans,NA,2942
9,Trans,NA,2637
9,Trans,NA,2636
9,Trans,NA,2561
9,Trans,NA,2481
9,Trans,NA,2049
9,Trans,NA,2143
9,Trans,NA,2144
9,Trans,NA,2076
9,Trans,NA,2028
9,Trans,NA,1950
9,Trans,NA,1949
9,Trans,NA,1926
9,Trans,NA,1918
9,Trans,NA,1765
9,Trans,NA,1620
9,Trans,NA,1619
9,Trans,NA,1456
9,Trans,NA,1370
9,Trans,NA,1307
9,Trans,NA,1259
9,Trans,NA,1233
9,Trans,NA,1231
9,Trans,NA,1239
9,Trans,NA,1223
9,Trans,NA,1224
9,Trans,NA,1202
9,Trans,NA,1193
9,Trans,NA,1169
9,Trans,NA,1161
9,Trans,NA,1160
9,Trans,NA,1132
9,Trans,NA,970
9,Trans,NA,969
9,Trans,NA,844
9,Trans,NA,643
9,Trans,NA,644
9,Trans,NA,617
9,Trans,NA,609
9,Trans,NA,637
9,Trans,NA,638
9,Trans,NA,645
9,Trans,NA,653
9,Trans,NA,686
9,Trans,NA,693
9,Trans,NA,694
9,Trans,NA,699
9,Trans,NA,711
9,Trans,NA,715
9,Trans,NA,733
9,Trans,NA,748
9,Trans,NA,758
9,Trans,NA,763
9,Trans,NA,744
9,Trans,NA,743
9,Trans,NA,764
9,Trans,NA,804
9,Trans,NA,805
9,Trans,NA,818
9,Trans,NA,840
9,Trans,NA,839
9,Trans,NA,858
9,Trans,NA,857
9,Trans,NA,852
9,Trans,NA,853
9,Trans,NA,887
9,Start,32,887
9,Trans,NA,853
9,Trans,NA,852
9,Trans,NA,857
9,Trans,NA,858
9,Trans,NA,839
9,Trans,NA,840
9,Trans,NA,818
9,Trans,NA,805
9,Trans,NA,804
9,Trans,NA,764
9,Trans,NA,743
9,Trans,NA,744
9,Trans,NA,763
9,Trans,NA,758
9,Trans,NA,748
9,Trans,NA,733
9,Trans,NA,715
9,Trans,NA,711
9,Trans,NA,699
9,Trans,NA,694
9,Trans,NA,693
9,Trans,NA,686
9,Trans,NA,653
9,Trans,NA,645
9,Trans,NA,638
9,Trans,NA,637
9,Trans,NA,609
9,Trans,NA,617
9,Trans,NA,644
9,Trans,NA,643
9,Trans,NA,844
9,Trans,NA,1321
9,Trans,NA,1322
9,Trans,NA,1571
9,Trans,NA,1695
9,Trans,NA,1809
9,Trans,NA,1869
9,Trans,NA,1870
9,Trans,NA,1927
9,Trans,NA,1966
9,Trans,NA,1999
9,Trans,NA,2060
9,Trans,NA,2059
9,Trans,NA,2195
9,Trans,NA,2222
9,Trans,NA,2223
9,Trans,NA,2283
9,Trans,NA,2354
9,Trans,NA,2447
9,Trans,NA,2471
9,Trans,NA,2514
9,Trans,NA,2546
9,Trans,NA,2547
9,Trans,NA,2577
9,Trans,NA,2705
9,Trans,NA,2806
9,Trans,NA,2835
9,Trans,NA,3002
9,Trans,NA,3314
9,Trans,NA,3385
9,Trans,NA,3491
9,Trans,NA,3640
9,Trans,NA,3804
9,Trans,NA,4025
9,Trans,NA,4155
9,Trans,NA,4173
9,Trans,NA,4235
9,Trans,NA,4362
9,Trans,NA,4538
9,Trans,NA,4947
9,Trans,NA,5152
9,Trans,NA,5347
9,Trans,NA,5348
9,Trans,NA,6048
9,Trans,NA,6268
9,Trans,NA,6480
9,Trans,NA,6624
9,Trans,NA,6625
9,Trans,NA,6984
9,Trans,NA,6958
9,Trans,NA,6953
9,Trans,NA,6896
9,Trans,NA,6949
9,Trans,NA,7028
9,Trans,NA,7027
9,Trans,NA,7161
9,Trans,NA,7299
9,Trans,NA,7298
9,Trans,NA,7422
9,Trans,NA,7417
9,Trans,NA,7702
9,Trans,NA,7861
9,Trans,NA,7886
9,Trans,NA,7887
9,Trans,NA,7917
9,Trans,NA,7941
9,Trans,NA,8020
9,Trans,NA,8037
9,Trans,NA,8036
9,Trans,NA,8054
9,Trans,NA,8079
9,Trans,NA,8080
9,Trans,NA,8587
9,Trans,NA,8585
9,Trans,NA,8628
9,Trans,NA,8627
9,Trans,NA,8657
9,Trans,NA,8655
9,Trans,NA,8756
9,Trans,NA,8754
9,Trans,NA,8800
9,Trans,NA,8863
9,Trans,NA,8913
9,Trans,NA,9052
9,Trans,NA,9053
9,Trans,NA,9203
9,Trans,NA,9202
9,Trans,NA,9295
9,Trans,NA,9377
9,Trans,NA,9403
9,Trans,NA,9426
9,Trans,NA,9425
9,Trans,NA,9432
9,Trans,NA,9441
9,Trans,NA,9472
9,Trans,NA,9505
9,Trans,NA,9503
9,Trans,NA,9548
9,Trans,NA,9663
9,Trans,NA,9704
9,Trans,NA,9721
9,Trans,NA,9807
9,End,NA,9833
19,Taxi,NA,6606
19,Trans,NA,6532
19,Trans,NA,6533
19,Trans,NA,6489
19,Trans,NA,6443
19,Trans,NA,6462
19,Trans,NA,6461
19,Trans,NA,6186
19,Trans,NA,6187
19,Trans,NA,6115
19,Trans,NA,6060
19,Trans,NA,5705
19,Trans,NA,5415
19,Trans,NA,5412
19,Trans,NA,5345
19,Trans,NA,5174
19,Trans,NA,4885
19,Trans,NA,4547
19,Trans,NA,4113
19,Trans,NA,4000
19,Trans,NA,3939
19,Trans,NA,3905
19,Trans,NA,3860
19,Trans,NA,3796
19,Trans,NA,3706
19,Trans,NA,3613
19,Trans,NA,3458
19,Trans,NA,3382
19,Trans,NA,3250
19,Trans,NA,3249
19,Trans,NA,3124
19,Trans,NA,2961
19,Trans,NA,2803
19,Trans,NA,2802
19,Trans,NA,2635
19,Trans,NA,2478
19,Trans,NA,2429
19,Trans,NA,2125
19,Trans,NA,2124
19,Trans,NA,1951
19,Trans,NA,1895
19,Trans,NA,1726
19,Trans,NA,1725
19,Trans,NA,1733
19,Trans,NA,1732
19,Trans,NA,1698
19,Trans,NA,1658
19,Trans,NA,1648
19,Trans,NA,1647
19,Trans,NA,1652
19,Trans,NA,1656
19,Trans,NA,1695
19,Trans,NA,1571
19,Trans,NA,1322
19,Trans,NA,1321
19,Trans,NA,844
19,Trans,NA,696
19,Trans,NA,785
19,Trans,NA,843
19,Trans,NA,841
19,Trans,NA,916
19,Trans,NA,917
19,Trans,NA,929
19,Trans,NA,1029
19,Trans,NA,1039
19,Trans,NA,1059
19,Trans,NA,1060
19,Trans,NA,1107
19,Trans,NA,1112
19,Start,33,1119
19,Trans,NA,1117
19,Trans,NA,1131
19,Trans,NA,1136
19,Trans,NA,1144
19,Trans,NA,1143
19,Trans,NA,1153
19,Trans,NA,1164
19,Trans,NA,1166
19,Trans,NA,1175
19,Trans,NA,1179
19,Trans,NA,1185
19,Trans,NA,1189
19,Trans,NA,1197
19,Trans,NA,1203
19,Trans,NA,1208
19,Trans,NA,1216
19,Trans,NA,1312
19,Trans,NA,1310
19,Trans,NA,1381
19,Trans,NA,1394
19,Trans,NA,1451
19,Trans,NA,1568
19,Trans,NA,1567
19,Trans,NA,1655
19,Trans,NA,1722
19,Trans,NA,1795
19,Trans,NA,1865
19,Trans,NA,1909
19,Trans,NA,1947
19,Trans,NA,1946
19,Trans,NA,2049
19,Trans,NA,2481
19,Trans,NA,2561
19,Trans,NA,2636
19,Trans,NA,2637
19,Trans,NA,2942
19,Trans,NA,2943
19,Trans,NA,2974
19,Trans,NA,3146
19,Trans,NA,3216
19,Trans,NA,3379
19,Trans,NA,3378
19,Trans,NA,3821
19,Trans,NA,3960
19,Trans,NA,4070
19,Trans,NA,4185
19,Trans,NA,4323
19,Trans,NA,4322
19,Trans,NA,4704
19,Trans,NA,4730
19,Trans,NA,4844
19,Trans,NA,5148
19,Trans,NA,5316
19,Trans,NA,5527
19,Trans,NA,5600
19,Trans,NA,5601
19,Trans,NA,5695
19,Trans,NA,5709
19,Trans,NA,5756
19,Trans,NA,5817
19,Trans,NA,5818
19,Trans,NA,5908
19,Trans,NA,6255
19,Trans,NA,6254
19,Trans,NA,6612
19,Trans,NA,7030
19,Trans,NA,6867
19,Trans,NA,6602
19,Trans,NA,6785
19,Trans,NA,6786
19,Trans,NA,6924
19,Trans,NA,6925
19,Trans,NA,6715
19,Trans,NA,6643
19,Trans,NA,6537
19,Trans,NA,6505
19,Trans,NA,6483
19,Trans,NA,6428
19,Trans,NA,6427
19,Trans,NA,6599
19,Trans,NA,6703
19,Trans,NA,6704
19,Trans,NA,6980
19,Trans,NA,6979
19,Trans,NA,7231
19,Trans,NA,7355
19,Trans,NA,7453
19,Trans,NA,7475
19,Trans,NA,7840
19,Trans,NA,7839
19,Trans,NA,7935
19,Trans,NA,7997
19,Trans,NA,8103
19,Trans,NA,8188
19,Trans,NA,8331
19,Trans,NA,8378
19,Trans,NA,8434
19,Trans,NA,8494
19,Trans,NA,8513
19,Trans,NA,8679
19,Trans,NA,8678
19,Trans,NA,8696
19,Trans,NA,8695
19,Trans,NA,8704
19,Trans,NA,8717
19,Trans,NA,8554
19,Trans,NA,8555
19,Trans,NA,8450
19,Trans,NA,8449
19,Trans,NA,8437
19,Trans,NA,8429
19,Trans,NA,8318
19,Trans,NA,8315
19,Trans,NA,8311
19,Trans,NA,8312
19,Trans,NA,8309
19,End,NA,7704
18,Taxi,NA,10613
18,Trans,NA,10556
18,Trans,NA,10533
18,Trans,NA,10438
18,Trans,NA,10439
18,Trans,NA,10391
18,Trans,NA,10349
18,Trans,NA,10327
18,Trans,NA,10301
18,Trans,NA,10300
18,Trans,NA,10244
18,Trans,NA,10174
18,Trans,NA,10103
18,Trans,NA,10070
18,Trans,NA,10078
18,Trans,NA,10077
18,Trans,NA,9992
18,Trans,NA,9947
18,Trans,NA,9758
18,Trans,NA,9697
18,Trans,NA,9696
18,Trans,NA,9598
18,Trans,NA,9569
18,Trans,NA,9407
18,Trans,NA,9308
18,Trans,NA,9363
18,Trans,NA,9413
18,Trans,NA,9411
18,Trans,NA,9094
18,Trans,NA,8584
18,Trans,NA,8587
18,Trans,NA,8080
18,Trans,NA,8079
18,Trans,NA,8054
18,Trans,NA,8036
18,Trans,NA,8037
18,Trans,NA,8020
18,Trans,NA,7941
18,Trans,NA,7917
18,Trans,NA,7887
18,Trans,NA,7886
18,Trans,NA,7861
18,Trans,NA,7702
18,Trans,NA,7417
18,Trans,NA,7422
18,Trans,NA,7298
18,Trans,NA,7299
18,Trans,NA,7161
18,Trans,NA,7027
18,Trans,NA,7028
18,Trans,NA,6949
18,Trans,NA,6896
18,Trans,NA,6953
18,Trans,NA,6958
18,Trans,NA,6984
18,Trans,NA,6625
18,Trans,NA,6624
18,Trans,NA,6480
18,Trans,NA,6268
18,Trans,NA,6048
18,Trans,NA,5348
18,Trans,NA,5347
18,Trans,NA,5152
18,Trans,NA,4947
18,Trans,NA,4538
18,Trans,NA,4362
18,Trans,NA,4235
18,Trans,NA,4173
18,Trans,NA,4155
18,Trans,NA,4025
18,Trans,NA,3804
18,Trans,NA,3640
18,Trans,NA,3491
18,Trans,NA,3385
18,Trans,NA,3314
18,Trans,NA,3001
18,Trans,NA,2887
18,Trans,NA,2576
18,Trans,NA,2523
18,Trans,NA,2484
18,Trans,NA,2455
18,Trans,NA,2489
18,Trans,NA,2465
18,Trans,NA,2463
18,Trans,NA,2458
18,Trans,NA,2312
18,Trans,NA,2311
18,Trans,NA,2256
18,Trans,NA,2252
18,Trans,NA,2277
18,Trans,NA,2278
18,Trans,NA,2177
18,Trans,NA,2145
18,Trans,NA,2143
18,Trans,NA,1946
18,Trans,NA,1947
18,Trans,NA,1909
18,Trans,NA,1865
18,Trans,NA,1795
18,Trans,NA,1722
18,Trans,NA,1655
18,Trans,NA,1567
18,Trans,NA,1568
18,Trans,NA,1451
18,Trans,NA,1394
18,Trans,NA,1381
18,Trans,NA,1310
18,Trans,NA,1312
18,Trans,NA,1216
18,Trans,NA,1208
18,Trans,NA,1203
18,Trans,NA,1197
18,Trans,NA,1189
18,Trans,NA,1188
18,Start,38,1188
18,Trans,NA,1185
18,Trans,NA,1179
18,Trans,NA,1175
18,Trans,NA,1166
18,Trans,NA,1164
18,Trans,NA,1153
18,Trans,NA,1143
18,Trans,NA,1144
18,Trans,NA,1136
18,Trans,NA,1099
18,Trans,NA,1092
18,Trans,NA,1091
18,Trans,NA,1057
18,Trans,NA,1039
18,Trans,NA,1029
18,Trans,NA,929
18,Trans,NA,917
18,Trans,NA,916
18,Trans,NA,841
18,Trans,NA,843
18,Trans,NA,785
18,Trans,NA,696
18,Trans,NA,844
18,Trans,NA,1321
18,Trans,NA,1322
18,Trans,NA,1571
18,Trans,NA,1695
18,Trans,NA,1656
18,Trans,NA,1652
18,Trans,NA,1647
18,Trans,NA,1648
18,Trans,NA,1658
18,Trans,NA,1698
18,Trans,NA,1732
18,Trans,NA,1733
18,Trans,NA,1725
18,Trans,NA,1726
18,Trans,NA,1895
18,Trans,NA,1951
18,Trans,NA,2124
18,Trans,NA,2125
18,Trans,NA,2429
18,Trans,NA,2478
18,Trans,NA,2635
18,Trans,NA,2802
18,Trans,NA,2803
18,Trans,NA,2961
18,Trans,NA,3124
18,Trans,NA,3249
18,Trans,NA,3250
18,Trans,NA,3382
18,Trans,NA,3458
18,Trans,NA,3613
18,Trans,NA,3706
18,Trans,NA,3796
18,Trans,NA,3860
18,Trans,NA,3905
18,Trans,NA,3939
18,Trans,NA,4000
18,Trans,NA,4113
18,Trans,NA,4547
18,Trans,NA,4885
18,Trans,NA,5275
18,Trans,NA,5491
18,Trans,NA,5876
18,Trans,NA,6061
18,Trans,NA,6548
18,Trans,NA,7164
18,Trans,NA,7165
18,Trans,NA,7469
18,Trans,NA,7746
18,Trans,NA,7980
18,Trans,NA,8139
18,Trans,NA,8377
18,Trans,NA,8594
18,Trans,NA,8732
18,Trans,NA,8862
18,Trans,NA,9141
18,Trans,NA,9142
18,Trans,NA,9322
18,Trans,NA,9494
18,Trans,NA,9575
18,Trans,NA,9606
18,Trans,NA,9607
18,Trans,NA,9699
18,Trans,NA,10090
18,Trans,NA,10166
18,Trans,NA,10246
18,Trans,NA,10245
18,Trans,NA,10296
18,Trans,NA,10324
18,Trans,NA,10523
18,Trans,NA,10486
18,Trans,NA,10487
18,Trans,NA,10409
18,Trans,NA,10410
18,Trans,NA,10411
18,Trans,NA,10447
18,Trans,NA,10522
18,Trans,NA,10679
18,End,NA,10779
20,Taxi,NA,212
20,Trans,NA,170
20,Trans,NA,147
20,Trans,NA,146
20,Trans,NA,120
20,Trans,NA,68
20,Trans,NA,77
20,Trans,NA,79
20,Trans,NA,92
20,Trans,NA,91
20,Trans,NA,132
20,Trans,NA,133
20,Trans,NA,182
20,Trans,NA,181
20,Trans,NA,162
20,Trans,NA,204
20,Trans,NA,203
20,Trans,NA,232
20,Trans,NA,233
20,Trans,NA,252
20,Trans,NA,262
20,Trans,NA,270
20,Trans,NA,274
20,Trans,NA,289
20,Trans,NA,297
20,Trans,NA,310
20,Trans,NA,322
20,Trans,NA,332
20,Trans,NA,341
20,Trans,NA,384
20,Trans,NA,425
20,Trans,NA,424
20,Trans,NA,449
20,Trans,NA,471
20,Trans,NA,505
20,Trans,NA,523
20,Trans,NA,551
20,Trans,NA,582
20,Trans,NA,619
20,Trans,NA,672
20,Trans,NA,680
20,Trans,NA,674
20,Trans,NA,673
20,Trans,NA,675
20,Trans,NA,677
20,Trans,NA,662
20,Trans,NA,661
20,Trans,NA,650
20,Trans,NA,603
20,Trans,NA,602
20,Trans,NA,596
20,Trans,NA,586
20,Trans,NA,697
20,Trans,NA,844
20,Trans,NA,1321
20,Trans,NA,1322
20,Trans,NA,1571
20,Trans,NA,1695
20,Trans,NA,1809
20,Trans,NA,1869
20,Trans,NA,1870
20,Trans,NA,1927
20,Trans,NA,1966
20,Trans,NA,1999
20,Trans,NA,2060
20,Trans,NA,2137
20,Trans,NA,2189
20,Trans,NA,2190
20,Trans,NA,2284
20,Trans,NA,2285
20,Trans,NA,2351
20,Start,40,2351
20,Trans,NA,2285
20,Trans,NA,2284
20,Trans,NA,2229
20,Trans,NA,2283
20,Trans,NA,2354
20,Trans,NA,2432
20,Trans,NA,2413
20,Trans,NA,2414
20,Trans,NA,2401
20,Trans,NA,2386
20,Trans,NA,2374
20,Trans,NA,2373
20,Trans,NA,2364
20,Trans,NA,2275
20,Trans,NA,2429
20,Trans,NA,2478
20,Trans,NA,2635
20,Trans,NA,2802
20,Trans,NA,2803
20,Trans,NA,2961
20,Trans,NA,3124
20,Trans,NA,3249
20,Trans,NA,3250
20,Trans,NA,3382
20,Trans,NA,3458
20,Trans,NA,3613
20,Trans,NA,3706
20,Trans,NA,3796
20,Trans,NA,3860
20,Trans,NA,3905
20,Trans,NA,3939
20,Trans,NA,4000
20,Trans,NA,4113
20,Trans,NA,4547
20,Trans,NA,4885
20,Trans,NA,5174
20,Trans,NA,5345
20,Trans,NA,5412
20,Trans,NA,5413
20,Trans,NA,5355
20,Trans,NA,5298
20,Trans,NA,5247
20,Trans,NA,5228
20,Trans,NA,5217
20,Trans,NA,5181
20,Trans,NA,5117
20,Trans,NA,5116
20,End,NA,5042
4,Taxi,NA,5007
4,Trans,NA,5008
4,Trans,NA,4991
4,Trans,NA,4962
4,Trans,NA,4961
4,Trans,NA,4905
4,Trans,NA,4795
4,Trans,NA,4631
4,Trans,NA,4630
4,Trans,NA,4596
4,Trans,NA,4701
4,Trans,NA,4886
4,Trans,NA,4885
4,Trans,NA,4547
4,Trans,NA,4113
4,Trans,NA,4000
4,Trans,NA,3939
4,Trans,NA,3905
4,Trans,NA,3860
4,Trans,NA,3796
4,Trans,NA,3706
4,Trans,NA,3613
4,Trans,NA,3458
4,Trans,NA,3382
4,Trans,NA,3250
4,Trans,NA,3249
4,Trans,NA,3124
4,Trans,NA,2961
4,Trans,NA,2803
4,Trans,NA,2802
4,Trans,NA,2635
4,Trans,NA,2478
4,Trans,NA,2429
4,Trans,NA,2125
4,Trans,NA,2124
4,Trans,NA,1951
4,Trans,NA,1895
4,Trans,NA,1726
4,Trans,NA,1725
4,Trans,NA,1733
4,Trans,NA,1732
4,Trans,NA,1698
4,Trans,NA,1658
4,Trans,NA,1648
4,Trans,NA,1647
4,Trans,NA,1652
4,Trans,NA,1656
4,Trans,NA,1695
4,Trans,NA,1571
4,Trans,NA,1322
4,Trans,NA,1321
4,Trans,NA,844
4,Trans,NA,696
4,Trans,NA,785
4,Trans,NA,843
4,Trans,NA,841
4,Trans,NA,916
4,Trans,NA,917
4,Trans,NA,929
4,Trans,NA,1029
4,Trans,NA,1039
4,Trans,NA,1057
4,Trans,NA,1056
4,Trans,NA,1054
4,Trans,NA,1045
4,Trans,NA,1044
4,Trans,NA,1048
4,Trans,NA,1052
4,Trans,NA,1080
4,Trans,NA,1081
4,Trans,NA,1094
4,Trans,NA,1077
4,Trans,NA,996
4,Trans,NA,976
4,Trans,NA,956
4,Trans,NA,943
4,Trans,NA,919
4,Trans,NA,891
4,Trans,NA,812
4,Start,43,812
4,Trans,NA,891
4,Trans,NA,919
4,Trans,NA,943
4,Trans,NA,956
4,Trans,NA,976
4,Trans,NA,996
4,Trans,NA,1077
4,Trans,NA,1094
4,Trans,NA,1081
4,Trans,NA,1080
4,Trans,NA,1084
4,Trans,NA,1116
4,Trans,NA,1153
4,Trans,NA,1164
4,Trans,NA,1166
4,Trans,NA,1175
4,Trans,NA,1179
4,Trans,NA,1185
4,Trans,NA,1189
4,Trans,NA,1197
4,Trans,NA,1203
4,Trans,NA,1208
4,Trans,NA,1216
4,Trans,NA,1312
4,Trans,NA,1310
4,Trans,NA,1381
4,Trans,NA,1394
4,Trans,NA,1451
4,Trans,NA,1568
4,Trans,NA,1567
4,Trans,NA,1655
4,Trans,NA,1722
4,Trans,NA,1795
4,Trans,NA,1865
4,Trans,NA,1909
4,Trans,NA,1947
4,Trans,NA,1946
4,Trans,NA,2049
4,Trans,NA,2481
4,Trans,NA,2561
4,Trans,NA,2636
4,Trans,NA,2637
4,Trans,NA,2942
4,Trans,NA,2943
4,Trans,NA,2974
4,Trans,NA,3146
4,Trans,NA,3216
4,Trans,NA,3379
4,Trans,NA,3378
4,Trans,NA,3821
4,Trans,NA,3960
4,Trans,NA,4070
4,Trans,NA,4185
4,Trans,NA,4323
4,Trans,NA,4324
4,Trans,NA,4326
4,Trans,NA,4375
4,Trans,NA,4374
4,Trans,NA,4402
4,Trans,NA,4552
4,Trans,NA,4650
4,Trans,NA,4651
4,Trans,NA,4896
4,Trans,NA,4895
4,Trans,NA,4879
4,Trans,NA,4894
4,Trans,NA,4893
4,Trans,NA,4851
4,Trans,NA,4834
4,Trans,NA,4833
4,Trans,NA,4732
4,Trans,NA,4731
4,Trans,NA,4720
4,Trans,NA,4708
4,Trans,NA,4852
4,Trans,NA,4916
4,Trans,NA,4969
4,Trans,NA,5032
4,Trans,NA,5123
4,Trans,NA,5163
4,Trans,NA,5185
4,Trans,NA,5204
4,End,NA,5234
11,Taxi,NA,9953
11,Trans,NA,9938
11,Trans,NA,9959
11,Trans,NA,9936
11,Trans,NA,9893
11,Trans,NA,9863
11,Trans,NA,9862
11,Trans,NA,9891
11,Trans,NA,9890
11,Trans,NA,9854
11,Trans,NA,9839
11,Trans,NA,9782
11,Trans,NA,9726
11,Trans,NA,9725
11,Trans,NA,9701
11,Trans,NA,9668
11,Trans,NA,9621
11,Trans,NA,9583
11,Trans,NA,9582
11,Trans,NA,9565
11,Trans,NA,9547
11,Trans,NA,9518
11,Trans,NA,9501
11,Trans,NA,9502
11,Trans,NA,9462
11,Trans,NA,9394
11,Trans,NA,9412
11,Trans,NA,9411
11,Trans,NA,9094
11,Trans,NA,8584
11,Trans,NA,8587
11,Trans,NA,8080
11,Trans,NA,8079
11,Trans,NA,8054
11,Trans,NA,8036
11,Trans,NA,8037
11,Trans,NA,8020
11,Trans,NA,7941
11,Trans,NA,7917
11,Trans,NA,7887
11,Trans,NA,7886
11,Trans,NA,7861
11,Trans,NA,7702
11,Trans,NA,7417
11,Trans,NA,7422
11,Trans,NA,7298
11,Trans,NA,7299
11,Trans,NA,7161
11,Trans,NA,7027
11,Trans,NA,7028
11,Trans,NA,6949
11,Trans,NA,6896
11,Trans,NA,6953
11,Trans,NA,6958
11,Trans,NA,6984
11,Trans,NA,6625
11,Trans,NA,6624
11,Trans,NA,6480
11,Trans,NA,6268
11,Trans,NA,6048
11,Trans,NA,5348
11,Trans,NA,5347
11,Trans,NA,5152
11,Trans,NA,4947
11,Trans,NA,4449
11,Trans,NA,4448
11,Trans,NA,4413
11,Trans,NA,4409
11,Trans,NA,4425
11,Trans,NA,4428
11,Trans,NA,4452
11,Trans,NA,4455
11,Trans,NA,4463
11,Trans,NA,4479
11,Trans,NA,4498
11,Trans,NA,4536
11,Trans,NA,4576
11,Trans,NA,4864
11,Trans,NA,4865
11,Trans,NA,4890
11,Trans,NA,5079
11,Trans,NA,5112
11,Trans,NA,5195
11,Trans,NA,5265
11,Start,43,5265
11,Trans,NA,5195
11,Trans,NA,5112
11,Trans,NA,5079
11,Trans,NA,4890
11,Trans,NA,4865
11,Trans,NA,4864
11,Trans,NA,4576
11,Trans,NA,4536
11,Trans,NA,4498
11,Trans,NA,4479
11,Trans,NA,4463
11,Trans,NA,4455
11,Trans,NA,4452
11,Trans,NA,4428
11,Trans,NA,4425
11,Trans,NA,4409
11,Trans,NA,4413
11,Trans,NA,4448
11,Trans,NA,4449
11,Trans,NA,4947
11,Trans,NA,5152
11,Trans,NA,5347
11,Trans,NA,5348
11,Trans,NA,6048
11,Trans,NA,6268
11,Trans,NA,6480
11,Trans,NA,6624
11,Trans,NA,6625
11,Trans,NA,6984
11,Trans,NA,6958
11,Trans,NA,6953
11,Trans,NA,6896
11,Trans,NA,6949
11,Trans,NA,7028
11,Trans,NA,7027
11,Trans,NA,7161
11,Trans,NA,7299
11,Trans,NA,7298
11,Trans,NA,7387
11,Trans,NA,7382
11,Trans,NA,7420
11,Trans,NA,7454
11,Trans,NA,7504
11,Trans,NA,7371
11,Trans,NA,7407
11,Trans,NA,7406
11,Trans,NA,7265
11,Trans,NA,7266
11,Trans,NA,7207
11,Trans,NA,7157
11,Trans,NA,7110
11,Trans,NA,6990
11,Trans,NA,6573
11,Trans,NA,6572
11,Trans,NA,6447
11,Trans,NA,6234
11,Trans,NA,6294
11,Trans,NA,6295
11,Trans,NA,6211
11,Trans,NA,6025
11,Trans,NA,5905
11,Trans,NA,5906
11,Trans,NA,5674
11,End,NA,5652
3,Taxi,NA,9347
3,Trans,NA,9343
3,Trans,NA,9336
3,Trans,NA,9301
3,Trans,NA,9277
3,Trans,NA,9241
3,Trans,NA,9240
3,Trans,NA,9211
3,Trans,NA,9049
3,Trans,NA,9051
3,Trans,NA,9004
3,Trans,NA,9021
3,Trans,NA,9022
3,Trans,NA,9011
3,Trans,NA,8913
3,Trans,NA,8863
3,Trans,NA,8800
3,Trans,NA,8754
3,Trans,NA,8756
3,Trans,NA,8655
3,Trans,NA,8657
3,Trans,NA,8627
3,Trans,NA,8628
3,Trans,NA,8585
3,Trans,NA,8586
3,Trans,NA,8551
3,Trans,NA,8550
3,Trans,NA,8531
3,Trans,NA,8522
3,Trans,NA,8496
3,Trans,NA,8484
3,Trans,NA,8485
3,Trans,NA,8446
3,Trans,NA,8445
3,Trans,NA,8417
3,Trans,NA,8401
3,Trans,NA,8374
3,Trans,NA,8373
3,Trans,NA,8292
3,Trans,NA,8465
3,Trans,NA,8623
3,Trans,NA,8573
3,Trans,NA,8527
3,Trans,NA,8526
3,Trans,NA,8524
3,Trans,NA,8566
3,Trans,NA,8501
3,Start,43,8501
3,Trans,NA,8566
3,Trans,NA,8524
3,Trans,NA,8526
3,Trans,NA,8527
3,Trans,NA,8573
3,Trans,NA,8623
3,Trans,NA,8465
3,Trans,NA,8292
3,Trans,NA,8373
3,Trans,NA,8273
3,Trans,NA,8163
3,Trans,NA,8164
3,Trans,NA,8035
3,Trans,NA,7984
3,Trans,NA,7985
3,Trans,NA,7943
3,Trans,NA,7861
3,Trans,NA,7702
3,Trans,NA,7417
3,Trans,NA,7422
3,Trans,NA,7298
3,Trans,NA,7299
3,Trans,NA,7161
3,Trans,NA,7027
3,Trans,NA,7028
3,Trans,NA,6949
3,Trans,NA,6896
3,Trans,NA,6953
3,Trans,NA,6958
3,Trans,NA,6984
3,Trans,NA,6625
3,Trans,NA,6624
3,Trans,NA,6480
3,Trans,NA,6268
3,Trans,NA,6048
3,Trans,NA,5348
3,Trans,NA,5347
3,Trans,NA,5152
3,Trans,NA,4947
3,Trans,NA,4538
3,Trans,NA,4362
3,Trans,NA,4235
3,Trans,NA,4173
3,Trans,NA,4155
3,Trans,NA,4025
3,Trans,NA,3804
3,Trans,NA,3640
3,Trans,NA,3491
3,Trans,NA,3385
3,Trans,NA,3314
3,Trans,NA,3001
3,Trans,NA,2887
3,Trans,NA,2576
3,Trans,NA,2523
3,Trans,NA,2484
3,Trans,NA,2455
3,Trans,NA,2489
3,Trans,NA,2465
3,Trans,NA,2463
3,Trans,NA,2458
3,Trans,NA,2312
3,Trans,NA,2311
3,Trans,NA,2256
3,Trans,NA,2252
3,Trans,NA,2277
3,Trans,NA,2278
3,Trans,NA,2177
3,Trans,NA,2145
3,Trans,NA,2143
3,Trans,NA,1946
3,Trans,NA,1947
3,Trans,NA,1909
3,Trans,NA,1865
3,Trans,NA,1795
3,Trans,NA,1722
3,Trans,NA,1655
3,Trans,NA,1567
3,Trans,NA,1568
3,Trans,NA,1451
3,Trans,NA,1394
3,Trans,NA,1381
3,Trans,NA,1310
3,Trans,NA,1312
3,Trans,NA,1216
3,Trans,NA,1208
3,Trans,NA,1203
3,Trans,NA,1197
3,Trans,NA,1189
3,Trans,NA,1185
3,Trans,NA,1179
3,Trans,NA,1175
3,Trans,NA,1166
3,Trans,NA,1164
3,Trans,NA,1153
3,Trans,NA,1116
3,Trans,NA,1084
3,Trans,NA,1080
3,Trans,NA,1081
3,End,NA,1096
13,Taxi,NA,8133
13,Trans,NA,8089
13,Trans,NA,8088
13,Trans,NA,8053
13,Trans,NA,8001
13,Trans,NA,7937
13,Trans,NA,7898
13,Trans,NA,7897
13,Trans,NA,7879
13,Trans,NA,7878
13,Trans,NA,7868
13,Trans,NA,7772
13,Trans,NA,7672
13,Trans,NA,7636
13,Trans,NA,7515
13,Trans,NA,7516
13,Trans,NA,7483
13,Trans,NA,7242
13,Trans,NA,7241
13,Trans,NA,7078
13,Trans,NA,7077
13,Trans,NA,7125
13,Trans,NA,7191
13,Trans,NA,7232
13,Trans,NA,7231
13,Trans,NA,6979
13,Trans,NA,6980
13,Trans,NA,6704
13,Trans,NA,6703
13,Trans,NA,6599
13,Trans,NA,6427
13,Trans,NA,6428
13,Trans,NA,6483
13,Trans,NA,6505
13,Trans,NA,6537
13,Trans,NA,6643
13,Trans,NA,6715
13,Trans,NA,6925
13,Trans,NA,6924
13,Trans,NA,6786
13,Trans,NA,6785
13,Trans,NA,6602
13,Trans,NA,6867
13,Trans,NA,7030
13,Trans,NA,6612
13,Trans,NA,6254
13,Trans,NA,6255
13,Trans,NA,5908
13,Trans,NA,5818
13,Trans,NA,5817
13,Trans,NA,5756
13,Trans,NA,5709
13,Trans,NA,5695
13,Trans,NA,5601
13,Trans,NA,5600
13,Trans,NA,5527
13,Trans,NA,5316
13,Trans,NA,5148
13,Trans,NA,4844
13,Trans,NA,4730
13,Trans,NA,4704
13,Trans,NA,4322
13,Trans,NA,4323
13,Trans,NA,4185
13,Trans,NA,4070
13,Trans,NA,3960
13,Trans,NA,3821
13,Trans,NA,3378
13,Trans,NA,3379
13,Trans,NA,3216
13,Trans,NA,3146
13,Trans,NA,2974
13,Trans,NA,2943
13,Trans,NA,2942
13,Trans,NA,2637
13,Trans,NA,2636
13,Trans,NA,2561
13,Trans,NA,2481
13,Trans,NA,2049
13,Trans,NA,2143
13,Trans,NA,2144
13,Trans,NA,2076
13,Trans,NA,2028
13,Trans,NA,1950
13,Trans,NA,1949
13,Trans,NA,1926
13,Trans,NA,1918
13,Trans,NA,1765
13,Trans,NA,1620
13,Trans,NA,1619
13,Trans,NA,1456
13,Trans,NA,1370
13,Trans,NA,1307
13,Trans,NA,1332
13,Trans,NA,1333
13,Trans,NA,1407
13,Trans,NA,1462
13,Trans,NA,1463
13,Trans,NA,1493
13,Trans,NA,1507
13,Trans,NA,1508
13,Trans,NA,1550
13,Start,45,1550
13,Trans,NA,1508
13,Trans,NA,1507
13,Trans,NA,1493
13,Trans,NA,1463
13,Trans,NA,1462
13,Trans,NA,1407
13,Trans,NA,1333
13,Trans,NA,1332
13,Trans,NA,1307
13,Trans,NA,1370
13,Trans,NA,1456
13,Trans,NA,1619
13,Trans,NA,1620
13,Trans,NA,1765
13,Trans,NA,1918
13,Trans,NA,1926
13,Trans,NA,1949
13,Trans,NA,1950
13,Trans,NA,2028
13,Trans,NA,2076
13,Trans,NA,2144
13,Trans,NA,2145
13,Trans,NA,2177
13,Trans,NA,2278
13,Trans,NA,2277
13,Trans,NA,2252
13,Trans,NA,2256
13,Trans,NA,2311
13,Trans,NA,2312
13,Trans,NA,2458
13,Trans,NA,2463
13,Trans,NA,2465
13,Trans,NA,2489
13,Trans,NA,2455
13,Trans,NA,2484
13,Trans,NA,2523
13,Trans,NA,2576
13,Trans,NA,2887
13,Trans,NA,3001
13,Trans,NA,3314
13,Trans,NA,3385
13,Trans,NA,3491
13,Trans,NA,3640
13,Trans,NA,3804
13,Trans,NA,4025
13,Trans,NA,4155
13,Trans,NA,4173
13,Trans,NA,4235
13,Trans,NA,4362
13,Trans,NA,4538
13,Trans,NA,4947
13,Trans,NA,5152
13,Trans,NA,5347
13,Trans,NA,5348
13,Trans,NA,6048
13,Trans,NA,6268
13,Trans,NA,6480
13,Trans,NA,6624
13,Trans,NA,6625
13,Trans,NA,6984
13,Trans,NA,6958
13,Trans,NA,6953
13,Trans,NA,6896
13,Trans,NA,6949
13,Trans,NA,7028
13,Trans,NA,7027
13,Trans,NA,7161
13,Trans,NA,7299
13,Trans,NA,7298
13,Trans,NA,7387
13,Trans,NA,7382
13,Trans,NA,7420
13,Trans,NA,7454
13,Trans,NA,7504
13,Trans,NA,7371
13,Trans,NA,7407
13,Trans,NA,7406
13,Trans,NA,7265
13,Trans,NA,7264
13,Trans,NA,7282
13,Trans,NA,7306
13,Trans,NA,7310
13,Trans,NA,7294
13,Trans,NA,7293
13,Trans,NA,7269
13,Trans,NA,7226
13,Trans,NA,7227
13,End,NA,7229
15,Taxi,NA,3484
15,Trans,NA,3578
15,Trans,NA,3577
15,Trans,NA,3618
15,Trans,NA,3456
15,Trans,NA,3457
15,Trans,NA,3238
15,Trans,NA,3099
15,Trans,NA,3098
15,Trans,NA,2952
15,Trans,NA,2938
15,Trans,NA,2792
15,Trans,NA,2736
15,Trans,NA,2475
15,Trans,NA,2442
15,Trans,NA,2441
15,Trans,NA,2412
15,Trans,NA,2249
15,Trans,NA,2250
15,Trans,NA,2171
15,Trans,NA,2181
15,Trans,NA,2213
15,Trans,NA,2259
15,Trans,NA,2258
15,Trans,NA,2260
15,Trans,NA,2266
15,Trans,NA,2275
15,Trans,NA,2364
15,Trans,NA,2373
15,Trans,NA,2374
15,Trans,NA,2386
15,Trans,NA,2401
15,Trans,NA,2414
15,Trans,NA,2413
15,Trans,NA,2432
15,Trans,NA,2447
15,Trans,NA,2471
15,Trans,NA,2514
15,Trans,NA,2546
15,Trans,NA,2547
15,Trans,NA,2577
15,Trans,NA,2705
15,Trans,NA,2806
15,Trans,NA,2835
15,Trans,NA,3002
15,Trans,NA,3314
15,Trans,NA,3385
15,Trans,NA,3491
15,Trans,NA,3640
15,Trans,NA,3804
15,Trans,NA,4025
15,Trans,NA,4155
15,Trans,NA,4173
15,Trans,NA,4235
15,Trans,NA,4362
15,Trans,NA,4538
15,Trans,NA,4947
15,Trans,NA,5152
15,Trans,NA,5347
15,Trans,NA,5407
15,Trans,NA,5433
15,Trans,NA,5474
15,Trans,NA,5529
15,Trans,NA,5528
15,Trans,NA,5693
15,Trans,NA,5692
15,Trans,NA,5757
15,Trans,NA,5925
15,Trans,NA,6022
15,Trans,NA,6024
15,Trans,NA,6019
15,Trans,NA,5979
15,Trans,NA,5978
15,Trans,NA,5879
15,Trans,NA,5878
15,Trans,NA,5988
15,Start,46,5988
15,Trans,NA,5878
15,Trans,NA,5879
15,Trans,NA,5978
15,Trans,NA,5979
15,Trans,NA,6019
15,Trans,NA,6024
15,Trans,NA,6022
15,Trans,NA,5925
15,Trans,NA,5757
15,Trans,NA,5692
15,Trans,NA,5693
15,Trans,NA,5528
15,Trans,NA,5529
15,Trans,NA,5474
15,Trans,NA,5433
15,Trans,NA,5407
15,Trans,NA,5347
15,Trans,NA,5152
15,Trans,NA,4947
15,Trans,NA,4449
15,Trans,NA,4448
15,Trans,NA,4413
15,Trans,NA,4409
15,Trans,NA,4425
15,Trans,NA,4428
15,Trans,NA,4452
15,Trans,NA,4455
15,Trans,NA,4463
15,Trans,NA,4479
15,Trans,NA,4498
15,Trans,NA,4536
15,Trans,NA,4576
15,Trans,NA,4864
15,Trans,NA,4865
15,Trans,NA,4890
15,Trans,NA,5079
15,Trans,NA,5112
15,Trans,NA,5195
15,Trans,NA,5196
15,Trans,NA,5087
15,Trans,NA,5086
15,Trans,NA,5078
15,Trans,NA,4938
15,Trans,NA,4797
15,Trans,NA,4745
15,Trans,NA,4709
15,Trans,NA,4710
15,Trans,NA,4707
15,Trans,NA,4720
15,Trans,NA,4731
15,Trans,NA,4732
15,Trans,NA,4833
15,Trans,NA,4834
15,Trans,NA,4851
15,Trans,NA,4893
15,Trans,NA,4894
15,Trans,NA,4879
15,Trans,NA,4895
15,Trans,NA,4896
15,Trans,NA,4651
15,Trans,NA,4650
15,Trans,NA,4552
15,Trans,NA,4402
15,Trans,NA,4374
15,Trans,NA,4375
15,Trans,NA,4326
15,Trans,NA,4324
15,Trans,NA,4322
15,Trans,NA,4704
15,Trans,NA,4730
15,Trans,NA,4844
15,Trans,NA,5148
15,Trans,NA,5316
15,Trans,NA,5527
15,Trans,NA,5600
15,Trans,NA,5601
15,Trans,NA,5695
15,Trans,NA,5709
15,Trans,NA,5756
15,Trans,NA,5817
15,End,NA,5751
1,Taxi,NA,5431
1,Trans,NA,5430
1,Trans,NA,5391
1,Trans,NA,5316
1,Trans,NA,5148
1,Trans,NA,4844
1,Trans,NA,4730
1,Trans,NA,4704
1,Trans,NA,4322
1,Trans,NA,4323
1,Trans,NA,4185
1,Trans,NA,4070
1,Trans,NA,3960
1,Trans,NA,3821
1,Trans,NA,3378
1,Trans,NA,3379
1,Trans,NA,3216
1,Trans,NA,3146
1,Trans,NA,2974
1,Trans,NA,2943
1,Trans,NA,2942
1,Trans,NA,2637
1,Trans,NA,2636
1,Trans,NA,2561
1,Trans,NA,2481
1,Trans,NA,2049
1,Trans,NA,2143
1,Trans,NA,2144
1,Trans,NA,2076
1,Trans,NA,2028
1,Trans,NA,1950
1,Trans,NA,1973
1,Trans,NA,1974
1,Trans,NA,1980
1,Trans,NA,1975
1,Trans,NA,1992
1,Trans,NA,1897
1,Trans,NA,1887
1,Trans,NA,1850
1,Trans,NA,1799
1,Trans,NA,1798
1,Trans,NA,1905
1,Trans,NA,1916
1,Trans,NA,2079
1,Trans,NA,2169
1,Trans,NA,2170
1,Start,48,2170
1,Trans,NA,2169
1,Trans,NA,2079
1,Trans,NA,1916
1,Trans,NA,1905
1,Trans,NA,1798
1,Trans,NA,1799
1,Trans,NA,1850
1,Trans,NA,1887
1,Trans,NA,1897
1,Trans,NA,1992
1,Trans,NA,1975
1,Trans,NA,1980
1,Trans,NA,1974
1,Trans,NA,1973
1,Trans,NA,1950
1,Trans,NA,2028
1,Trans,NA,2076
1,Trans,NA,2144
1,Trans,NA,2145
1,Trans,NA,2177
1,Trans,NA,2278
1,Trans,NA,2277
1,Trans,NA,2252
1,Trans,NA,2256
1,Trans,NA,2311
1,Trans,NA,2312
1,Trans,NA,2458
1,Trans,NA,2463
1,Trans,NA,2465
1,Trans,NA,2489
1,Trans,NA,2455
1,Trans,NA,2484
1,Trans,NA,2523
1,Trans,NA,2576
1,Trans,NA,2887
1,Trans,NA,3001
1,Trans,NA,3314
1,Trans,NA,3385
1,Trans,NA,3491
1,Trans,NA,3640
1,Trans,NA,3804
1,Trans,NA,4025
1,Trans,NA,4155
1,Trans,NA,4173
1,Trans,NA,4235
1,Trans,NA,4362
1,Trans,NA,4538
1,Trans,NA,4947
1,Trans,NA,5152
1,Trans,NA,5347
1,Trans,NA,5348
1,Trans,NA,6048
1,Trans,NA,6268
1,Trans,NA,6480
1,Trans,NA,6624
1,Trans,NA,6625
1,Trans,NA,6984
1,Trans,NA,6958
1,Trans,NA,6953
1,Trans,NA,6896
1,Trans,NA,6949
1,Trans,NA,7028
1,Trans,NA,7027
1,Trans,NA,7161
1,Trans,NA,7299
1,Trans,NA,7298
1,Trans,NA,7422
1,Trans,NA,7417
1,Trans,NA,7702
1,Trans,NA,7861
1,Trans,NA,7886
1,Trans,NA,7887
1,Trans,NA,7917
1,Trans,NA,7941
1,Trans,NA,8020
1,Trans,NA,8037
1,Trans,NA,8036
1,Trans,NA,8054
1,Trans,NA,8079
1,Trans,NA,8080
1,Trans,NA,8587
1,Trans,NA,8585
1,Trans,NA,8628
1,Trans,NA,8627
1,Trans,NA,8657
1,Trans,NA,8655
1,Trans,NA,8756
1,Trans,NA,8754
1,Trans,NA,8800
1,Trans,NA,8863
1,Trans,NA,8913
1,Trans,NA,9052
1,Trans,NA,9053
1,Trans,NA,9203
1,Trans,NA,9202
1,Trans,NA,9295
1,Trans,NA,9376
1,End,NA,9511
7,Taxi,NA,10770
7,Trans,NA,10779
7,Trans,NA,10679
7,Trans,NA,10522
7,Trans,NA,10447
7,Trans,NA,10411
7,Trans,NA,10410
7,Trans,NA,10409
7,Trans,NA,10487
7,Trans,NA,10486
7,Trans,NA,10523
7,Trans,NA,10324
7,Trans,NA,10296
7,Trans,NA,10245
7,Trans,NA,10246
7,Trans,NA,10166
7,Trans,NA,10090
7,Trans,NA,9699
7,Trans,NA,9607
7,Trans,NA,9606
7,Trans,NA,9575
7,Trans,NA,9494
7,Trans,NA,9322
7,Trans,NA,9142
7,Trans,NA,9141
7,Trans,NA,8862
7,Trans,NA,8732
7,Trans,NA,8594
7,Trans,NA,8377
7,Trans,NA,8139
7,Trans,NA,7980
7,Trans,NA,7746
7,Trans,NA,7469
7,Trans,NA,7165
7,Trans,NA,7164
7,Trans,NA,6548
7,Trans,NA,6061
7,Trans,NA,5876
7,Trans,NA,5491
7,Trans,NA,5275
7,Trans,NA,4885
7,Trans,NA,4547
7,Trans,NA,4113
7,Trans,NA,4000
7,Trans,NA,3939
7,Trans,NA,3905
7,Trans,NA,3860
7,Trans,NA,3796
7,Trans,NA,3706
7,Trans,NA,3613
7,Trans,NA,3458
7,Trans,NA,3382
7,Trans,NA,3250
7,Trans,NA,3249
7,Trans,NA,3124
7,Trans,NA,2961
7,Trans,NA,2803
7,Trans,NA,2802
7,Trans,NA,2635
7,Trans,NA,2478
7,Trans,NA,2429
7,Trans,NA,2275
7,Trans,NA,2364
7,Trans,NA,2373
7,Trans,NA,2374
7,Trans,NA,2386
7,Trans,NA,2401
7,Trans,NA,2414
7,Trans,NA,2413
7,Trans,NA,2432
7,Trans,NA,2447
7,Trans,NA,2471
7,Trans,NA,2514
7,Trans,NA,2546
7,Trans,NA,2547
7,Trans,NA,2577
7,Trans,NA,2705
7,Trans,NA,2806
7,Trans,NA,2835
7,Trans,NA,3002
7,Trans,NA,3001
7,Trans,NA,2887
7,Trans,NA,2576
7,Trans,NA,2523
7,Trans,NA,2484
7,Trans,NA,2455
7,Trans,NA,2489
7,Trans,NA,2465
7,Trans,NA,2463
7,Trans,NA,2458
7,Trans,NA,2312
7,Trans,NA,2311
7,Trans,NA,2256
7,Trans,NA,2252
7,Trans,NA,2277
7,Trans,NA,2278
7,Trans,NA,2177
7,Trans,NA,2145
7,Trans,NA,2143
7,Trans,NA,2048
7,Trans,NA,1978
7,Trans,NA,2025
7,Trans,NA,2024
7,Trans,NA,2078
7,Trans,NA,2007
7,Trans,NA,1957
7,Trans,NA,2062
7,Trans,NA,2116
7,Trans,NA,2228
7,Trans,NA,2227
7,Trans,NA,2451
7,Trans,NA,2452
7,Trans,NA,2474
7,Start,50,2474
7,Trans,NA,2452
7,Trans,NA,2451
7,Trans,NA,2227
7,Trans,NA,2228
7,Trans,NA,2116
7,Trans,NA,2062
7,Trans,NA,1957
7,Trans,NA,2007
7,Trans,NA,2078
7,Trans,NA,2024
7,Trans,NA,2025
7,Trans,NA,1978
7,Trans,NA,2048
7,Trans,NA,2049
7,Trans,NA,2481
7,Trans,NA,2561
7,Trans,NA,2636
7,Trans,NA,2637
7,Trans,NA,2942
7,Trans,NA,2943
7,Trans,NA,2974
7,Trans,NA,3146
7,Trans,NA,3216
7,Trans,NA,3379
7,Trans,NA,3378
7,Trans,NA,3821
7,Trans,NA,3960
7,Trans,NA,4070
7,Trans,NA,4185
7,Trans,NA,4323
7,Trans,NA,4322
7,Trans,NA,4704
7,Trans,NA,4730
7,Trans,NA,4844
7,Trans,NA,5148
7,Trans,NA,5316
7,Trans,NA,5527
7,Trans,NA,5600
7,Trans,NA,5601
7,Trans,NA,5695
7,Trans,NA,5709
7,Trans,NA,5756
7,Trans,NA,5817
7,Trans,NA,5818
7,Trans,NA,5908
7,Trans,NA,6255
7,Trans,NA,6254
7,Trans,NA,6612
7,Trans,NA,7030
7,Trans,NA,6867
7,Trans,NA,6602
7,Trans,NA,6785
7,Trans,NA,6786
7,Trans,NA,6924
7,Trans,NA,6925
7,Trans,NA,6715
7,Trans,NA,6643
7,Trans,NA,6537
7,Trans,NA,6505
7,Trans,NA,6483
7,Trans,NA,6428
7,Trans,NA,6427
7,Trans,NA,6599
7,Trans,NA,6703
7,Trans,NA,6704
7,Trans,NA,6980
7,Trans,NA,6979
7,Trans,NA,7231
7,Trans,NA,7355
7,Trans,NA,7453
7,Trans,NA,7475
7,Trans,NA,7840
7,Trans,NA,7839
7,Trans,NA,7935
7,Trans,NA,7997
7,Trans,NA,8103
7,Trans,NA,8188
7,Trans,NA,8331
7,Trans,NA,8378
7,Trans,NA,8434
7,Trans,NA,8494
7,Trans,NA,8513
7,Trans,NA,8679
7,Trans,NA,8724
7,Trans,NA,8776
7,Trans,NA,8883
7,Trans,NA,8969
7,Trans,NA,9121
7,Trans,NA,9212
7,Trans,NA,9240
7,Trans,NA,9241
7,Trans,NA,9326
7,Trans,NA,9328
7,Trans,NA,9243
7,Trans,NA,9318
7,Trans,NA,9317
7,Trans,NA,9330
7,Trans,NA,9356
7,Trans,NA,9433
7,Trans,NA,9527
7,Trans,NA,9528
7,Trans,NA,9562
7,Trans,NA,9642
7,Trans,NA,9641
7,End,NA,9729
6,Taxi,NA,9384
6,Trans,NA,9383
6,Trans,NA,9369
6,Trans,NA,9295
6,Trans,NA,9202
6,Trans,NA,9203
6,Trans,NA,9053
6,Trans,NA,9052
6,Trans,NA,8913
6,Trans,NA,8863
6,Trans,NA,8800
6,Trans,NA,8754
6,Trans,NA,8756
6,Trans,NA,8655
6,Trans,NA,8657
6,Trans,NA,8627
6,Trans,NA,8628
6,Trans,NA,8585
6,Trans,NA,8587
6,Trans,NA,8080
6,Trans,NA,8079
6,Trans,NA,8054
6,Trans,NA,8036
6,Trans,NA,8037
6,Trans,NA,8020
6,Trans,NA,7941
6,Trans,NA,7917
6,Trans,NA,7887
6,Trans,NA,7886
6,Trans,NA,7861
6,Trans,NA,7702
6,Trans,NA,7417
6,Trans,NA,7422
6,Trans,NA,7298
6,Trans,NA,7299
6,Trans,NA,7161
6,Trans,NA,7027
6,Trans,NA,7028
6,Trans,NA,6949
6,Trans,NA,6896
6,Trans,NA,6953
6,Trans,NA,6958
6,Trans,NA,6984
6,Trans,NA,6625
6,Trans,NA,6624
6,Trans,NA,6480
6,Trans,NA,6268
6,Trans,NA,6048
6,Trans,NA,5348
6,Trans,NA,5407
6,Trans,NA,5406
6,Trans,NA,5303
6,Trans,NA,5129
6,Trans,NA,5130
6,Trans,NA,5094
6,Start,51,5094
6,Trans,NA,5130
6,Trans,NA,5129
6,Trans,NA,5303
6,Trans,NA,5406
6,Trans,NA,5407
6,Trans,NA,5348
6,Trans,NA,6048
6,Trans,NA,6268
6,Trans,NA,6480
6,Trans,NA,6624
6,Trans,NA,6625
6,Trans,NA,6984
6,Trans,NA,6958
6,Trans,NA,6953
6,Trans,NA,6896
6,Trans,NA,6949
6,Trans,NA,7028
6,Trans,NA,7027
6,Trans,NA,7161
6,Trans,NA,7299
6,Trans,NA,7298
6,Trans,NA,7422
6,Trans,NA,7417
6,Trans,NA,7399
6,Trans,NA,7398
6,Trans,NA,7370
6,Trans,NA,7339
6,Trans,NA,7304
6,Trans,NA,7305
6,End,NA,7276
12,Taxi,NA,6105
12,Trans,NA,6081
12,Trans,NA,6137
12,Trans,NA,6201
12,Trans,NA,6252
12,Trans,NA,6319
12,Trans,NA,6378
12,Trans,NA,6458
12,Trans,NA,6457
12,Trans,NA,6584
12,Trans,NA,6643
12,Trans,NA,6715
12,Trans,NA,6925
12,Trans,NA,6924
12,Trans,NA,6786
12,Trans,NA,6785
12,Trans,NA,6602
12,Trans,NA,6867
12,Trans,NA,7030
12,Trans,NA,6612
12,Trans,NA,6254
12,Trans,NA,6255
12,Trans,NA,5908
12,Trans,NA,5818
12,Trans,NA,5817
12,Trans,NA,5756
12,Trans,NA,5709
12,Trans,NA,5695
12,Trans,NA,5601
12,Trans,NA,5600
12,Trans,NA,5527
12,Trans,NA,5316
12,Trans,NA,5148
12,Trans,NA,4844
12,Trans,NA,4730
12,Trans,NA,4704
12,Trans,NA,4322
12,Trans,NA,4323
12,Trans,NA,4185
12,Trans,NA,4070
12,Trans,NA,3960
12,Trans,NA,3821
12,Trans,NA,3378
12,Trans,NA,3379
12,Trans,NA,3216
12,Trans,NA,3146
12,Trans,NA,2974
12,Trans,NA,2943
12,Trans,NA,2942
12,Trans,NA,2637
12,Trans,NA,2636
12,Trans,NA,2561
12,Trans,NA,2481
12,Trans,NA,2049
12,Trans,NA,2143
12,Trans,NA,2145
12,Trans,NA,2177
12,Trans,NA,2278
12,Trans,NA,2277
12,Trans,NA,2252
12,Trans,NA,2256
12,Trans,NA,2311
12,Trans,NA,2312
12,Trans,NA,2458
12,Trans,NA,2463
12,Trans,NA,2465
12,Trans,NA,2489
12,Trans,NA,2455
12,Trans,NA,2484
12,Trans,NA,2523
12,Trans,NA,2576
12,Trans,NA,2887
12,Trans,NA,3001
12,Trans,NA,3002
12,Trans,NA,2835
12,Trans,NA,2806
12,Trans,NA,2705
12,Trans,NA,2577
12,Trans,NA,2547
12,Trans,NA,2546
12,Trans,NA,2514
12,Trans,NA,2471
12,Trans,NA,2447
12,Trans,NA,2354
12,Trans,NA,2283
12,Trans,NA,2223
12,Trans,NA,2222
12,Trans,NA,2195
12,Trans,NA,2059
12,Trans,NA,2060
12,Trans,NA,1999
12,Start,51,1999
12,Trans,NA,2060
12,Trans,NA,2059
12,Trans,NA,2195
12,Trans,NA,2222
12,Trans,NA,2223
12,Trans,NA,2283
12,Trans,NA,2354
12,Trans,NA,2447
12,Trans,NA,2471
12,Trans,NA,2514
12,Trans,NA,2546
12,Trans,NA,2547
12,Trans,NA,2577
12,Trans,NA,2705
12,Trans,NA,2806
12,Trans,NA,2835
12,Trans,NA,3002
12,Trans,NA,3001
12,Trans,NA,2887
12,Trans,NA,2576
12,Trans,NA,2523
12,Trans,NA,2484
12,Trans,NA,2455
12,Trans,NA,2489
12,Trans,NA,2465
12,Trans,NA,2463
12,Trans,NA,2458
12,Trans,NA,2312
12,Trans,NA,2311
12,Trans,NA,2256
12,Trans,NA,2252
12,Trans,NA,2277
12,Trans,NA,2278
12,Trans,NA,2177
12,Trans,NA,2145
12,Trans,NA,2143
12,Trans,NA,2049
12,Trans,NA,2481
12,Trans,NA,2561
12,Trans,NA,2636
12,Trans,NA,2637
12,Trans,NA,2942
12,Trans,NA,2943
12,Trans,NA,2974
12,Trans,NA,3146
12,Trans,NA,3216
12,Trans,NA,3379
12,Trans,NA,3378
12,Trans,NA,3821
12,Trans,NA,3960
12,Trans,NA,4070
12,Trans,NA,4185
12,Trans,NA,4323
12,Trans,NA,4322
12,Trans,NA,4704
12,Trans,NA,4730
12,Trans,NA,4844
12,Trans,NA,5148
12,Trans,NA,5316
12,Trans,NA,5527
12,Trans,NA,5600
12,Trans,NA,5601
12,Trans,NA,5695
12,Trans,NA,5709
12,Trans,NA,5756
12,Trans,NA,5817
12,Trans,NA,5818
12,Trans,NA,5908
12,Trans,NA,6255
12,Trans,NA,6254
12,Trans,NA,6612
12,Trans,NA,7030
12,Trans,NA,6867
12,Trans,NA,6602
12,Trans,NA,6785
12,Trans,NA,6786
12,Trans,NA,6924
12,Trans,NA,6925
12,Trans,NA,6715
12,Trans,NA,6643
12,Trans,NA,6584
12,Trans,NA,6457
12,Trans,NA,6458
12,Trans,NA,6378
12,Trans,NA,6319
12,Trans,NA,6252
12,Trans,NA,6201
12,Trans,NA,6137
12,Trans,NA,6081
12,Trans,NA,6105
12,Trans,NA,6104
12,Trans,NA,6192
12,Trans,NA,6213
12,Trans,NA,6275
12,Trans,NA,6346
12,End,NA,6347
14,Taxi,NA,763
14,Trans,NA,758
14,Trans,NA,748
14,Trans,NA,733
14,Trans,NA,715
14,Trans,NA,711
14,Trans,NA,699
14,Trans,NA,694
14,Trans,NA,693
14,Trans,NA,686
14,Trans,NA,653
14,Trans,NA,645
14,Trans,NA,638
14,Trans,NA,637
14,Trans,NA,609
14,Trans,NA,617
14,Trans,NA,644
14,Trans,NA,643
14,Trans,NA,844
14,Trans,NA,1321
14,Trans,NA,1322
14,Trans,NA,1571
14,Trans,NA,1695
14,Trans,NA,1809
14,Trans,NA,1869
14,Trans,NA,1870
14,Trans,NA,1927
14,Trans,NA,1966
14,Trans,NA,1999
14,Trans,NA,2060
14,Trans,NA,2059
14,Trans,NA,2195
14,Trans,NA,2222
14,Trans,NA,2223
14,Trans,NA,2283
14,Trans,NA,2354
14,Trans,NA,2447
14,Trans,NA,2471
14,Trans,NA,2514
14,Trans,NA,2546
14,Trans,NA,2547
14,Trans,NA,2577
14,Trans,NA,2705
14,Trans,NA,2806
14,Trans,NA,2835
14,Trans,NA,3002
14,Trans,NA,3314
14,Trans,NA,3385
14,Trans,NA,3491
14,Trans,NA,3640
14,Trans,NA,3804
14,Trans,NA,4025
14,Trans,NA,4155
14,Trans,NA,4173
14,Trans,NA,4235
14,Trans,NA,4362
14,Trans,NA,4538
14,Trans,NA,4947
14,Trans,NA,5152
14,Trans,NA,5347
14,Trans,NA,5348
14,Trans,NA,6048
14,Trans,NA,6268
14,Trans,NA,6480
14,Trans,NA,6624
14,Trans,NA,6625
14,Trans,NA,6984
14,Trans,NA,6958
14,Trans,NA,6953
14,Trans,NA,6896
14,Trans,NA,6949
14,Trans,NA,7028
14,Trans,NA,7027
14,Trans,NA,7161
14,Trans,NA,7299
14,Trans,NA,7298
14,Trans,NA,7387
14,Trans,NA,7382
14,Trans,NA,7420
14,Trans,NA,7454
14,Trans,NA,7503
14,Trans,NA,7665
14,Trans,NA,7765
14,Trans,NA,7833
14,Trans,NA,7858
14,Trans,NA,7900
14,Trans,NA,7901
14,Trans,NA,7945
14,Trans,NA,8031
14,Trans,NA,8122
14,Trans,NA,8158
14,Trans,NA,8064
14,Trans,NA,8045
14,Start,52,8045
14,Trans,NA,8064
14,Trans,NA,8158
14,Trans,NA,8122
14,Trans,NA,8031
14,Trans,NA,7945
14,Trans,NA,7901
14,Trans,NA,7900
14,Trans,NA,7858
14,Trans,NA,7833
14,Trans,NA,7765
14,Trans,NA,7665
14,Trans,NA,7503
14,Trans,NA,7454
14,Trans,NA,7420
14,Trans,NA,7382
14,Trans,NA,7387
14,Trans,NA,7298
14,Trans,NA,7299
14,Trans,NA,7161
14,Trans,NA,7027
14,Trans,NA,7028
14,Trans,NA,6949
14,Trans,NA,6896
14,Trans,NA,6953
14,Trans,NA,6958
14,Trans,NA,6984
14,Trans,NA,6625
14,Trans,NA,6624
14,Trans,NA,6480
14,Trans,NA,6268
14,Trans,NA,6048
14,Trans,NA,5348
14,Trans,NA,5347
14,Trans,NA,5152
14,Trans,NA,4947
14,Trans,NA,4538
14,Trans,NA,4362
14,Trans,NA,4235
14,Trans,NA,4173
14,Trans,NA,4155
14,Trans,NA,4025
14,Trans,NA,3804
14,Trans,NA,3640
14,Trans,NA,3491
14,Trans,NA,3385
14,Trans,NA,3314
14,Trans,NA,3002
14,Trans,NA,2835
14,Trans,NA,2806
14,Trans,NA,2705
14,Trans,NA,2577
14,Trans,NA,2547
14,Trans,NA,2546
14,Trans,NA,2514
14,Trans,NA,2471
14,Trans,NA,2447
14,Trans,NA,2354
14,Trans,NA,2283
14,Trans,NA,2223
14,Trans,NA,2222
14,Trans,NA,2195
14,Trans,NA,2059
14,Trans,NA,2060
14,Trans,NA,1999
14,Trans,NA,1966
14,Trans,NA,1927
14,Trans,NA,1870
14,Trans,NA,1869
14,Trans,NA,1809
14,Trans,NA,1695
14,Trans,NA,1571
14,Trans,NA,1322
14,Trans,NA,1321
14,Trans,NA,844
14,Trans,NA,697
14,Trans,NA,586
14,Trans,NA,596
14,Trans,NA,602
14,Trans,NA,576
14,Trans,NA,580
14,Trans,NA,600
14,Trans,NA,611
14,End,NA,612
10,Taxi,NA,4614
10,Trans,NA,4540
10,Trans,NA,4539
10,Trans,NA,4476
10,Trans,NA,4439
10,Trans,NA,4406
10,Trans,NA,4434
10,Trans,NA,4493
10,Trans,NA,4513
10,Trans,NA,4475
10,Trans,NA,4426
10,Trans,NA,4304
10,Trans,NA,4303
10,Trans,NA,4276
10,Trans,NA,4178
10,Trans,NA,4114
10,Trans,NA,4011
10,Trans,NA,4012
10,Trans,NA,3907
10,Trans,NA,3790
10,Trans,NA,3725
10,Trans,NA,3693
10,Trans,NA,3482
10,Trans,NA,3481
10,Trans,NA,3504
10,Trans,NA,3527
10,Trans,NA,3526
10,Trans,NA,3620
10,Trans,NA,3647
10,Start,52,3647
10,Trans,NA,3620
10,Trans,NA,3526
10,Trans,NA,3527
10,Trans,NA,3504
10,Trans,NA,3481
10,Trans,NA,3482
10,Trans,NA,3693
10,Trans,NA,3725
10,Trans,NA,3790
10,Trans,NA,3907
10,Trans,NA,4012
10,Trans,NA,4011
10,Trans,NA,4114
10,Trans,NA,4178
10,Trans,NA,4276
10,Trans,NA,4303
10,Trans,NA,4304
10,Trans,NA,4426
10,Trans,NA,4475
10,Trans,NA,4474
10,Trans,NA,4700
10,Trans,NA,4746
10,Trans,NA,4745
10,Trans,NA,4797
10,Trans,NA,4938
10,Trans,NA,5078
10,Trans,NA,5086
10,Trans,NA,5087
10,Trans,NA,5196
10,Trans,NA,5195
10,Trans,NA,5112
10,Trans,NA,5079
10,Trans,NA,4890
10,Trans,NA,4865
10,Trans,NA,4864
10,Trans,NA,4576
10,Trans,NA,4536
10,Trans,NA,4498
10,Trans,NA,4479
10,Trans,NA,4463
10,Trans,NA,4455
10,Trans,NA,4452
10,Trans,NA,4428
10,Trans,NA,4425
10,Trans,NA,4409
10,Trans,NA,4413
10,Trans,NA,4448
10,Trans,NA,4449
10,Trans,NA,4947
10,Trans,NA,5152
10,Trans,NA,5347
10,Trans,NA,5348
10,Trans,NA,6048
10,Trans,NA,6268
10,Trans,NA,6480
10,Trans,NA,6624
10,Trans,NA,6625
10,Trans,NA,6984
10,Trans,NA,6958
10,Trans,NA,6953
10,Trans,NA,6896
10,Trans,NA,6949
10,Trans,NA,7028
10,Trans,NA,7027
10,Trans,NA,7161
10,Trans,NA,7299
10,Trans,NA,7298
10,Trans,NA,7422
10,Trans,NA,7417
10,Trans,NA,7702
10,Trans,NA,7861
10,Trans,NA,7886
10,Trans,NA,7887
10,Trans,NA,7917
10,Trans,NA,7941
10,Trans,NA,8020
10,Trans,NA,8037
10,Trans,NA,8036
10,Trans,NA,8054
10,Trans,NA,8079
10,Trans,NA,8080
10,Trans,NA,8587
10,Trans,NA,8584
10,Trans,NA,9094
10,Trans,NA,9411
10,Trans,NA,9413
10,Trans,NA,9363
10,Trans,NA,9308
10,Trans,NA,9407
10,Trans,NA,9569
10,Trans,NA,9598
10,Trans,NA,9696
10,Trans,NA,9697
10,Trans,NA,9758
10,Trans,NA,9937
10,Trans,NA,9957
10,Trans,NA,10058
10,Trans,NA,10057
10,Trans,NA,10188
10,Trans,NA,10190
10,Trans,NA,10191
10,Trans,NA,10232
10,Trans,NA,10256
10,Trans,NA,10288
10,Trans,NA,10287
10,Trans,NA,10343
10,Trans,NA,10410
10,Trans,NA,10411
10,Trans,NA,10447
10,Trans,NA,10522
10,Trans,NA,10679
10,Trans,NA,10779
10,Trans,NA,10835
10,Trans,NA,10874
10,Trans,NA,10876
10,Trans,NA,10929
10,Trans,NA,10930
10,Trans,NA,10964
10,Trans,NA,10995
10,Trans,NA,11021
10,Trans,NA,11087
10,Trans,NA,11111
10,Trans,NA,11093
10,Trans,NA,11092
10,Trans,NA,11108
10,Trans,NA,11102
10,Trans,NA,11082
10,Trans,NA,11081
10,End,NA,11066
17,Taxi,NA,697
17,Trans,NA,844
17,Trans,NA,1321
17,Trans,NA,1322
17,Trans,NA,1571
17,Trans,NA,1695
17,Trans,NA,1656
17,Trans,NA,1652
17,Trans,NA,1647
17,Trans,NA,1648
17,Trans,NA,1658
17,Trans,NA,1698
17,Trans,NA,1732
17,Trans,NA,1733
17,Trans,NA,1725
17,Trans,NA,1726
17,Trans,NA,1895
17,Trans,NA,1951
17,Trans,NA,2124
17,Trans,NA,2125
17,Trans,NA,2429
17,Trans,NA,2478
17,Trans,NA,2635
17,Trans,NA,2802
17,Trans,NA,2803
17,Trans,NA,2961
17,Trans,NA,3124
17,Trans,NA,3249
17,Trans,NA,3250
17,Trans,NA,3382
17,Trans,NA,3458
17,Trans,NA,3613
17,Trans,NA,3706
17,Trans,NA,3796
17,Trans,NA,3860
17,Trans,NA,3905
17,Trans,NA,3939
17,Trans,NA,4000
17,Trans,NA,4113
17,Trans,NA,4547
17,Trans,NA,4885
17,Trans,NA,5275
17,Trans,NA,5491
17,Trans,NA,5876
17,Trans,NA,6061
17,Trans,NA,6548
17,Trans,NA,7164
17,Trans,NA,7165
17,Trans,NA,7469
17,Trans,NA,7746
17,Trans,NA,7980
17,Trans,NA,8139
17,Trans,NA,8377
17,Trans,NA,8594
17,Trans,NA,8732
17,Trans,NA,8862
17,Trans,NA,9141
17,Trans,NA,9142
17,Trans,NA,9322
17,Trans,NA,9494
17,Trans,NA,9575
17,Trans,NA,9606
17,Trans,NA,9607
17,Trans,NA,9699
17,Trans,NA,10090
17,Trans,NA,10166
17,Trans,NA,10246
17,Trans,NA,10245
17,Trans,NA,10296
17,Trans,NA,10324
17,Trans,NA,10523
17,Trans,NA,10486
17,Trans,NA,10487
17,Trans,NA,10409
17,Trans,NA,10410
17,Trans,NA,10411
17,Trans,NA,10447
17,Trans,NA,10522
17,Trans,NA,10679
17,Trans,NA,10779
17,Trans,NA,10835
17,Trans,NA,10874
17,Trans,NA,10875
17,Trans,NA,10923
17,Trans,NA,10924
17,Trans,NA,10849
17,Trans,NA,10803
17,Trans,NA,10723
17,Trans,NA,10626
17,Trans,NA,10699
17,Trans,NA,10698
17,Trans,NA,10569
17,Trans,NA,10570
17,Start,54,10531
17,Trans,NA,10488
17,Trans,NA,10489
17,Trans,NA,10504
17,Trans,NA,10438
17,Trans,NA,10439
17,Trans,NA,10391
17,Trans,NA,10349
17,Trans,NA,10327
17,Trans,NA,10301
17,Trans,NA,10300
17,Trans,NA,10244
17,Trans,NA,10174
17,Trans,NA,10103
17,Trans,NA,10070
17,Trans,NA,10078
17,Trans,NA,10077
17,Trans,NA,9992
17,Trans,NA,9947
17,Trans,NA,9758
17,Trans,NA,9697
17,Trans,NA,9696
17,Trans,NA,9598
17,Trans,NA,9569
17,Trans,NA,9407
17,Trans,NA,9308
17,Trans,NA,9363
17,Trans,NA,9413
17,Trans,NA,9411
17,Trans,NA,9094
17,Trans,NA,8584
17,Trans,NA,8587
17,Trans,NA,8080
17,Trans,NA,8079
17,Trans,NA,8054
17,Trans,NA,8036
17,Trans,NA,8037
17,Trans,NA,8020
17,Trans,NA,7941
17,Trans,NA,7917
17,Trans,NA,7887
17,Trans,NA,7886
17,Trans,NA,7861
17,Trans,NA,7702
17,Trans,NA,7417
17,Trans,NA,7422
17,Trans,NA,7298
17,Trans,NA,7299
17,Trans,NA,7161
17,Trans,NA,7027
17,Trans,NA,7028
17,Trans,NA,6949
17,Trans,NA,6896
17,Trans,NA,6953
17,Trans,NA,6958
17,Trans,NA,6984
17,Trans,NA,6625
17,Trans,NA,6624
17,Trans,NA,6480
17,Trans,NA,6268
17,Trans,NA,6048
17,Trans,NA,5348
17,Trans,NA,5347
17,Trans,NA,5152
17,Trans,NA,4947
17,Trans,NA,4538
17,Trans,NA,4362
17,Trans,NA,4235
17,Trans,NA,4173
17,Trans,NA,4155
17,Trans,NA,4025
17,Trans,NA,3804
17,Trans,NA,3640
17,Trans,NA,3491
17,Trans,NA,3385
17,Trans,NA,3314
17,Trans,NA,3001
17,Trans,NA,2887
17,Trans,NA,2576
17,Trans,NA,2523
17,Trans,NA,2484
17,Trans,NA,2455
17,Trans,NA,2489
17,Trans,NA,2465
17,Trans,NA,2463
17,Trans,NA,2458
17,Trans,NA,2312
17,Trans,NA,2311
17,Trans,NA,2256
17,Trans,NA,2252
17,Trans,NA,2277
17,Trans,NA,2278
17,Trans,NA,2177
17,Trans,NA,2145
17,Trans,NA,2143
17,Trans,NA,2048
17,Trans,NA,1978
17,Trans,NA,2025
17,Trans,NA,2024
17,Trans,NA,2078
17,Trans,NA,2007
17,Trans,NA,1934
17,Trans,NA,1924
17,Trans,NA,1906
17,Trans,NA,1907
17,Trans,NA,1746
17,Trans,NA,1745
17,Trans,NA,1681
17,Trans,NA,1631
17,Trans,NA,1565
17,Trans,NA,1605
17,Trans,NA,1574
17,Trans,NA,1454
17,End,NA,1422
