44,Taxi,NA,11022
44,Trans,NA,11023
44,Trans,NA,10987
44,Trans,NA,10940
44,Trans,NA,10939
44,Trans,NA,10907
44,Trans,NA,10855
44,Trans,NA,10846
44,Trans,NA,10755
44,Trans,NA,10753
44,Trans,NA,10612
44,Trans,NA,10556
44,Trans,NA,10533
44,Trans,NA,10438
44,Trans,NA,10439
44,Trans,NA,10391
44,Trans,NA,10349
44,Trans,NA,10327
44,Trans,NA,10301
44,Trans,NA,10300
44,Trans,NA,10244
44,Trans,NA,10174
44,Trans,NA,10103
44,Trans,NA,10070
44,Trans,NA,10078
44,Trans,NA,10077
44,Trans,NA,9992
44,Trans,NA,9947
44,Trans,NA,9758
44,Trans,NA,9697
44,Trans,NA,9696
44,Trans,NA,9598
44,Trans,NA,9569
44,Trans,NA,9407
44,Trans,NA,9308
44,Trans,NA,9363
44,Trans,NA,9413
44,Trans,NA,9411
44,Trans,NA,9094
44,Trans,NA,8584
44,Trans,NA,8587
44,Trans,NA,8080
44,Trans,NA,8079
44,Trans,NA,8054
44,Trans,NA,8036
44,Trans,NA,8037
44,Trans,NA,8020
44,Trans,NA,7941
44,Trans,NA,7917
44,Trans,NA,7887
44,Trans,NA,7769
44,Trans,NA,7722
44,Trans,NA,7723
44,Trans,NA,7634
44,Trans,NA,7552
44,Trans,NA,7465
44,Trans,NA,7443
44,Trans,NA,7388
44,Trans,NA,7389
44,Trans,NA,7339
44,Trans,NA,7338
44,Trans,NA,7314
44,Trans,NA,7221
44,Trans,NA,7154
44,Trans,NA,7153
44,Trans,NA,7128
44,Start,47,7050
44,Trans,NA,7049
44,Trans,NA,7023
44,Trans,NA,6982
44,Trans,NA,6778
44,Trans,NA,6779
44,Trans,NA,6651
44,Trans,NA,6652
44,Trans,NA,6617
44,Trans,NA,6566
44,Trans,NA,6496
44,Trans,NA,6478
44,Trans,NA,6479
44,Trans,NA,6435
44,Trans,NA,6412
44,Trans,NA,6382
44,Trans,NA,6369
44,Trans,NA,6328
44,Trans,NA,6298
44,Trans,NA,6274
44,Trans,NA,6275
44,End,NA,6212
21,Taxi,NA,4755
21,Trans,NA,4868
21,Trans,NA,4981
21,Trans,NA,5017
21,Trans,NA,5007
21,Trans,NA,5008
21,Trans,NA,4991
21,Trans,NA,4962
21,Trans,NA,4961
21,Trans,NA,4905
21,Trans,NA,4795
21,Trans,NA,4631
21,Trans,NA,4630
21,Trans,NA,4596
21,Trans,NA,4701
21,Trans,NA,4886
21,Trans,NA,5174
21,Trans,NA,5345
21,Trans,NA,5412
21,Trans,NA,5414
21,Trans,NA,5541
21,Trans,NA,5833
21,Trans,NA,5832
21,Trans,NA,5906
21,Trans,NA,5905
21,Trans,NA,6025
21,Trans,NA,6211
21,Trans,NA,6295
21,Trans,NA,6294
21,Trans,NA,6234
21,Trans,NA,6447
21,Trans,NA,6572
21,Trans,NA,6573
21,Trans,NA,6990
21,Trans,NA,7110
21,Trans,NA,7157
21,Trans,NA,7207
21,Trans,NA,7266
21,Trans,NA,7265
21,Trans,NA,7406
21,Trans,NA,7407
21,Trans,NA,7371
21,Trans,NA,7504
21,Trans,NA,7454
21,Trans,NA,7420
21,Trans,NA,7419
21,Trans,NA,7417
21,Trans,NA,7702
21,Trans,NA,7861
21,Trans,NA,7886
21,Trans,NA,7887
21,Trans,NA,7873
21,Trans,NA,7810
21,Trans,NA,7760
21,Trans,NA,7680
21,Trans,NA,7682
21,Trans,NA,7620
21,Start,47,7620
21,Trans,NA,7682
21,Trans,NA,7680
21,Trans,NA,7760
21,Trans,NA,7810
21,Trans,NA,7873
21,Trans,NA,7887
21,Trans,NA,7886
21,Trans,NA,7861
21,Trans,NA,7702
21,Trans,NA,7417
21,Trans,NA,7422
21,Trans,NA,7298
21,Trans,NA,7299
21,Trans,NA,7161
21,Trans,NA,7027
21,Trans,NA,7028
21,Trans,NA,6949
21,Trans,NA,6896
21,Trans,NA,6953
21,Trans,NA,6958
21,Trans,NA,6984
21,Trans,NA,6625
21,Trans,NA,6624
21,Trans,NA,6480
21,Trans,NA,6268
21,Trans,NA,6048
21,Trans,NA,5348
21,Trans,NA,5347
21,Trans,NA,5152
21,Trans,NA,4947
21,Trans,NA,4538
21,Trans,NA,4362
21,Trans,NA,4235
21,Trans,NA,4173
21,Trans,NA,4155
21,Trans,NA,4025
21,Trans,NA,3804
21,Trans,NA,3640
21,Trans,NA,3491
21,Trans,NA,3385
21,Trans,NA,3314
21,Trans,NA,3001
21,Trans,NA,2887
21,Trans,NA,2576
21,Trans,NA,2523
21,Trans,NA,2484
21,Trans,NA,2455
21,Trans,NA,2489
21,Trans,NA,2465
21,Trans,NA,2463
21,Trans,NA,2458
21,Trans,NA,2312
21,Trans,NA,2311
21,Trans,NA,2256
21,Trans,NA,2252
21,Trans,NA,2277
21,Trans,NA,2278
21,Trans,NA,2177
21,Trans,NA,2145
21,Trans,NA,2144
21,Trans,NA,2076
21,Trans,NA,2028
21,Trans,NA,1950
21,Trans,NA,1973
21,Trans,NA,1974
21,Trans,NA,1980
21,Trans,NA,1975
21,Trans,NA,1992
21,Trans,NA,1884
21,Trans,NA,1683
21,End,NA,1611
10,Taxi,NA,6233
10,Trans,NA,6234
10,Trans,NA,6447
10,Trans,NA,6572
10,Trans,NA,6573
10,Trans,NA,6990
10,Trans,NA,7110
10,Trans,NA,7157
10,Trans,NA,7207
10,Trans,NA,7266
10,Trans,NA,7283
10,Start,1,7283
10,Trans,NA,7266
10,Trans,NA,7207
10,Trans,NA,7157
10,Trans,NA,7110
10,Trans,NA,6990
10,Trans,NA,6573
10,Trans,NA,6572
10,Trans,NA,6447
10,Trans,NA,6234
10,Trans,NA,6294
10,Trans,NA,6295
10,Trans,NA,6211
10,Trans,NA,6025
10,Trans,NA,5905
10,Trans,NA,5906
10,Trans,NA,5832
10,Trans,NA,5833
10,Trans,NA,5541
10,Trans,NA,5414
10,Trans,NA,5412
10,Trans,NA,5345
10,Trans,NA,5174
10,Trans,NA,4885
10,Trans,NA,4547
10,Trans,NA,4113
10,Trans,NA,4000
10,Trans,NA,3939
10,Trans,NA,3905
10,Trans,NA,3860
10,Trans,NA,3796
10,Trans,NA,3706
10,Trans,NA,3613
10,Trans,NA,3458
10,Trans,NA,3382
10,Trans,NA,3250
10,Trans,NA,3249
10,Trans,NA,3124
10,Trans,NA,2961
10,Trans,NA,2803
10,Trans,NA,2802
10,Trans,NA,2635
10,Trans,NA,2478
10,Trans,NA,2429
10,Trans,NA,2125
10,Trans,NA,2124
10,Trans,NA,1951
10,Trans,NA,1895
10,Trans,NA,1726
10,Trans,NA,1725
10,Trans,NA,1733
10,Trans,NA,1732
10,Trans,NA,1698
10,Trans,NA,1658
10,Trans,NA,1648
10,Trans,NA,1647
10,Trans,NA,1652
10,Trans,NA,1656
10,Trans,NA,1695
10,Trans,NA,1571
10,Trans,NA,1322
10,Trans,NA,1321
10,Trans,NA,844
10,Trans,NA,697
10,Trans,NA,586
10,Trans,NA,596
10,Trans,NA,602
10,Trans,NA,603
10,Trans,NA,650
10,Trans,NA,661
10,Trans,NA,662
10,Trans,NA,677
10,Trans,NA,675
10,Trans,NA,673
10,Trans,NA,674
10,Trans,NA,680
10,Trans,NA,672
10,Trans,NA,619
10,Trans,NA,582
10,Trans,NA,551
10,Trans,NA,523
10,Trans,NA,505
10,Trans,NA,471
10,Trans,NA,449
10,Trans,NA,424
10,Trans,NA,425
10,Trans,NA,384
10,Trans,NA,341
10,Trans,NA,332
10,Trans,NA,322
10,Trans,NA,310
10,Trans,NA,297
10,Trans,NA,289
10,Trans,NA,274
10,Trans,NA,270
10,Trans,NA,262
10,Trans,NA,252
10,Trans,NA,233
10,Trans,NA,232
10,Trans,NA,203
10,Trans,NA,204
10,Trans,NA,162
10,Trans,NA,181
10,Trans,NA,182
10,Trans,NA,133
10,Trans,NA,132
10,Trans,NA,104
10,Trans,NA,64
10,Trans,NA,63
10,Trans,NA,58
10,Trans,NA,52
10,Trans,NA,37
10,Trans,NA,84
10,Trans,NA,65
10,Trans,NA,66
10,Trans,NA,57
10,End,NA,101
41,Taxi,NA,7196
41,Trans,NA,7163
41,Trans,NA,7090
41,Trans,NA,6997
41,Trans,NA,6956
41,Trans,NA,6996
41,Trans,NA,6995
41,Trans,NA,7014
41,Trans,NA,7039
41,Trans,NA,7080
41,Trans,NA,7077
41,Trans,NA,7125
41,Trans,NA,7191
41,Trans,NA,7232
41,Trans,NA,7231
41,Trans,NA,6979
41,Trans,NA,6980
41,Trans,NA,6704
41,Trans,NA,6703
41,Trans,NA,6599
41,Trans,NA,6427
41,Trans,NA,6428
41,Trans,NA,6483
41,Trans,NA,6505
41,Trans,NA,6537
41,Trans,NA,6584
41,Trans,NA,6457
41,Trans,NA,6458
41,Trans,NA,6378
41,Trans,NA,6319
41,Trans,NA,6252
41,Trans,NA,6201
41,Trans,NA,6137
41,Trans,NA,6081
41,Trans,NA,6036
41,Trans,NA,5964
41,Trans,NA,6021
41,Trans,NA,6004
41,Trans,NA,5922
41,Start,2,5922
41,Trans,NA,6004
41,Trans,NA,6021
41,Trans,NA,5964
41,Trans,NA,6036
41,Trans,NA,6081
41,Trans,NA,6137
41,Trans,NA,6201
41,Trans,NA,6252
41,Trans,NA,6319
41,Trans,NA,6378
41,Trans,NA,6458
41,Trans,NA,6457
41,Trans,NA,6584
41,Trans,NA,6537
41,Trans,NA,6505
41,Trans,NA,6483
41,Trans,NA,6428
41,Trans,NA,6427
41,Trans,NA,6599
41,Trans,NA,6703
41,Trans,NA,6704
41,Trans,NA,6980
41,Trans,NA,6979
41,Trans,NA,7231
41,Trans,NA,7232
41,Trans,NA,7191
41,Trans,NA,7125
41,Trans,NA,7077
41,Trans,NA,7080
41,Trans,NA,7039
41,Trans,NA,7014
41,Trans,NA,6995
41,Trans,NA,6996
41,Trans,NA,6956
41,Trans,NA,6997
41,Trans,NA,7090
41,Trans,NA,7163
41,Trans,NA,7196
41,Trans,NA,7194
41,Trans,NA,7270
41,Trans,NA,7198
41,Trans,NA,7254
41,Trans,NA,7375
41,Trans,NA,7374
41,Trans,NA,7292
41,Trans,NA,7291
41,Trans,NA,7338
41,Trans,NA,7339
41,Trans,NA,7370
41,Trans,NA,7398
41,Trans,NA,7399
41,Trans,NA,7417
41,Trans,NA,7419
41,Trans,NA,7420
41,Trans,NA,7454
41,Trans,NA,7503
41,Trans,NA,7665
41,Trans,NA,7765
41,Trans,NA,7833
41,Trans,NA,7858
41,Trans,NA,7900
41,Trans,NA,7901
41,Trans,NA,7945
41,Trans,NA,8031
41,Trans,NA,8122
41,Trans,NA,8159
41,Trans,NA,8360
41,Trans,NA,8362
41,Trans,NA,8399
41,Trans,NA,8514
41,Trans,NA,8582
41,Trans,NA,8675
41,Trans,NA,8674
41,Trans,NA,8707
41,Trans,NA,9005
41,Trans,NA,9006
41,Trans,NA,9389
41,Trans,NA,9387
41,Trans,NA,9571
41,Trans,NA,9678
41,Trans,NA,9677
41,Trans,NA,9654
41,Trans,NA,9477
41,End,NA,9313
14,Taxi,NA,5879
14,Trans,NA,5978
14,Trans,NA,5979
14,Trans,NA,6019
14,Start,2,6024
14,Trans,NA,6022
14,Trans,NA,5925
14,Trans,NA,5757
14,Trans,NA,5752
14,Trans,NA,5823
14,Trans,NA,5786
14,Trans,NA,6048
14,Trans,NA,6268
14,Trans,NA,6480
14,Trans,NA,6624
14,Trans,NA,6625
14,Trans,NA,6984
14,Trans,NA,6958
14,Trans,NA,6953
14,Trans,NA,6896
14,Trans,NA,6949
14,Trans,NA,7028
14,Trans,NA,7029
14,Trans,NA,7013
14,Trans,NA,7106
14,Trans,NA,7103
14,Trans,NA,7102
14,End,NA,7047
16,Taxi,NA,3847
16,Trans,NA,3882
16,Trans,NA,3954
16,Trans,NA,4003
16,Trans,NA,4004
16,Trans,NA,4125
16,Trans,NA,4124
16,Trans,NA,4009
16,Trans,NA,4018
16,Trans,NA,4082
16,Trans,NA,4088
16,Start,2,4067
16,Trans,NA,4066
16,Trans,NA,4069
16,Trans,NA,4183
16,Trans,NA,4200
16,Trans,NA,4199
16,Trans,NA,4403
16,Trans,NA,4374
16,Trans,NA,4375
16,Trans,NA,4326
16,Trans,NA,4324
16,Trans,NA,4322
16,Trans,NA,4704
16,Trans,NA,4730
16,Trans,NA,4844
16,Trans,NA,5148
16,Trans,NA,5316
16,Trans,NA,5527
16,Trans,NA,5600
16,Trans,NA,5601
16,Trans,NA,5695
16,Trans,NA,5709
16,Trans,NA,5756
16,Trans,NA,5817
16,Trans,NA,5818
16,Trans,NA,5908
16,Trans,NA,6255
16,Trans,NA,6254
16,Trans,NA,6612
16,Trans,NA,7030
16,Trans,NA,6867
16,Trans,NA,6602
16,Trans,NA,6785
16,Trans,NA,6786
16,Trans,NA,6924
16,Trans,NA,6925
16,Trans,NA,6715
16,Trans,NA,6643
16,Trans,NA,6537
16,Trans,NA,6505
16,Trans,NA,6483
16,Trans,NA,6428
16,Trans,NA,6427
16,Trans,NA,6599
16,Trans,NA,6703
16,Trans,NA,6704
16,Trans,NA,6980
16,Trans,NA,6979
16,Trans,NA,7231
16,Trans,NA,7355
16,Trans,NA,7453
16,Trans,NA,7475
16,Trans,NA,7840
16,Trans,NA,7839
16,Trans,NA,7935
16,Trans,NA,7997
16,Trans,NA,8103
16,Trans,NA,8188
16,Trans,NA,8331
16,Trans,NA,8378
16,Trans,NA,8434
16,Trans,NA,8494
16,Trans,NA,8513
16,Trans,NA,8679
16,Trans,NA,8724
16,Trans,NA,8776
16,Trans,NA,8766
16,Trans,NA,8765
16,Trans,NA,8762
16,Trans,NA,8761
16,Trans,NA,8756
16,Trans,NA,8655
16,Trans,NA,8657
16,Trans,NA,8627
16,Trans,NA,8628
16,Trans,NA,8585
16,Trans,NA,8584
16,Trans,NA,9094
16,Trans,NA,9411
16,Trans,NA,9413
16,Trans,NA,9363
16,Trans,NA,9308
16,Trans,NA,9407
16,Trans,NA,9569
16,Trans,NA,9598
16,Trans,NA,9696
16,Trans,NA,9697
16,Trans,NA,9758
16,Trans,NA,9947
16,Trans,NA,9992
16,Trans,NA,10077
16,Trans,NA,10156
16,Trans,NA,10157
16,Trans,NA,10278
16,Trans,NA,10277
16,Trans,NA,10267
16,Trans,NA,10283
16,Trans,NA,10319
16,Trans,NA,10320
16,Trans,NA,10354
16,Trans,NA,10360
16,Trans,NA,10394
16,Trans,NA,10463
16,Trans,NA,10464
16,Trans,NA,10503
16,Trans,NA,10577
16,Trans,NA,10645
16,Trans,NA,10715
16,Trans,NA,10802
16,Trans,NA,10849
16,Trans,NA,10924
16,Trans,NA,10925
16,Trans,NA,10890
16,End,NA,10889
34,Taxi,NA,4506
34,Trans,NA,4468
34,Trans,NA,4420
34,Trans,NA,4419
34,Trans,NA,4433
34,Trans,NA,4415
34,Trans,NA,4491
34,Trans,NA,4500
34,Trans,NA,4499
34,Trans,NA,4697
34,Trans,NA,4698
34,Trans,NA,4882
34,Trans,NA,5007
34,Trans,NA,5008
34,Trans,NA,4991
34,Trans,NA,4962
34,Trans,NA,4961
34,Trans,NA,4905
34,Trans,NA,4795
34,Trans,NA,4631
34,Trans,NA,4630
34,Trans,NA,4596
34,Trans,NA,4701
34,Trans,NA,4886
34,Trans,NA,5174
34,Trans,NA,5345
34,Trans,NA,5412
34,Trans,NA,5414
34,Trans,NA,5542
34,Trans,NA,5330
34,Trans,NA,5317
34,Trans,NA,5318
34,Trans,NA,5083
34,Trans,NA,4952
34,Trans,NA,4953
34,Trans,NA,4973
34,Start,4,4973
34,Trans,NA,4953
34,Trans,NA,4952
34,Trans,NA,5083
34,Trans,NA,5318
34,Trans,NA,5317
34,Trans,NA,5330
34,Trans,NA,5542
34,Trans,NA,5414
34,Trans,NA,5412
34,Trans,NA,5345
34,Trans,NA,5174
34,Trans,NA,4886
34,Trans,NA,4701
34,Trans,NA,4596
34,Trans,NA,4630
34,Trans,NA,4631
34,Trans,NA,4795
34,Trans,NA,4905
34,Trans,NA,4961
34,Trans,NA,4962
34,Trans,NA,4991
34,Trans,NA,5008
34,Trans,NA,5007
34,Trans,NA,4882
34,Trans,NA,4698
34,Trans,NA,4697
34,Trans,NA,4499
34,Trans,NA,4500
34,Trans,NA,4491
34,Trans,NA,4415
34,Trans,NA,4433
34,Trans,NA,4419
34,Trans,NA,4420
34,Trans,NA,4468
34,End,NA,4506
8,Taxi,NA,9892
8,Trans,NA,9939
8,Trans,NA,9976
8,Trans,NA,9960
8,Trans,NA,9889
8,Trans,NA,9890
8,Trans,NA,9854
8,Trans,NA,9839
8,Trans,NA,9782
8,Trans,NA,9726
8,Trans,NA,9725
8,Trans,NA,9701
8,Trans,NA,9668
8,Trans,NA,9621
8,Trans,NA,9583
8,Trans,NA,9584
8,Start,6,9584
8,Trans,NA,9582
8,Trans,NA,9565
8,Trans,NA,9547
8,Trans,NA,9518
8,Trans,NA,9501
8,Trans,NA,9502
8,Trans,NA,9462
8,Trans,NA,9394
8,Trans,NA,9412
8,Trans,NA,9413
8,Trans,NA,9363
8,Trans,NA,9308
8,Trans,NA,9407
8,Trans,NA,9569
8,Trans,NA,9598
8,Trans,NA,9696
8,Trans,NA,9697
8,Trans,NA,9758
8,Trans,NA,9937
8,Trans,NA,9957
8,Trans,NA,10058
8,Trans,NA,10057
8,Trans,NA,10188
8,Trans,NA,10190
8,Trans,NA,10191
8,Trans,NA,10232
8,Trans,NA,10231
8,Trans,NA,10230
8,Trans,NA,10234
8,Trans,NA,10228
8,Trans,NA,10220
8,Trans,NA,10245
8,Trans,NA,10296
8,Trans,NA,10324
8,Trans,NA,10380
8,Trans,NA,10398
8,Trans,NA,10406
8,Trans,NA,10405
8,Trans,NA,10495
8,Trans,NA,10497
8,Trans,NA,10551
8,Trans,NA,10552
8,Trans,NA,10557
8,Trans,NA,10515
8,End,NA,10454
6,Taxi,NA,4755
6,Trans,NA,4866
6,Trans,NA,4751
6,Trans,NA,4446
6,Trans,NA,4491
6,Trans,NA,4492
6,Trans,NA,4285
6,Trans,NA,4225
6,Trans,NA,4073
6,Trans,NA,4008
6,Trans,NA,3855
6,Trans,NA,3865
6,Trans,NA,3873
6,Trans,NA,3892
6,Trans,NA,3893
6,Trans,NA,3856
6,Trans,NA,3776
6,Trans,NA,3564
6,Trans,NA,3521
6,Trans,NA,3475
6,Trans,NA,3478
6,Trans,NA,3334
6,Trans,NA,3333
6,Trans,NA,3294
6,Start,7,3294
6,Trans,NA,3333
6,Trans,NA,3334
6,Trans,NA,3478
6,Trans,NA,3475
6,Trans,NA,3521
6,Trans,NA,3564
6,Trans,NA,3776
6,Trans,NA,3856
6,Trans,NA,3893
6,Trans,NA,3892
6,Trans,NA,3873
6,Trans,NA,3865
6,Trans,NA,3855
6,Trans,NA,4008
6,Trans,NA,4073
6,Trans,NA,4225
6,Trans,NA,4285
6,Trans,NA,4492
6,Trans,NA,4500
6,Trans,NA,4499
6,Trans,NA,4697
6,Trans,NA,4698
6,Trans,NA,4882
6,Trans,NA,5007
6,Trans,NA,5008
6,Trans,NA,4991
6,Trans,NA,4962
6,Trans,NA,4961
6,Trans,NA,4905
6,Trans,NA,4795
6,Trans,NA,4631
6,Trans,NA,4630
6,Trans,NA,4596
6,Trans,NA,4701
6,Trans,NA,4886
6,Trans,NA,5275
6,Trans,NA,5491
6,Trans,NA,5876
6,Trans,NA,6061
6,Trans,NA,6548
6,Trans,NA,7164
6,Trans,NA,7165
6,Trans,NA,7469
6,Trans,NA,7746
6,Trans,NA,7980
6,Trans,NA,8139
6,Trans,NA,8377
6,Trans,NA,8594
6,Trans,NA,8732
6,Trans,NA,8862
6,Trans,NA,9141
6,Trans,NA,9142
6,Trans,NA,9322
6,Trans,NA,9494
6,Trans,NA,9575
6,Trans,NA,9606
6,Trans,NA,9607
6,Trans,NA,9699
6,Trans,NA,10090
6,Trans,NA,10166
6,Trans,NA,10246
6,Trans,NA,10245
6,Trans,NA,10296
6,Trans,NA,10324
6,Trans,NA,10523
6,Trans,NA,10486
6,Trans,NA,10487
6,Trans,NA,10548
6,Trans,NA,10549
6,Trans,NA,10637
6,Trans,NA,10636
6,Trans,NA,10671
6,End,NA,10794
32,Taxi,NA,5435
32,Trans,NA,5139
32,Trans,NA,5140
32,Trans,NA,5079
32,Trans,NA,5112
32,Trans,NA,5195
32,Trans,NA,5196
32,Trans,NA,5087
32,Trans,NA,5086
32,Trans,NA,5078
32,Trans,NA,4938
32,Trans,NA,4797
32,Trans,NA,4745
32,Trans,NA,4709
32,Trans,NA,4710
32,Trans,NA,4707
32,Trans,NA,4720
32,Trans,NA,4731
32,Trans,NA,4668
32,Trans,NA,4594
32,Trans,NA,4593
32,Trans,NA,4451
32,Trans,NA,4383
32,Trans,NA,4382
32,Trans,NA,4357
32,Trans,NA,4310
32,Trans,NA,4309
32,Trans,NA,4222
32,Trans,NA,4163
32,Trans,NA,4109
32,Start,7,4109
32,Trans,NA,4163
32,Trans,NA,4222
32,Trans,NA,4309
32,Trans,NA,4310
32,Trans,NA,4357
32,Trans,NA,4382
32,Trans,NA,4383
32,Trans,NA,4451
32,Trans,NA,4593
32,Trans,NA,4594
32,Trans,NA,4668
32,Trans,NA,4731
32,Trans,NA,4720
32,Trans,NA,4707
32,Trans,NA,4710
32,Trans,NA,4709
32,Trans,NA,4745
32,Trans,NA,4797
32,Trans,NA,4938
32,Trans,NA,5078
32,Trans,NA,5086
32,Trans,NA,5087
32,Trans,NA,5196
32,Trans,NA,5195
32,Trans,NA,5112
32,Trans,NA,5079
32,Trans,NA,4890
32,Trans,NA,4865
32,Trans,NA,4864
32,Trans,NA,4576
32,Trans,NA,4536
32,Trans,NA,4498
32,Trans,NA,4479
32,Trans,NA,4463
32,Trans,NA,4455
32,Trans,NA,4452
32,Trans,NA,4428
32,Trans,NA,4425
32,Trans,NA,4409
32,Trans,NA,4413
32,Trans,NA,4448
32,Trans,NA,4449
32,Trans,NA,4947
32,Trans,NA,5152
32,Trans,NA,5347
32,Trans,NA,5348
32,Trans,NA,6048
32,Trans,NA,6268
32,Trans,NA,6480
32,Trans,NA,6624
32,Trans,NA,6625
32,Trans,NA,6984
32,Trans,NA,6958
32,Trans,NA,6953
32,Trans,NA,6896
32,Trans,NA,6949
32,Trans,NA,7028
32,Trans,NA,7027
32,Trans,NA,7161
32,Trans,NA,7299
32,Trans,NA,7298
32,Trans,NA,7387
32,Trans,NA,7382
32,Trans,NA,7420
32,Trans,NA,7454
32,Trans,NA,7503
32,Trans,NA,7665
32,Trans,NA,7765
32,Trans,NA,7833
32,Trans,NA,7858
32,Trans,NA,7900
32,Trans,NA,7901
32,Trans,NA,7945
32,Trans,NA,8031
32,Trans,NA,8122
32,Trans,NA,8158
32,Trans,NA,8092
32,Trans,NA,8065
32,Trans,NA,8042
32,Trans,NA,8000
32,Trans,NA,7947
32,Trans,NA,7916
32,Trans,NA,7871
32,Trans,NA,7829
32,Trans,NA,7830
32,End,NA,7774
18,Taxi,NA,9777
18,Trans,NA,9808
18,Trans,NA,9829
18,Trans,NA,9863
18,Trans,NA,9893
18,Trans,NA,9936
18,Trans,NA,9959
18,Trans,NA,9938
18,Trans,NA,9866
18,Trans,NA,9867
18,Trans,NA,9901
18,Trans,NA,9915
18,Trans,NA,9930
18,Trans,NA,9850
18,Trans,NA,9851
18,Trans,NA,9833
18,Trans,NA,9806
18,Trans,NA,9818
18,Trans,NA,9783
18,Trans,NA,9751
18,Trans,NA,9898
18,Trans,NA,9897
18,Trans,NA,10012
18,Trans,NA,10037
18,Start,8,10037
18,Trans,NA,10012
18,Trans,NA,9897
18,Trans,NA,9898
18,Trans,NA,9750
18,Trans,NA,9653
18,Trans,NA,9592
18,Trans,NA,9550
18,Trans,NA,9548
18,Trans,NA,9503
18,Trans,NA,9505
18,Trans,NA,9472
18,Trans,NA,9441
18,Trans,NA,9432
18,Trans,NA,9425
18,Trans,NA,9426
18,Trans,NA,9403
18,Trans,NA,9377
18,Trans,NA,9295
18,Trans,NA,9202
18,Trans,NA,9203
18,Trans,NA,9053
18,Trans,NA,9052
18,Trans,NA,8913
18,Trans,NA,8863
18,Trans,NA,8800
18,Trans,NA,8754
18,Trans,NA,8756
18,Trans,NA,8655
18,Trans,NA,8657
18,Trans,NA,8627
18,Trans,NA,8628
18,Trans,NA,8585
18,Trans,NA,8584
18,Trans,NA,9094
18,Trans,NA,9411
18,Trans,NA,9413
18,Trans,NA,9363
18,Trans,NA,9308
18,Trans,NA,9407
18,Trans,NA,9569
18,Trans,NA,9598
18,Trans,NA,9696
18,Trans,NA,9697
18,Trans,NA,9758
18,Trans,NA,9937
18,Trans,NA,9957
18,Trans,NA,10058
18,Trans,NA,10057
18,Trans,NA,10188
18,Trans,NA,10190
18,Trans,NA,10191
18,Trans,NA,10232
18,Trans,NA,10231
18,Trans,NA,10230
18,Trans,NA,10234
18,Trans,NA,10228
18,Trans,NA,10220
18,Trans,NA,10246
18,Trans,NA,10166
18,Trans,NA,10090
18,Trans,NA,9699
18,Trans,NA,9646
18,Trans,NA,9647
18,Trans,NA,9572
18,Trans,NA,9419
18,Trans,NA,9418
18,Trans,NA,9351
18,Trans,NA,9290
18,Trans,NA,9131
18,Trans,NA,8976
18,Trans,NA,8943
18,End,NA,8940
36,Taxi,NA,7774
36,Trans,NA,7830
36,Trans,NA,7829
36,Trans,NA,7871
36,Trans,NA,7916
36,Trans,NA,7947
36,Trans,NA,8000
36,Trans,NA,8042
36,Trans,NA,8065
36,Trans,NA,8092
36,Trans,NA,8158
36,Trans,NA,8122
36,Trans,NA,8031
36,Trans,NA,7945
36,Trans,NA,7901
36,Trans,NA,7900
36,Trans,NA,7858
36,Trans,NA,7833
36,Trans,NA,7765
36,Trans,NA,7665
36,Trans,NA,7503
36,Trans,NA,7454
36,Trans,NA,7420
36,Trans,NA,7419
36,Trans,NA,7417
36,Trans,NA,7702
36,Trans,NA,7861
36,Trans,NA,7886
36,Trans,NA,7887
36,Trans,NA,7918
36,Trans,NA,8125
36,Trans,NA,8200
36,Trans,NA,8198
36,Trans,NA,8193
36,Start,11,8193
36,Trans,NA,8198
36,Trans,NA,8199
36,Trans,NA,8345
36,Trans,NA,8385
36,Trans,NA,8483
36,Trans,NA,8673
36,Trans,NA,8750
36,Trans,NA,8748
36,Trans,NA,9067
36,Trans,NA,9257
36,Trans,NA,9363
36,Trans,NA,9413
36,Trans,NA,9412
36,Trans,NA,9394
36,Trans,NA,9462
36,Trans,NA,9502
36,Trans,NA,9501
36,Trans,NA,9518
36,Trans,NA,9547
36,Trans,NA,9565
36,Trans,NA,9582
36,Trans,NA,9583
36,Trans,NA,9621
36,Trans,NA,9668
36,Trans,NA,9701
36,Trans,NA,9725
36,Trans,NA,9726
36,Trans,NA,9782
36,Trans,NA,9839
36,Trans,NA,9854
36,Trans,NA,9890
36,Trans,NA,9891
36,Trans,NA,9862
36,Trans,NA,9863
36,Trans,NA,9893
36,Trans,NA,9936
36,Trans,NA,9959
36,Trans,NA,9938
36,Trans,NA,9953
36,Trans,NA,9961
36,Trans,NA,9931
36,Trans,NA,9929
36,End,NA,9914
30,Taxi,NA,101
30,Trans,NA,69
30,Trans,NA,55
30,Trans,NA,40
30,Trans,NA,32
30,Trans,NA,29
30,Trans,NA,17
30,Trans,NA,13
30,Start,13,13
30,Trans,NA,17
30,Trans,NA,29
30,Trans,NA,32
30,Trans,NA,40
30,Trans,NA,39
30,Trans,NA,28
30,Trans,NA,14
30,Trans,NA,23
30,Trans,NA,36
30,Trans,NA,52
30,Trans,NA,58
30,Trans,NA,63
30,Trans,NA,64
30,Trans,NA,104
30,Trans,NA,132
30,Trans,NA,133
30,Trans,NA,182
30,Trans,NA,181
30,Trans,NA,162
30,Trans,NA,204
30,Trans,NA,203
30,Trans,NA,232
30,Trans,NA,233
30,Trans,NA,252
30,Trans,NA,262
30,Trans,NA,270
30,Trans,NA,274
30,Trans,NA,289
30,Trans,NA,297
30,Trans,NA,310
30,Trans,NA,322
30,Trans,NA,332
30,Trans,NA,341
30,Trans,NA,384
30,Trans,NA,425
30,Trans,NA,424
30,Trans,NA,449
30,Trans,NA,471
30,Trans,NA,505
30,Trans,NA,523
30,Trans,NA,551
30,Trans,NA,582
30,Trans,NA,619
30,Trans,NA,757
30,Trans,NA,756
30,Trans,NA,838
30,Trans,NA,837
30,Trans,NA,856
30,Trans,NA,1007
30,Trans,NA,1006
30,Trans,NA,1001
30,Trans,NA,1025
30,Trans,NA,1040
30,Trans,NA,1041
30,Trans,NA,1052
30,Trans,NA,1084
30,Trans,NA,1116
30,Trans,NA,1153
30,Trans,NA,1164
30,Trans,NA,1166
30,Trans,NA,1175
30,Trans,NA,1179
30,Trans,NA,1185
30,Trans,NA,1189
30,Trans,NA,1197
30,Trans,NA,1203
30,Trans,NA,1208
30,Trans,NA,1216
30,Trans,NA,1312
30,Trans,NA,1310
30,Trans,NA,1381
30,Trans,NA,1394
30,Trans,NA,1451
30,Trans,NA,1568
30,Trans,NA,1567
30,Trans,NA,1655
30,Trans,NA,1722
30,Trans,NA,1795
30,Trans,NA,1865
30,Trans,NA,1909
30,Trans,NA,1947
30,Trans,NA,1946
30,Trans,NA,2049
30,Trans,NA,2481
30,Trans,NA,2561
30,Trans,NA,2636
30,Trans,NA,2637
30,Trans,NA,2942
30,Trans,NA,2943
30,Trans,NA,2974
30,Trans,NA,3146
30,Trans,NA,3216
30,Trans,NA,3379
30,Trans,NA,3378
30,Trans,NA,3821
30,Trans,NA,3960
30,Trans,NA,4070
30,Trans,NA,4185
30,Trans,NA,4323
30,Trans,NA,4322
30,Trans,NA,4704
30,Trans,NA,4730
30,Trans,NA,4844
30,Trans,NA,5148
30,Trans,NA,5316
30,Trans,NA,5527
30,Trans,NA,5600
30,Trans,NA,5601
30,Trans,NA,5695
30,Trans,NA,5709
30,Trans,NA,5756
30,Trans,NA,5817
30,Trans,NA,5818
30,Trans,NA,5908
30,Trans,NA,6255
30,Trans,NA,6254
30,Trans,NA,6612
30,Trans,NA,7030
30,Trans,NA,6867
30,Trans,NA,6602
30,Trans,NA,6785
30,Trans,NA,6786
30,Trans,NA,6924
30,Trans,NA,6925
30,Trans,NA,6715
30,Trans,NA,6642
30,Trans,NA,6557
30,Trans,NA,6637
30,Trans,NA,6732
30,Trans,NA,6781
30,Trans,NA,6828
30,End,NA,6870
30,Taxi,NA,6870
30,Trans,NA,6876
30,Trans,NA,6922
30,Trans,NA,6923
30,Trans,NA,6795
30,Trans,NA,6797
30,Trans,NA,6895
30,Trans,NA,7021
30,Trans,NA,7079
30,Trans,NA,7077
30,Trans,NA,7125
30,Trans,NA,7191
30,Trans,NA,7232
30,Trans,NA,7355
30,Trans,NA,7453
30,Trans,NA,7475
30,Trans,NA,7840
30,Trans,NA,7839
30,Trans,NA,7935
30,Trans,NA,7997
30,Trans,NA,8103
30,Trans,NA,8188
30,Trans,NA,8331
30,Trans,NA,8378
30,Trans,NA,8434
30,Trans,NA,8494
30,Trans,NA,8513
30,Trans,NA,8679
30,Trans,NA,8724
30,Trans,NA,8776
30,Trans,NA,8883
30,Trans,NA,8969
30,Start,17,8969
30,Trans,NA,8883
30,Trans,NA,8766
30,Trans,NA,8765
30,Trans,NA,8762
30,Trans,NA,8761
30,Trans,NA,8756
30,Trans,NA,8655
30,Trans,NA,8657
30,Trans,NA,8627
30,Trans,NA,8628
30,Trans,NA,8585
30,Trans,NA,8584
30,Trans,NA,9094
30,Trans,NA,9411
30,Trans,NA,9413
30,Trans,NA,9363
30,Trans,NA,9308
30,Trans,NA,9407
30,Trans,NA,9569
30,Trans,NA,9598
30,Trans,NA,9696
30,Trans,NA,9697
30,Trans,NA,9758
30,Trans,NA,9937
30,Trans,NA,9957
30,Trans,NA,10058
30,Trans,NA,10057
30,Trans,NA,10188
30,Trans,NA,10190
30,Trans,NA,10191
30,Trans,NA,10232
30,Trans,NA,10231
30,Trans,NA,10230
30,Trans,NA,10234
30,Trans,NA,10228
30,Trans,NA,10220
30,Trans,NA,10262
30,Trans,NA,10263
30,Trans,NA,10067
30,Trans,NA,10068
30,Trans,NA,9955
30,Trans,NA,9954
30,Trans,NA,9732
30,Trans,NA,9673
30,Trans,NA,9616
30,End,NA,9579
42,Taxi,NA,11022
42,Trans,NA,11023
42,Trans,NA,10987
42,Trans,NA,10940
42,Trans,NA,10939
42,Trans,NA,10907
42,Trans,NA,10855
42,Trans,NA,10846
42,Trans,NA,10755
42,Trans,NA,10753
42,Trans,NA,10612
42,Trans,NA,10556
42,Trans,NA,10533
42,Trans,NA,10438
42,Trans,NA,10439
42,Trans,NA,10391
42,Trans,NA,10349
42,Trans,NA,10327
42,Trans,NA,10330
42,Trans,NA,10333
42,Trans,NA,10334
42,Trans,NA,10269
42,Trans,NA,10297
42,Trans,NA,10312
42,Trans,NA,10345
42,Trans,NA,10366
42,Trans,NA,10365
42,Trans,NA,10364
42,Trans,NA,10363
42,Trans,NA,10362
42,Start,19,10362
42,Trans,NA,10363
42,Trans,NA,10364
42,Trans,NA,10365
42,Trans,NA,10366
42,Trans,NA,10345
42,Trans,NA,10312
42,Trans,NA,10297
42,Trans,NA,10269
42,Trans,NA,10260
42,Trans,NA,10201
42,Trans,NA,10174
42,Trans,NA,10103
42,Trans,NA,10070
42,Trans,NA,10078
42,Trans,NA,10077
42,Trans,NA,9992
42,Trans,NA,9947
42,Trans,NA,9758
42,Trans,NA,9697
42,Trans,NA,9696
42,Trans,NA,9598
42,Trans,NA,9569
42,Trans,NA,9407
42,Trans,NA,9308
42,Trans,NA,9363
42,Trans,NA,9413
42,Trans,NA,9411
42,Trans,NA,9094
42,Trans,NA,8584
42,Trans,NA,8587
42,Trans,NA,8080
42,Trans,NA,8079
42,Trans,NA,8054
42,Trans,NA,8036
42,Trans,NA,8037
42,Trans,NA,8020
42,Trans,NA,7941
42,Trans,NA,7917
42,Trans,NA,7887
42,Trans,NA,7886
42,Trans,NA,7861
42,Trans,NA,7702
42,Trans,NA,7417
42,Trans,NA,7422
42,Trans,NA,7298
42,Trans,NA,7299
42,Trans,NA,7161
42,Trans,NA,7027
42,Trans,NA,7028
42,Trans,NA,6949
42,Trans,NA,6896
42,Trans,NA,6953
42,Trans,NA,6958
42,Trans,NA,6984
42,Trans,NA,6625
42,Trans,NA,6624
42,Trans,NA,6480
42,Trans,NA,6268
42,Trans,NA,6048
42,Trans,NA,5348
42,Trans,NA,5347
42,Trans,NA,5152
42,Trans,NA,4947
42,Trans,NA,4538
42,Trans,NA,4362
42,Trans,NA,4235
42,Trans,NA,4173
42,Trans,NA,4155
42,Trans,NA,4025
42,Trans,NA,3804
42,Trans,NA,3640
42,Trans,NA,3491
42,Trans,NA,3385
42,Trans,NA,3314
42,Trans,NA,3001
42,Trans,NA,2887
42,Trans,NA,2576
42,Trans,NA,2523
42,Trans,NA,2484
42,Trans,NA,2455
42,Trans,NA,2489
42,Trans,NA,2465
42,Trans,NA,2463
42,Trans,NA,2458
42,Trans,NA,2312
42,Trans,NA,2311
42,Trans,NA,2256
42,Trans,NA,2252
42,Trans,NA,2277
42,Trans,NA,2278
42,Trans,NA,2177
42,Trans,NA,2145
42,Trans,NA,2144
42,Trans,NA,2076
42,Trans,NA,2028
42,Trans,NA,1950
42,Trans,NA,1949
42,Trans,NA,1926
42,Trans,NA,1918
42,Trans,NA,1765
42,Trans,NA,1620
42,Trans,NA,1619
42,Trans,NA,1456
42,Trans,NA,1370
42,Trans,NA,1307
42,Trans,NA,1259
42,Trans,NA,1233
42,Trans,NA,1231
42,Trans,NA,1215
42,End,NA,1222
9,Taxi,NA,1099
9,Trans,NA,1136
9,Trans,NA,1144
9,Trans,NA,1143
9,Trans,NA,1153
9,Trans,NA,1164
9,Trans,NA,1166
9,Trans,NA,1175
9,Trans,NA,1179
9,Trans,NA,1185
9,Trans,NA,1189
9,Trans,NA,1197
9,Trans,NA,1203
9,Trans,NA,1208
9,Trans,NA,1216
9,Trans,NA,1312
9,Trans,NA,1310
9,Trans,NA,1381
9,Trans,NA,1394
9,Trans,NA,1451
9,Trans,NA,1568
9,Trans,NA,1567
9,Trans,NA,1655
9,Trans,NA,1722
9,Trans,NA,1795
9,Trans,NA,1865
9,Trans,NA,1909
9,Trans,NA,1947
9,Trans,NA,1946
9,Trans,NA,2049
9,Trans,NA,2481
9,Trans,NA,2561
9,Trans,NA,2636
9,Trans,NA,2637
9,Trans,NA,2942
9,Trans,NA,2943
9,Trans,NA,2974
9,Trans,NA,3146
9,Trans,NA,3216
9,Trans,NA,3379
9,Trans,NA,3378
9,Trans,NA,3821
9,Trans,NA,3960
9,Trans,NA,4070
9,Trans,NA,4185
9,Trans,NA,4323
9,Trans,NA,4322
9,Trans,NA,4704
9,Trans,NA,4730
9,Trans,NA,4844
9,Trans,NA,5148
9,Trans,NA,5316
9,Trans,NA,5527
9,Trans,NA,5600
9,Trans,NA,5601
9,Trans,NA,5695
9,Trans,NA,5709
9,Trans,NA,5756
9,Trans,NA,5817
9,Trans,NA,5818
9,Trans,NA,5908
9,Trans,NA,6255
9,Trans,NA,5743
9,Start,24,5743
9,Trans,NA,6254
9,Trans,NA,6612
9,Trans,NA,7030
9,Trans,NA,6867
9,Trans,NA,6602
9,Trans,NA,6785
9,Trans,NA,6786
9,Trans,NA,6924
9,Trans,NA,6925
9,Trans,NA,6715
9,Trans,NA,6643
9,Trans,NA,6537
9,Trans,NA,6505
9,Trans,NA,6483
9,Trans,NA,6428
9,Trans,NA,6427
9,Trans,NA,6599
9,Trans,NA,6703
9,Trans,NA,6704
9,Trans,NA,6980
9,Trans,NA,6979
9,Trans,NA,7231
9,Trans,NA,7232
9,Trans,NA,7191
9,Trans,NA,7125
9,Trans,NA,7077
9,Trans,NA,7080
9,Trans,NA,7039
9,Trans,NA,7014
9,Trans,NA,6995
9,Trans,NA,6996
9,Trans,NA,6956
9,Trans,NA,6997
9,Trans,NA,7090
9,Trans,NA,7163
9,Trans,NA,7196
9,Trans,NA,7194
9,Trans,NA,7270
9,Trans,NA,7198
9,Trans,NA,7254
9,Trans,NA,7375
9,Trans,NA,7374
9,Trans,NA,7292
9,Trans,NA,7291
9,Trans,NA,7338
9,Trans,NA,7339
9,Trans,NA,7389
9,Trans,NA,7388
9,Trans,NA,7443
9,Trans,NA,7465
9,Trans,NA,7552
9,Trans,NA,7634
9,Trans,NA,7723
9,Trans,NA,7722
9,Trans,NA,7769
9,Trans,NA,7886
9,Trans,NA,7943
9,Trans,NA,7985
9,Trans,NA,7984
9,Trans,NA,8035
9,Trans,NA,8164
9,Trans,NA,8163
9,Trans,NA,8273
9,Trans,NA,8373
9,Trans,NA,8292
9,Trans,NA,8465
9,Trans,NA,8623
9,Trans,NA,8573
9,Trans,NA,8527
9,End,NA,8526
33,Taxi,NA,9579
33,Trans,NA,9616
33,Trans,NA,9673
33,Trans,NA,9732
33,Trans,NA,9954
33,Trans,NA,9955
33,Trans,NA,10068
33,Trans,NA,10067
33,Trans,NA,10263
33,Trans,NA,10262
33,Trans,NA,10220
33,Trans,NA,10228
33,Trans,NA,10234
33,Trans,NA,10230
33,Trans,NA,10231
33,Trans,NA,10256
33,Trans,NA,10288
33,Trans,NA,10287
33,Trans,NA,10341
33,Trans,NA,10342
33,Trans,NA,10390
33,Trans,NA,10389
33,Trans,NA,10401
33,Trans,NA,10402
33,Trans,NA,10407
33,Trans,NA,10421
33,Trans,NA,10394
33,Trans,NA,10360
33,Trans,NA,10354
33,Start,25,10354
33,Trans,NA,10360
33,Trans,NA,10394
33,Trans,NA,10421
33,Trans,NA,10407
33,Trans,NA,10402
33,Trans,NA,10401
33,Trans,NA,10389
33,Trans,NA,10390
33,Trans,NA,10342
33,Trans,NA,10341
33,Trans,NA,10287
33,Trans,NA,10288
33,Trans,NA,10256
33,Trans,NA,10231
33,Trans,NA,10230
33,Trans,NA,10234
33,Trans,NA,10228
33,Trans,NA,10187
33,Trans,NA,10186
33,Trans,NA,10106
33,Trans,NA,10107
33,Trans,NA,10054
33,Trans,NA,10014
33,Trans,NA,9999
33,Trans,NA,9998
33,Trans,NA,9913
33,Trans,NA,9776
33,Trans,NA,9677
33,Trans,NA,9678
33,Trans,NA,9571
33,Trans,NA,9387
33,Trans,NA,9389
33,Trans,NA,9006
33,Trans,NA,9005
33,Trans,NA,8707
33,Trans,NA,8674
33,Trans,NA,8675
33,Trans,NA,8516
33,Trans,NA,8515
33,Trans,NA,8381
33,Trans,NA,8140
33,Trans,NA,7996
33,Trans,NA,7955
33,Trans,NA,7756
33,Trans,NA,7461
33,Trans,NA,7307
33,Trans,NA,7200
33,Trans,NA,7068
33,Trans,NA,7069
33,Trans,NA,6846
33,Trans,NA,6569
33,Trans,NA,6678
33,Trans,NA,6677
33,Trans,NA,6609
33,Trans,NA,6500
33,Trans,NA,6484
33,Trans,NA,6234
33,End,NA,6233
16,Taxi,NA,10889
16,Trans,NA,10890
16,Trans,NA,10901
16,Trans,NA,10886
16,Trans,NA,10879
16,Trans,NA,10878
16,Trans,NA,10842
16,Trans,NA,10819
16,Trans,NA,10754
16,Trans,NA,10753
16,Trans,NA,10612
16,Trans,NA,10556
16,Trans,NA,10533
16,Trans,NA,10438
16,Trans,NA,10439
16,Trans,NA,10453
16,Trans,NA,10452
16,Start,26,10452
16,Trans,NA,10453
16,Trans,NA,10391
16,Trans,NA,10349
16,Trans,NA,10327
16,Trans,NA,10301
16,Trans,NA,10300
16,Trans,NA,10244
16,Trans,NA,10174
16,Trans,NA,10103
16,Trans,NA,10070
16,Trans,NA,10078
16,Trans,NA,10077
16,Trans,NA,9992
16,Trans,NA,9947
16,Trans,NA,9758
16,Trans,NA,9697
16,Trans,NA,9696
16,Trans,NA,9598
16,Trans,NA,9569
16,Trans,NA,9407
16,Trans,NA,9308
16,Trans,NA,9363
16,Trans,NA,9413
16,Trans,NA,9411
16,Trans,NA,9094
16,Trans,NA,8584
16,Trans,NA,8585
16,Trans,NA,8628
16,Trans,NA,8627
16,Trans,NA,8657
16,Trans,NA,8655
16,Trans,NA,8756
16,Trans,NA,8761
16,Trans,NA,8762
16,Trans,NA,8765
16,Trans,NA,8766
16,Trans,NA,8776
16,Trans,NA,8724
16,Trans,NA,8679
16,Trans,NA,8513
16,Trans,NA,8494
16,Trans,NA,8434
16,Trans,NA,8378
16,Trans,NA,8331
16,Trans,NA,8188
16,Trans,NA,8103
16,Trans,NA,7997
16,Trans,NA,7935
16,Trans,NA,7839
16,Trans,NA,7840
16,Trans,NA,7475
16,Trans,NA,7453
16,Trans,NA,7355
16,Trans,NA,7231
16,Trans,NA,6979
16,Trans,NA,6980
16,Trans,NA,6704
16,Trans,NA,6703
16,Trans,NA,6599
16,Trans,NA,6427
16,Trans,NA,6428
16,Trans,NA,6483
16,Trans,NA,6505
16,Trans,NA,6537
16,Trans,NA,6643
16,Trans,NA,6715
16,Trans,NA,6925
16,Trans,NA,6924
16,Trans,NA,6786
16,Trans,NA,6785
16,Trans,NA,6602
16,Trans,NA,6867
16,Trans,NA,7030
16,Trans,NA,6612
16,Trans,NA,6254
16,Trans,NA,6255
16,Trans,NA,5908
16,Trans,NA,5818
16,Trans,NA,5817
16,Trans,NA,5756
16,Trans,NA,5709
16,Trans,NA,5695
16,Trans,NA,5601
16,Trans,NA,5600
16,Trans,NA,5527
16,Trans,NA,5316
16,Trans,NA,5148
16,Trans,NA,4844
16,Trans,NA,4730
16,Trans,NA,4704
16,Trans,NA,4322
16,Trans,NA,4323
16,Trans,NA,4185
16,Trans,NA,4070
16,Trans,NA,3960
16,Trans,NA,3821
16,Trans,NA,3378
16,Trans,NA,3415
16,Trans,NA,3626
16,Trans,NA,3760
16,Trans,NA,3761
16,Trans,NA,3882
16,End,NA,3847
46,Taxi,NA,5021
46,Trans,NA,5075
46,Trans,NA,5122
46,Trans,NA,5162
46,Trans,NA,5192
46,Trans,NA,5248
46,Trans,NA,5247
46,Trans,NA,5298
46,Trans,NA,5355
46,Trans,NA,5413
46,Trans,NA,5412
46,Trans,NA,5345
46,Trans,NA,5174
46,Trans,NA,5275
46,Trans,NA,5491
46,Trans,NA,5876
46,Trans,NA,6061
46,Trans,NA,6548
46,Trans,NA,7164
46,Trans,NA,7165
46,Trans,NA,7469
46,Trans,NA,7746
46,Trans,NA,7980
46,Trans,NA,8139
46,Trans,NA,8377
46,Trans,NA,8594
46,Trans,NA,8732
46,Trans,NA,8862
46,Start,26,8862
46,Trans,NA,8732
46,Trans,NA,8594
46,Trans,NA,8377
46,Trans,NA,8139
46,Trans,NA,7980
46,Trans,NA,7746
46,Trans,NA,7469
46,Trans,NA,7165
46,Trans,NA,7164
46,Trans,NA,6548
46,Trans,NA,6061
46,Trans,NA,5876
46,Trans,NA,5491
46,Trans,NA,5275
46,Trans,NA,4885
46,Trans,NA,4547
46,Trans,NA,4113
46,Trans,NA,4000
46,Trans,NA,3939
46,Trans,NA,3905
46,Trans,NA,3860
46,Trans,NA,3796
46,Trans,NA,3706
46,Trans,NA,3613
46,Trans,NA,3458
46,Trans,NA,3382
46,Trans,NA,3250
46,Trans,NA,3249
46,Trans,NA,3124
46,Trans,NA,2961
46,Trans,NA,2803
46,Trans,NA,2802
46,Trans,NA,2635
46,Trans,NA,2478
46,Trans,NA,2429
46,Trans,NA,2275
46,Trans,NA,2364
46,Trans,NA,2373
46,Trans,NA,2374
46,Trans,NA,2386
46,Trans,NA,2401
46,Trans,NA,2414
46,Trans,NA,2413
46,Trans,NA,2432
46,Trans,NA,2447
46,Trans,NA,2471
46,Trans,NA,2514
46,Trans,NA,2546
46,Trans,NA,2547
46,Trans,NA,2577
46,Trans,NA,2705
46,Trans,NA,2806
46,Trans,NA,2835
46,Trans,NA,3002
46,Trans,NA,3001
46,Trans,NA,2887
46,Trans,NA,2576
46,Trans,NA,2523
46,Trans,NA,2484
46,Trans,NA,2455
46,Trans,NA,2489
46,Trans,NA,2649
46,Trans,NA,2760
46,Trans,NA,2898
46,Trans,NA,2899
46,Trans,NA,2983
46,Trans,NA,3157
46,Trans,NA,3139
46,Trans,NA,3131
46,Trans,NA,3132
46,Trans,NA,3104
46,Trans,NA,3084
46,Trans,NA,3074
46,Trans,NA,3056
46,Trans,NA,3043
46,Trans,NA,3000
46,Trans,NA,2965
46,Trans,NA,2881
46,Trans,NA,2854
46,Trans,NA,2878
46,Trans,NA,2908
46,Trans,NA,2940
46,Trans,NA,2969
46,Trans,NA,3046
46,Trans,NA,3057
46,Trans,NA,3117
46,Trans,NA,3180
46,Trans,NA,3229
46,Trans,NA,3275
46,Trans,NA,3274
46,Trans,NA,3331
46,Trans,NA,3427
46,Trans,NA,3426
46,End,NA,3390
4,Taxi,NA,9361
4,Trans,NA,9403
4,Trans,NA,9426
4,Trans,NA,9425
4,Trans,NA,9432
4,Trans,NA,9441
4,Trans,NA,9472
4,Trans,NA,9505
4,Trans,NA,9503
4,Trans,NA,9548
4,Trans,NA,9550
4,Trans,NA,9592
4,Trans,NA,9653
4,Trans,NA,9750
4,Trans,NA,9898
4,Trans,NA,9897
4,Trans,NA,10013
4,Trans,NA,10059
4,Trans,NA,10127
4,Trans,NA,10126
4,Trans,NA,10099
4,Trans,NA,10071
4,Trans,NA,10063
4,Trans,NA,10055
4,Trans,NA,10082
4,Trans,NA,10102
4,Trans,NA,10101
4,Trans,NA,10128
4,Trans,NA,10139
4,Start,26,10139
4,Trans,NA,10128
4,Trans,NA,10101
4,Trans,NA,10102
4,Trans,NA,10082
4,Trans,NA,10055
4,Trans,NA,10063
4,Trans,NA,10071
4,Trans,NA,10099
4,Trans,NA,10126
4,Trans,NA,10127
4,Trans,NA,10059
4,Trans,NA,10013
4,Trans,NA,9897
4,Trans,NA,9898
4,Trans,NA,9750
4,Trans,NA,9653
4,Trans,NA,9592
4,Trans,NA,9550
4,Trans,NA,9548
4,Trans,NA,9503
4,Trans,NA,9505
4,Trans,NA,9472
4,Trans,NA,9441
4,Trans,NA,9432
4,Trans,NA,9425
4,Trans,NA,9426
4,Trans,NA,9403
4,Trans,NA,9377
4,Trans,NA,9295
4,Trans,NA,9202
4,Trans,NA,9203
4,Trans,NA,9053
4,Trans,NA,9052
4,Trans,NA,8913
4,Trans,NA,8863
4,Trans,NA,8800
4,Trans,NA,8754
4,Trans,NA,8756
4,Trans,NA,8655
4,Trans,NA,8657
4,Trans,NA,8627
4,Trans,NA,8628
4,Trans,NA,8585
4,Trans,NA,8587
4,Trans,NA,8080
4,Trans,NA,8079
4,Trans,NA,8054
4,Trans,NA,8036
4,Trans,NA,8037
4,Trans,NA,8020
4,Trans,NA,7941
4,Trans,NA,7917
4,Trans,NA,7887
4,Trans,NA,7886
4,Trans,NA,7861
4,Trans,NA,7702
4,Trans,NA,7417
4,Trans,NA,7422
4,Trans,NA,7298
4,Trans,NA,7299
4,Trans,NA,7161
4,Trans,NA,7027
4,Trans,NA,7028
4,Trans,NA,6949
4,Trans,NA,6896
4,Trans,NA,6953
4,Trans,NA,6958
4,Trans,NA,6984
4,Trans,NA,6625
4,Trans,NA,6624
4,Trans,NA,6480
4,Trans,NA,6268
4,Trans,NA,6048
4,Trans,NA,5348
4,Trans,NA,5347
4,Trans,NA,5152
4,Trans,NA,4947
4,Trans,NA,4538
4,Trans,NA,4362
4,Trans,NA,4235
4,Trans,NA,4173
4,Trans,NA,4155
4,Trans,NA,4025
4,Trans,NA,3804
4,Trans,NA,3641
4,Trans,NA,3416
4,Trans,NA,3349
4,Trans,NA,3287
4,Trans,NA,3260
4,Trans,NA,3272
4,Trans,NA,3273
4,Trans,NA,3280
4,Trans,NA,3299
4,Trans,NA,3341
4,Trans,NA,3354
4,Trans,NA,3430
4,Trans,NA,3424
4,Trans,NA,3404
4,Trans,NA,3403
4,Trans,NA,3399
4,Trans,NA,3467
4,Trans,NA,3466
4,End,NA,3677
1,Taxi,NA,8526
1,Trans,NA,8527
1,Trans,NA,8573
1,Trans,NA,8623
1,Trans,NA,8465
1,Trans,NA,8292
1,Trans,NA,8373
1,Trans,NA,8374
1,Trans,NA,8401
1,Trans,NA,8417
1,Trans,NA,8445
1,Trans,NA,8446
1,Trans,NA,8485
1,Trans,NA,8673
1,Trans,NA,8750
1,Trans,NA,8748
1,Trans,NA,9067
1,Trans,NA,9153
1,Trans,NA,9152
1,Trans,NA,9407
1,Trans,NA,9569
1,Trans,NA,9598
1,Trans,NA,9696
1,Trans,NA,9697
1,Trans,NA,9758
1,Trans,NA,9947
1,Trans,NA,9992
1,Trans,NA,10077
1,Trans,NA,10078
1,Trans,NA,10070
1,Trans,NA,10103
1,Trans,NA,10174
1,Trans,NA,10244
1,Trans,NA,10300
1,Trans,NA,10301
1,Trans,NA,10327
1,Trans,NA,10349
1,Trans,NA,10391
1,Trans,NA,10453
1,Trans,NA,10452
1,Trans,NA,10546
1,Trans,NA,10562
1,Trans,NA,10564
1,Trans,NA,10579
1,Trans,NA,10598
1,Start,27,10598
1,Trans,NA,10579
1,Trans,NA,10564
1,Trans,NA,10562
1,Trans,NA,10546
1,Trans,NA,10452
1,Trans,NA,10453
1,Trans,NA,10391
1,Trans,NA,10349
1,Trans,NA,10327
1,Trans,NA,10301
1,Trans,NA,10300
1,Trans,NA,10244
1,Trans,NA,10174
1,Trans,NA,10103
1,Trans,NA,10070
1,Trans,NA,10078
1,Trans,NA,10077
1,Trans,NA,9992
1,Trans,NA,9947
1,Trans,NA,9758
1,Trans,NA,9697
1,Trans,NA,9696
1,Trans,NA,9598
1,Trans,NA,9569
1,Trans,NA,9407
1,Trans,NA,9308
1,Trans,NA,9363
1,Trans,NA,9413
1,Trans,NA,9411
1,Trans,NA,9094
1,Trans,NA,8584
1,Trans,NA,8587
1,Trans,NA,8080
1,Trans,NA,8079
1,Trans,NA,8054
1,Trans,NA,8036
1,Trans,NA,8037
1,Trans,NA,8020
1,Trans,NA,7941
1,Trans,NA,7917
1,Trans,NA,7887
1,Trans,NA,7886
1,Trans,NA,7861
1,Trans,NA,7702
1,Trans,NA,7417
1,Trans,NA,7419
1,Trans,NA,7420
1,Trans,NA,7454
1,Trans,NA,7504
1,Trans,NA,7371
1,Trans,NA,7407
1,Trans,NA,7406
1,Trans,NA,7265
1,Trans,NA,7266
1,Trans,NA,7207
1,Trans,NA,7157
1,Trans,NA,7110
1,Trans,NA,6990
1,Trans,NA,6573
1,Trans,NA,6572
1,Trans,NA,6447
1,Trans,NA,6234
1,Trans,NA,6149
1,Trans,NA,6074
1,Trans,NA,6073
1,Trans,NA,5929
1,Trans,NA,5850
1,Trans,NA,5676
1,Trans,NA,5487
1,Trans,NA,5488
1,Trans,NA,5299
1,Trans,NA,5321
1,Trans,NA,5213
1,End,NA,5145
14,Taxi,NA,7047
14,Trans,NA,7102
14,Trans,NA,7103
14,Trans,NA,7106
14,Trans,NA,7013
14,Trans,NA,7029
14,Trans,NA,7027
14,Trans,NA,7161
14,Trans,NA,7299
14,Trans,NA,7298
14,Trans,NA,7422
14,Trans,NA,7417
14,Trans,NA,7702
14,Trans,NA,7861
14,Trans,NA,7886
14,Trans,NA,7887
14,Trans,NA,7917
14,Trans,NA,7941
14,Trans,NA,8020
14,Trans,NA,8037
14,Trans,NA,8036
14,Trans,NA,8054
14,Trans,NA,8079
14,Trans,NA,8080
14,Trans,NA,8587
14,Trans,NA,8584
14,Trans,NA,9094
14,Trans,NA,9411
14,Trans,NA,9413
14,Trans,NA,9363
14,Trans,NA,9308
14,Trans,NA,9407
14,Trans,NA,9569
14,Trans,NA,9598
14,Trans,NA,9696
14,Trans,NA,9697
14,Trans,NA,9758
14,Trans,NA,9947
14,Trans,NA,9992
14,Trans,NA,10077
14,Trans,NA,10078
14,Trans,NA,10070
14,Trans,NA,10103
14,Trans,NA,10174
14,Trans,NA,10244
14,Trans,NA,10300
14,Trans,NA,10301
14,Trans,NA,10327
14,Trans,NA,10349
14,Trans,NA,10391
14,Trans,NA,10439
14,Trans,NA,10438
14,Trans,NA,10533
14,Trans,NA,10556
14,Trans,NA,10643
14,Trans,NA,10651
14,Start,28,10651
14,Trans,NA,10643
14,Trans,NA,10556
14,Trans,NA,10533
14,Trans,NA,10438
14,Trans,NA,10439
14,Trans,NA,10391
14,Trans,NA,10349
14,Trans,NA,10327
14,Trans,NA,10301
14,Trans,NA,10300
14,Trans,NA,10244
14,Trans,NA,10174
14,Trans,NA,10103
14,Trans,NA,10070
14,Trans,NA,10078
14,Trans,NA,10077
14,Trans,NA,9992
14,Trans,NA,9947
14,Trans,NA,9758
14,Trans,NA,9697
14,Trans,NA,9696
14,Trans,NA,9598
14,Trans,NA,9569
14,Trans,NA,9407
14,Trans,NA,9308
14,Trans,NA,9363
14,Trans,NA,9413
14,Trans,NA,9411
14,Trans,NA,9094
14,Trans,NA,8584
14,Trans,NA,8587
14,Trans,NA,8080
14,Trans,NA,8079
14,Trans,NA,8054
14,Trans,NA,8036
14,Trans,NA,8037
14,Trans,NA,8020
14,Trans,NA,7941
14,Trans,NA,7917
14,Trans,NA,7887
14,Trans,NA,7886
14,Trans,NA,7861
14,Trans,NA,7702
14,Trans,NA,7417
14,Trans,NA,7422
14,Trans,NA,7298
14,Trans,NA,7299
14,Trans,NA,7161
14,Trans,NA,7027
14,Trans,NA,7028
14,Trans,NA,6949
14,Trans,NA,6816
14,Trans,NA,6337
14,Trans,NA,6305
14,Trans,NA,6243
14,End,NA,6244
45,Taxi,NA,9080
45,Trans,NA,9081
45,Trans,NA,8914
45,Trans,NA,8802
45,Trans,NA,8690
45,Trans,NA,8691
45,Trans,NA,8686
45,Trans,NA,8523
45,Trans,NA,8300
45,Trans,NA,8242
45,Trans,NA,8241
45,Trans,NA,8150
45,Trans,NA,8002
45,Trans,NA,7958
45,Trans,NA,7902
45,Trans,NA,7903
45,Trans,NA,7957
45,Start,30,7957
45,Trans,NA,7903
45,Trans,NA,7795
45,Trans,NA,7793
45,Trans,NA,7776
45,Trans,NA,7757
45,Trans,NA,7461
45,Trans,NA,7307
45,Trans,NA,7200
45,Trans,NA,7068
45,Trans,NA,7069
45,Trans,NA,6846
45,Trans,NA,6475
45,Trans,NA,6476
45,Trans,NA,6232
45,Trans,NA,6231
45,Trans,NA,5905
45,Trans,NA,5906
45,Trans,NA,5832
45,Trans,NA,5833
45,Trans,NA,5541
45,Trans,NA,5414
45,Trans,NA,5412
45,Trans,NA,5345
45,Trans,NA,5174
45,Trans,NA,4885
45,Trans,NA,4547
45,Trans,NA,4113
45,Trans,NA,4000
45,Trans,NA,3939
45,Trans,NA,3905
45,Trans,NA,3860
45,Trans,NA,3796
45,Trans,NA,3706
45,Trans,NA,3613
45,Trans,NA,3458
45,Trans,NA,3382
45,Trans,NA,3250
45,Trans,NA,3249
45,Trans,NA,3124
45,Trans,NA,2961
45,Trans,NA,2803
45,Trans,NA,2802
45,Trans,NA,2635
45,Trans,NA,2478
45,Trans,NA,2429
45,Trans,NA,2125
45,Trans,NA,2124
45,Trans,NA,1951
45,Trans,NA,1895
45,Trans,NA,1726
45,Trans,NA,1725
45,Trans,NA,1733
45,Trans,NA,1732
45,Trans,NA,1698
45,Trans,NA,1658
45,Trans,NA,1648
45,Trans,NA,1647
45,Trans,NA,1652
45,Trans,NA,1656
45,Trans,NA,1695
45,Trans,NA,1571
45,Trans,NA,1403
45,Trans,NA,1402
45,End,NA,1432
29,Taxi,NA,6244
29,Trans,NA,6243
29,Trans,NA,6305
29,Trans,NA,6337
29,Trans,NA,6816
29,Trans,NA,6949
29,Trans,NA,7028
29,Trans,NA,7027
29,Trans,NA,7161
29,Trans,NA,7299
29,Trans,NA,7298
29,Trans,NA,7422
29,Trans,NA,7417
29,Trans,NA,7399
29,Trans,NA,7398
29,Trans,NA,7370
29,Trans,NA,7339
29,Trans,NA,7338
29,Trans,NA,7291
29,Trans,NA,7292
29,Trans,NA,7374
29,Trans,NA,7375
29,Trans,NA,7518
29,Trans,NA,7539
29,Trans,NA,7532
29,Trans,NA,7533
29,Trans,NA,7579
29,Trans,NA,7621
29,Trans,NA,7637
29,Trans,NA,7636
29,Trans,NA,7672
29,Trans,NA,7772
29,Trans,NA,7868
29,Trans,NA,7878
29,Trans,NA,7879
29,Trans,NA,7897
29,Trans,NA,7898
29,Trans,NA,7937
29,Trans,NA,8001
29,Trans,NA,8053
29,Trans,NA,8088
29,Trans,NA,8089
29,Trans,NA,8171
29,Trans,NA,8223
29,Trans,NA,8226
29,Trans,NA,8225
29,Trans,NA,8220
29,Start,31,8220
29,Trans,NA,8225
29,Trans,NA,8226
29,Trans,NA,8223
29,Trans,NA,8171
29,Trans,NA,8089
29,Trans,NA,8088
29,Trans,NA,8053
29,Trans,NA,8001
29,Trans,NA,7937
29,Trans,NA,7898
29,Trans,NA,7897
29,Trans,NA,7879
29,Trans,NA,7878
29,Trans,NA,7868
29,Trans,NA,7772
29,Trans,NA,7672
29,Trans,NA,7636
29,Trans,NA,7637
29,Trans,NA,7621
29,Trans,NA,7579
29,Trans,NA,7533
29,Trans,NA,7532
29,Trans,NA,7539
29,Trans,NA,7518
29,Trans,NA,7375
29,Trans,NA,7374
29,Trans,NA,7292
29,Trans,NA,7291
29,Trans,NA,7338
29,Trans,NA,7339
29,Trans,NA,7370
29,Trans,NA,7398
29,Trans,NA,7399
29,Trans,NA,7417
29,Trans,NA,7419
29,Trans,NA,7420
29,Trans,NA,7454
29,Trans,NA,7504
29,Trans,NA,7371
29,Trans,NA,7407
29,Trans,NA,7406
29,Trans,NA,7265
29,Trans,NA,7266
29,Trans,NA,7207
29,Trans,NA,7157
29,Trans,NA,7110
29,Trans,NA,6990
29,Trans,NA,6573
29,Trans,NA,6572
29,Trans,NA,6447
29,Trans,NA,6234
29,Trans,NA,6294
29,Trans,NA,6295
29,Trans,NA,6211
29,Trans,NA,6025
29,Trans,NA,5905
29,Trans,NA,5906
29,Trans,NA,5832
29,Trans,NA,5833
29,Trans,NA,5541
29,Trans,NA,5414
29,Trans,NA,5412
29,Trans,NA,5345
29,Trans,NA,5174
29,Trans,NA,4886
29,Trans,NA,4701
29,Trans,NA,4596
29,Trans,NA,4630
29,Trans,NA,4631
29,Trans,NA,4795
29,Trans,NA,4905
29,Trans,NA,4961
29,Trans,NA,4962
29,Trans,NA,4991
29,Trans,NA,5008
29,Trans,NA,5007
29,Trans,NA,5017
29,Trans,NA,4981
29,Trans,NA,4868
29,End,NA,4755
19,Taxi,NA,4755
19,Trans,NA,4868
19,Trans,NA,4981
19,Trans,NA,5017
19,Trans,NA,5007
19,Trans,NA,5008
19,Trans,NA,4991
19,Trans,NA,4962
19,Trans,NA,4961
19,Trans,NA,4905
19,Trans,NA,4795
19,Trans,NA,4631
19,Trans,NA,4630
19,Trans,NA,4596
19,Trans,NA,4701
19,Trans,NA,4886
19,Trans,NA,5174
19,Trans,NA,5345
19,Trans,NA,5412
19,Trans,NA,5414
19,Trans,NA,5541
19,Trans,NA,5833
19,Trans,NA,5832
19,Trans,NA,5906
19,Trans,NA,5905
19,Trans,NA,6231
19,Trans,NA,6232
19,Trans,NA,6476
19,Trans,NA,6475
19,Trans,NA,6846
19,Trans,NA,7069
19,Trans,NA,7068
19,Trans,NA,7200
19,Trans,NA,7307
19,Trans,NA,7461
19,Trans,NA,7756
19,Trans,NA,7955
19,Trans,NA,7996
19,Trans,NA,8140
19,Trans,NA,8381
19,Trans,NA,8488
19,Trans,NA,8351
19,Trans,NA,8303
19,Trans,NA,8302
19,Start,31,8302
19,Trans,NA,8303
19,Trans,NA,8351
19,Trans,NA,8488
19,Trans,NA,8381
19,Trans,NA,8140
19,Trans,NA,7996
19,Trans,NA,7955
19,Trans,NA,7756
19,Trans,NA,7461
19,Trans,NA,7307
19,Trans,NA,7200
19,Trans,NA,7068
19,Trans,NA,7069
19,Trans,NA,6846
19,Trans,NA,6475
19,Trans,NA,6476
19,Trans,NA,6232
19,Trans,NA,6231
19,Trans,NA,5905
19,Trans,NA,5906
19,Trans,NA,5832
19,Trans,NA,5833
19,Trans,NA,5541
19,Trans,NA,5414
19,Trans,NA,5412
19,Trans,NA,5345
19,Trans,NA,5174
19,Trans,NA,4885
19,Trans,NA,4547
19,Trans,NA,4113
19,Trans,NA,4000
19,Trans,NA,3939
19,Trans,NA,3905
19,Trans,NA,3860
19,Trans,NA,3796
19,Trans,NA,3706
19,Trans,NA,3613
19,Trans,NA,3458
19,Trans,NA,3382
19,Trans,NA,3250
19,Trans,NA,3249
19,Trans,NA,3124
19,Trans,NA,2961
19,Trans,NA,2803
19,Trans,NA,2802
19,Trans,NA,2635
19,Trans,NA,2478
19,Trans,NA,2429
19,Trans,NA,2125
19,Trans,NA,2124
19,Trans,NA,1951
19,Trans,NA,1895
19,Trans,NA,1726
19,Trans,NA,1725
19,Trans,NA,1733
19,Trans,NA,1732
19,Trans,NA,1698
19,Trans,NA,1658
19,Trans,NA,1648
19,Trans,NA,1647
19,Trans,NA,1652
19,Trans,NA,1656
19,Trans,NA,1695
19,Trans,NA,1571
19,Trans,NA,1322
19,Trans,NA,1321
19,Trans,NA,844
19,Trans,NA,696
19,Trans,NA,785
19,Trans,NA,843
19,Trans,NA,841
19,Trans,NA,916
19,Trans,NA,917
19,Trans,NA,929
19,Trans,NA,1029
19,Trans,NA,1039
19,Trans,NA,1057
19,Trans,NA,1091
19,End,NA,1092
23,Taxi,NA,4338
23,Trans,NA,4339
23,Trans,NA,4355
23,Trans,NA,4340
23,Trans,NA,4480
23,Trans,NA,4463
23,Trans,NA,4455
23,Trans,NA,4452
23,Trans,NA,4428
23,Trans,NA,4425
23,Trans,NA,4409
23,Trans,NA,4413
23,Trans,NA,4448
23,Trans,NA,4449
23,Trans,NA,4947
23,Trans,NA,5152
23,Trans,NA,5347
23,Trans,NA,5348
23,Trans,NA,6048
23,Trans,NA,6268
23,Trans,NA,6480
23,Trans,NA,6624
23,Trans,NA,6625
23,Trans,NA,6984
23,Trans,NA,6958
23,Trans,NA,6953
23,Trans,NA,6896
23,Trans,NA,6949
23,Trans,NA,7028
23,Trans,NA,7027
23,Trans,NA,7161
23,Trans,NA,7299
23,Trans,NA,7298
23,Trans,NA,7422
23,Trans,NA,7417
23,Trans,NA,7702
23,Trans,NA,7861
23,Trans,NA,7886
23,Trans,NA,7887
23,Trans,NA,7917
23,Trans,NA,7941
23,Trans,NA,8020
23,Trans,NA,8037
23,Trans,NA,8036
23,Trans,NA,8054
23,Trans,NA,8079
23,Trans,NA,8080
23,Trans,NA,8587
23,Trans,NA,8585
23,Trans,NA,8628
23,Trans,NA,8627
23,Trans,NA,8658
23,Trans,NA,8743
23,Trans,NA,8777
23,Trans,NA,8846
23,Trans,NA,8887
23,Trans,NA,8954
23,Trans,NA,8955
23,Trans,NA,9023
23,Start,31,9023
23,Trans,NA,8955
23,Trans,NA,8954
23,Trans,NA,8887
23,Trans,NA,8846
23,Trans,NA,8777
23,Trans,NA,8743
23,Trans,NA,8658
23,Trans,NA,8627
23,Trans,NA,8628
23,Trans,NA,8585
23,Trans,NA,8587
23,Trans,NA,8080
23,Trans,NA,8079
23,Trans,NA,8054
23,Trans,NA,8036
23,Trans,NA,8037
23,Trans,NA,8020
23,Trans,NA,7941
23,Trans,NA,7917
23,Trans,NA,7887
23,Trans,NA,7886
23,Trans,NA,7861
23,Trans,NA,7702
23,Trans,NA,7417
23,Trans,NA,7419
23,Trans,NA,7420
23,Trans,NA,7454
23,Trans,NA,7503
23,Trans,NA,7665
23,Trans,NA,7765
23,Trans,NA,7833
23,Trans,NA,7858
23,Trans,NA,7900
23,Trans,NA,7901
23,Trans,NA,7945
23,Trans,NA,8031
23,Trans,NA,8122
23,Trans,NA,8158
23,Trans,NA,8064
23,Trans,NA,8045
23,Trans,NA,8044
23,Trans,NA,8066
23,Trans,NA,8068
23,Trans,NA,8026
23,Trans,NA,8058
23,Trans,NA,8141
23,Trans,NA,8142
23,Trans,NA,8190
23,End,NA,8194
13,Taxi,NA,3269
13,Trans,NA,3242
13,Trans,NA,3241
13,Trans,NA,3217
13,Trans,NA,3199
13,Trans,NA,3190
13,Trans,NA,3191
13,Trans,NA,3175
13,Trans,NA,3177
13,Trans,NA,3054
13,Trans,NA,3055
13,Trans,NA,3093
13,Trans,NA,3094
13,Trans,NA,3224
13,Trans,NA,3365
13,Trans,NA,3436
13,Trans,NA,3550
13,Trans,NA,3623
13,Trans,NA,3624
13,Trans,NA,3951
13,Trans,NA,3999
13,Trans,NA,4045
13,Trans,NA,4114
13,Trans,NA,4178
13,Trans,NA,4276
13,Trans,NA,4303
13,Trans,NA,4306
13,Trans,NA,4298
13,Trans,NA,4378
13,Trans,NA,4431
13,Trans,NA,4640
13,Trans,NA,4706
13,Trans,NA,4720
13,Trans,NA,4731
13,Trans,NA,4732
13,Trans,NA,4781
13,Trans,NA,4854
13,Trans,NA,4923
13,Trans,NA,4939
13,Start,32,4939
13,Trans,NA,4923
13,Trans,NA,4854
13,Trans,NA,4781
13,Trans,NA,4732
13,Trans,NA,4731
13,Trans,NA,4720
13,Trans,NA,4706
13,Trans,NA,4640
13,Trans,NA,4431
13,Trans,NA,4378
13,Trans,NA,4298
13,Trans,NA,4306
13,Trans,NA,4303
13,Trans,NA,4276
13,Trans,NA,4178
13,Trans,NA,4114
13,Trans,NA,4045
13,Trans,NA,3999
13,Trans,NA,3951
13,Trans,NA,3624
13,Trans,NA,3623
13,Trans,NA,3550
13,Trans,NA,3436
13,Trans,NA,3365
13,Trans,NA,3224
13,Trans,NA,3094
13,Trans,NA,3093
13,Trans,NA,3055
13,Trans,NA,3054
13,Trans,NA,3177
13,Trans,NA,3175
13,Trans,NA,3191
13,Trans,NA,3190
13,Trans,NA,3199
13,Trans,NA,3217
13,Trans,NA,3241
13,Trans,NA,3242
13,End,NA,3269
15,Taxi,NA,5133
15,Trans,NA,5080
15,Trans,NA,4972
15,Trans,NA,4971
15,Trans,NA,4840
15,Trans,NA,4841
15,Trans,NA,4794
15,Trans,NA,4831
15,Trans,NA,4936
15,Trans,NA,5141
15,Trans,NA,5238
15,Trans,NA,5207
15,Trans,NA,5206
15,Trans,NA,5299
15,Trans,NA,5488
15,Trans,NA,5487
15,Trans,NA,5676
15,Trans,NA,5850
15,Trans,NA,5929
15,Trans,NA,6073
15,Trans,NA,6074
15,Trans,NA,6149
15,Trans,NA,6234
15,Trans,NA,6484
15,Trans,NA,6500
15,Trans,NA,6609
15,Trans,NA,6677
15,Trans,NA,6678
15,Trans,NA,6569
15,Trans,NA,6846
15,Trans,NA,6847
15,Trans,NA,6751
15,Trans,NA,6733
15,Trans,NA,6869
15,Trans,NA,7022
15,Trans,NA,6966
15,Trans,NA,6967
15,Trans,NA,6999
15,Trans,NA,6947
15,Trans,NA,6919
15,Trans,NA,6887
15,Start,32,6887
15,Trans,NA,6919
15,Trans,NA,6917
15,Trans,NA,6916
15,Trans,NA,6863
15,Trans,NA,6857
15,Trans,NA,6839
15,Trans,NA,6935
15,Trans,NA,6934
15,Trans,NA,6965
15,Trans,NA,6964
15,Trans,NA,7004
15,Trans,NA,7035
15,Trans,NA,7072
15,Trans,NA,6657
15,Trans,NA,6659
15,Trans,NA,6461
15,Trans,NA,6186
15,Trans,NA,6187
15,Trans,NA,6115
15,Trans,NA,6060
15,Trans,NA,5705
15,Trans,NA,5415
15,Trans,NA,5412
15,Trans,NA,5345
15,Trans,NA,5174
15,Trans,NA,4885
15,Trans,NA,4547
15,Trans,NA,4113
15,Trans,NA,4000
15,Trans,NA,3939
15,Trans,NA,3905
15,Trans,NA,3860
15,Trans,NA,3796
15,Trans,NA,3706
15,Trans,NA,3613
15,Trans,NA,3458
15,Trans,NA,3382
15,Trans,NA,3250
15,Trans,NA,3249
15,Trans,NA,3124
15,Trans,NA,2961
15,Trans,NA,2803
15,Trans,NA,2802
15,Trans,NA,2635
15,Trans,NA,2478
15,Trans,NA,2429
15,Trans,NA,2125
15,Trans,NA,2124
15,Trans,NA,1951
15,Trans,NA,1895
15,Trans,NA,1726
15,Trans,NA,1725
15,Trans,NA,1733
15,Trans,NA,1732
15,Trans,NA,1698
15,Trans,NA,1658
15,Trans,NA,1648
15,Trans,NA,1647
15,Trans,NA,1652
15,Trans,NA,1656
15,Trans,NA,1695
15,Trans,NA,1571
15,Trans,NA,1322
15,Trans,NA,1321
15,Trans,NA,969
15,Trans,NA,970
15,Trans,NA,1132
15,End,NA,1160
12,Taxi,NA,7108
12,Trans,NA,7062
12,Trans,NA,7020
12,Trans,NA,7019
12,Trans,NA,6990
12,Trans,NA,6573
12,Trans,NA,6571
12,Trans,NA,6631
12,Trans,NA,6708
12,Trans,NA,6784
12,Trans,NA,7069
12,Trans,NA,6972
12,Trans,NA,7089
12,Trans,NA,7213
12,Start,32,7213
12,Trans,NA,7089
12,Trans,NA,6972
12,Trans,NA,7069
12,Trans,NA,6784
12,Trans,NA,6708
12,Trans,NA,6631
12,Trans,NA,6571
12,Trans,NA,6573
12,Trans,NA,6990
12,Trans,NA,7110
12,Trans,NA,7157
12,Trans,NA,7207
12,Trans,NA,7266
12,Trans,NA,7265
12,Trans,NA,7406
12,Trans,NA,7407
12,Trans,NA,7371
12,Trans,NA,7504
12,Trans,NA,7454
12,Trans,NA,7420
12,Trans,NA,7382
12,Trans,NA,7387
12,Trans,NA,7298
12,Trans,NA,7299
12,Trans,NA,7161
12,Trans,NA,7027
12,Trans,NA,7028
12,Trans,NA,6949
12,Trans,NA,6896
12,Trans,NA,6953
12,Trans,NA,6958
12,Trans,NA,6984
12,Trans,NA,6625
12,Trans,NA,6624
12,Trans,NA,6480
12,Trans,NA,6268
12,Trans,NA,6048
12,Trans,NA,5348
12,Trans,NA,5347
12,Trans,NA,5152
12,Trans,NA,4947
12,Trans,NA,4538
12,Trans,NA,4362
12,Trans,NA,4235
12,Trans,NA,4173
12,Trans,NA,4155
12,Trans,NA,4025
12,Trans,NA,3804
12,Trans,NA,3640
12,Trans,NA,3491
12,Trans,NA,3385
12,Trans,NA,3314
12,Trans,NA,3001
12,Trans,NA,2887
12,Trans,NA,2576
12,Trans,NA,2523
12,Trans,NA,2484
12,Trans,NA,2455
12,Trans,NA,2489
12,Trans,NA,2465
12,Trans,NA,2463
12,Trans,NA,2458
12,Trans,NA,2312
12,Trans,NA,2311
12,Trans,NA,2256
12,Trans,NA,2252
12,Trans,NA,2277
12,Trans,NA,2278
12,Trans,NA,2177
12,Trans,NA,2145
12,Trans,NA,2143
12,Trans,NA,1946
12,End,NA,1947
2,Taxi,NA,1432
2,Trans,NA,1402
2,Trans,NA,1403
2,Trans,NA,1571
2,Trans,NA,1695
2,Trans,NA,1656
2,Trans,NA,1652
2,Trans,NA,1647
2,Trans,NA,1648
2,Trans,NA,1658
2,Trans,NA,1698
2,Trans,NA,1732
2,Trans,NA,1733
2,Trans,NA,1725
2,Trans,NA,1726
2,Trans,NA,1895
2,Trans,NA,1951
2,Trans,NA,2124
2,Trans,NA,2125
2,Trans,NA,2429
2,Trans,NA,2478
2,Trans,NA,2635
2,Trans,NA,2802
2,Trans,NA,2803
2,Trans,NA,2961
2,Trans,NA,3124
2,Trans,NA,3249
2,Trans,NA,3250
2,Trans,NA,3382
2,Trans,NA,3458
2,Trans,NA,3613
2,Trans,NA,3706
2,Trans,NA,3796
2,Trans,NA,3860
2,Trans,NA,3905
2,Trans,NA,3939
2,Trans,NA,4000
2,Trans,NA,4113
2,Trans,NA,4547
2,Trans,NA,4885
2,Trans,NA,5174
2,Trans,NA,5345
2,Trans,NA,5412
2,Trans,NA,5415
2,Trans,NA,5705
2,Trans,NA,6060
2,Trans,NA,6115
2,Trans,NA,6187
2,Trans,NA,6186
2,Trans,NA,6461
2,Trans,NA,6462
2,Trans,NA,6424
2,Trans,NA,6411
2,Start,33,6411
2,Trans,NA,6424
2,Trans,NA,6462
2,Trans,NA,6461
2,Trans,NA,6186
2,Trans,NA,6187
2,Trans,NA,6115
2,Trans,NA,6060
2,Trans,NA,5705
2,Trans,NA,5415
2,Trans,NA,5412
2,Trans,NA,5345
2,Trans,NA,5174
2,Trans,NA,4885
2,Trans,NA,4547
2,Trans,NA,4113
2,Trans,NA,4000
2,Trans,NA,3939
2,Trans,NA,3905
2,Trans,NA,3860
2,Trans,NA,3796
2,Trans,NA,3706
2,Trans,NA,3613
2,Trans,NA,3458
2,Trans,NA,3382
2,Trans,NA,3250
2,Trans,NA,3249
2,Trans,NA,3124
2,Trans,NA,2961
2,Trans,NA,2803
2,Trans,NA,2802
2,Trans,NA,2635
2,Trans,NA,2478
2,Trans,NA,2429
2,Trans,NA,2275
2,Trans,NA,2364
2,Trans,NA,2373
2,Trans,NA,2374
2,Trans,NA,2386
2,Trans,NA,2401
2,Trans,NA,2414
2,Trans,NA,2413
2,Trans,NA,2432
2,Trans,NA,2447
2,Trans,NA,2471
2,Trans,NA,2514
2,Trans,NA,2546
2,Trans,NA,2547
2,Trans,NA,2577
2,Trans,NA,2705
2,Trans,NA,2806
2,Trans,NA,2835
2,Trans,NA,3002
2,Trans,NA,3001
2,Trans,NA,2887
2,Trans,NA,2576
2,Trans,NA,2523
2,Trans,NA,2484
2,Trans,NA,2455
2,Trans,NA,2489
2,Trans,NA,2465
2,Trans,NA,2463
2,Trans,NA,2458
2,Trans,NA,2312
2,Trans,NA,2311
2,Trans,NA,2256
2,Trans,NA,2252
2,Trans,NA,2277
2,Trans,NA,2278
2,Trans,NA,2177
2,Trans,NA,2145
2,Trans,NA,2143
2,Trans,NA,2049
2,Trans,NA,2481
2,Trans,NA,2561
2,Trans,NA,2636
2,Trans,NA,2637
2,Trans,NA,2942
2,Trans,NA,2943
2,Trans,NA,2974
2,Trans,NA,3146
2,Trans,NA,3216
2,Trans,NA,3379
2,Trans,NA,3415
2,Trans,NA,3626
2,Trans,NA,3760
2,Trans,NA,3761
2,End,NA,3954
28,Taxi,NA,6212
28,Trans,NA,6275
28,Trans,NA,6274
28,Trans,NA,6298
28,Trans,NA,6328
28,Trans,NA,6369
28,Trans,NA,6382
28,Trans,NA,6412
28,Start,33,6435
28,Trans,NA,6479
28,Trans,NA,6478
28,Trans,NA,6496
28,Trans,NA,6566
28,Trans,NA,6617
28,Trans,NA,6652
28,Trans,NA,6651
28,Trans,NA,6779
28,Trans,NA,6778
28,Trans,NA,6982
28,Trans,NA,6981
28,Trans,NA,7156
28,Trans,NA,7155
28,Trans,NA,7275
28,Trans,NA,7292
28,Trans,NA,7291
28,Trans,NA,7338
28,Trans,NA,7339
28,Trans,NA,7370
28,Trans,NA,7398
28,Trans,NA,7399
28,Trans,NA,7417
28,Trans,NA,7419
28,Trans,NA,7420
28,Trans,NA,7454
28,Trans,NA,7504
28,Trans,NA,7371
28,Trans,NA,7407
28,Trans,NA,7406
28,Trans,NA,7265
28,Trans,NA,7266
28,Trans,NA,7207
28,Trans,NA,7157
28,Trans,NA,7110
28,Trans,NA,6990
28,Trans,NA,6573
28,Trans,NA,6572
28,Trans,NA,6447
28,Trans,NA,6234
28,Trans,NA,6294
28,Trans,NA,6295
28,Trans,NA,6211
28,Trans,NA,6025
28,Trans,NA,5905
28,Trans,NA,5906
28,Trans,NA,5674
28,Trans,NA,5445
28,Trans,NA,5444
28,Trans,NA,5318
28,Trans,NA,5317
28,Trans,NA,5160
28,Trans,NA,5240
28,Trans,NA,5297
28,Trans,NA,5298
28,Trans,NA,5247
28,Trans,NA,5248
28,Trans,NA,5192
28,Trans,NA,5162
28,Trans,NA,5122
28,Trans,NA,5075
28,End,NA,5021
44,Taxi,NA,1947
44,Trans,NA,1946
44,Trans,NA,2143
44,Trans,NA,2145
44,Trans,NA,2177
44,Trans,NA,2278
44,Trans,NA,2277
44,Trans,NA,2252
44,Trans,NA,2256
44,Trans,NA,2311
44,Trans,NA,2312
44,Trans,NA,2458
44,Trans,NA,2463
44,Trans,NA,2465
44,Trans,NA,2489
44,Trans,NA,2455
44,Trans,NA,2484
44,Trans,NA,2523
44,Trans,NA,2576
44,Trans,NA,2887
44,Trans,NA,3001
44,Trans,NA,3002
44,Trans,NA,2835
44,Trans,NA,2806
44,Trans,NA,2705
44,Trans,NA,2577
44,Trans,NA,2547
44,Trans,NA,2546
44,Trans,NA,2514
44,Trans,NA,2471
44,Trans,NA,2447
44,Trans,NA,2354
44,Trans,NA,2283
44,Trans,NA,2229
44,Trans,NA,2284
44,Trans,NA,2286
44,Trans,NA,2194
44,Trans,NA,2165
44,Trans,NA,2119
44,Trans,NA,2100
44,Trans,NA,2054
44,Trans,NA,2027
44,Trans,NA,2026
44,Trans,NA,2066
44,Start,33,2066
44,Trans,NA,2026
44,Trans,NA,2027
44,Trans,NA,2054
44,Trans,NA,2100
44,Trans,NA,2119
44,Trans,NA,2165
44,Trans,NA,2194
44,Trans,NA,2286
44,Trans,NA,2284
44,Trans,NA,2229
44,Trans,NA,2283
44,Trans,NA,2354
44,Trans,NA,2432
44,Trans,NA,2413
44,Trans,NA,2414
44,Trans,NA,2401
44,Trans,NA,2386
44,Trans,NA,2374
44,Trans,NA,2373
44,Trans,NA,2364
44,Trans,NA,2275
44,Trans,NA,2429
44,Trans,NA,2478
44,Trans,NA,2635
44,Trans,NA,2802
44,Trans,NA,2803
44,Trans,NA,2961
44,Trans,NA,3124
44,Trans,NA,3249
44,Trans,NA,3250
44,Trans,NA,3382
44,Trans,NA,3458
44,Trans,NA,3613
44,Trans,NA,3706
44,Trans,NA,3796
44,Trans,NA,3860
44,Trans,NA,3905
44,Trans,NA,3939
44,Trans,NA,4000
44,Trans,NA,4113
44,Trans,NA,4547
44,Trans,NA,4885
44,Trans,NA,5275
44,Trans,NA,5491
44,Trans,NA,5876
44,Trans,NA,6061
44,Trans,NA,6548
44,Trans,NA,7164
44,Trans,NA,7165
44,Trans,NA,7469
44,Trans,NA,7746
44,Trans,NA,7980
44,Trans,NA,8139
44,Trans,NA,8377
44,Trans,NA,8594
44,Trans,NA,8732
44,Trans,NA,8862
44,Trans,NA,9141
44,Trans,NA,9142
44,Trans,NA,9322
44,Trans,NA,9494
44,Trans,NA,9575
44,Trans,NA,9606
44,Trans,NA,9607
44,Trans,NA,9699
44,Trans,NA,10090
44,Trans,NA,10166
44,Trans,NA,10246
44,Trans,NA,10245
44,Trans,NA,10296
44,Trans,NA,10324
44,Trans,NA,10523
44,Trans,NA,10486
44,Trans,NA,10487
44,Trans,NA,10409
44,Trans,NA,10410
44,Trans,NA,10411
44,Trans,NA,10447
44,Trans,NA,10522
44,Trans,NA,10679
44,Trans,NA,10779
44,Trans,NA,10835
44,Trans,NA,10874
44,Trans,NA,10875
44,Trans,NA,10923
44,Trans,NA,10922
44,Trans,NA,10980
44,Trans,NA,10988
44,Trans,NA,11067
44,Trans,NA,11029
44,Trans,NA,11028
44,Trans,NA,10983
44,Trans,NA,10976
44,Trans,NA,10971
44,End,NA,10985
10,Taxi,NA,101
10,Trans,NA,57
10,Trans,NA,66
10,Trans,NA,65
10,Trans,NA,84
10,Trans,NA,37
10,Trans,NA,52
10,Trans,NA,58
10,Trans,NA,63
10,Trans,NA,64
10,Trans,NA,104
10,Trans,NA,132
10,Trans,NA,133
10,Trans,NA,182
10,Trans,NA,181
10,Trans,NA,162
10,Trans,NA,204
10,Trans,NA,203
10,Trans,NA,232
10,Trans,NA,233
10,Trans,NA,252
10,Trans,NA,262
10,Trans,NA,270
10,Trans,NA,261
10,Trans,NA,260
10,Trans,NA,273
10,Start,34,273
10,Trans,NA,260
10,Trans,NA,261
10,Trans,NA,274
10,Trans,NA,289
10,Trans,NA,297
10,Trans,NA,310
10,Trans,NA,322
10,Trans,NA,332
10,Trans,NA,341
10,Trans,NA,384
10,Trans,NA,425
10,Trans,NA,424
10,Trans,NA,449
10,Trans,NA,471
10,Trans,NA,505
10,Trans,NA,523
10,Trans,NA,551
10,Trans,NA,582
10,Trans,NA,619
10,Trans,NA,672
10,Trans,NA,680
10,Trans,NA,674
10,Trans,NA,673
10,Trans,NA,675
10,Trans,NA,677
10,Trans,NA,662
10,Trans,NA,661
10,Trans,NA,650
10,Trans,NA,603
10,Trans,NA,602
10,Trans,NA,596
10,Trans,NA,586
10,Trans,NA,697
10,Trans,NA,844
10,Trans,NA,1321
10,Trans,NA,1322
10,Trans,NA,1571
10,Trans,NA,1695
10,Trans,NA,1809
10,Trans,NA,1869
10,Trans,NA,1870
10,Trans,NA,1927
10,Trans,NA,1966
10,Trans,NA,1999
10,Trans,NA,2060
10,Trans,NA,2059
10,Trans,NA,2195
10,Trans,NA,2222
10,Trans,NA,2223
10,Trans,NA,2283
10,Trans,NA,2354
10,Trans,NA,2447
10,Trans,NA,2471
10,Trans,NA,2514
10,Trans,NA,2546
10,Trans,NA,2547
10,Trans,NA,2577
10,Trans,NA,2705
10,Trans,NA,2806
10,Trans,NA,2835
10,Trans,NA,3002
10,Trans,NA,3314
10,Trans,NA,3385
10,Trans,NA,3491
10,Trans,NA,3640
10,Trans,NA,3804
10,Trans,NA,4025
10,Trans,NA,4155
10,Trans,NA,4173
10,Trans,NA,4235
10,Trans,NA,4362
10,Trans,NA,4538
10,Trans,NA,4947
10,Trans,NA,5152
10,Trans,NA,5347
10,Trans,NA,5348
10,Trans,NA,5787
10,Trans,NA,5795
10,Trans,NA,5829
10,Trans,NA,5802
10,End,NA,6072
22,Taxi,NA,9798
22,Trans,NA,9869
22,Trans,NA,9948
22,Trans,NA,9949
22,Trans,NA,9958
22,Trans,NA,9959
22,Trans,NA,9938
22,Trans,NA,9866
22,Trans,NA,9867
22,Trans,NA,9901
22,Trans,NA,9915
22,Trans,NA,9930
22,Trans,NA,9850
22,Trans,NA,9851
22,Trans,NA,9833
22,Trans,NA,9806
22,Trans,NA,9818
22,Trans,NA,9783
22,Trans,NA,9751
22,Trans,NA,9898
22,Trans,NA,9897
22,Trans,NA,10013
22,Trans,NA,10059
22,Trans,NA,10127
22,Trans,NA,10126
22,Trans,NA,10099
22,Trans,NA,10071
22,Trans,NA,10063
22,Trans,NA,10055
22,Trans,NA,10082
22,Trans,NA,10102
22,Trans,NA,10101
22,Start,35,10101
22,Trans,NA,10102
22,Trans,NA,10082
22,Trans,NA,10055
22,Trans,NA,10063
22,Trans,NA,10071
22,Trans,NA,10099
22,Trans,NA,10126
22,Trans,NA,10127
22,Trans,NA,10059
22,Trans,NA,10013
22,Trans,NA,9897
22,Trans,NA,9898
22,Trans,NA,9750
22,Trans,NA,9653
22,Trans,NA,9592
22,Trans,NA,9550
22,Trans,NA,9548
22,Trans,NA,9503
22,Trans,NA,9505
22,Trans,NA,9472
22,Trans,NA,9441
22,Trans,NA,9432
22,Trans,NA,9425
22,Trans,NA,9426
22,Trans,NA,9403
22,Trans,NA,9377
22,Trans,NA,9295
22,Trans,NA,9202
22,Trans,NA,9203
22,Trans,NA,9053
22,Trans,NA,9052
22,Trans,NA,8913
22,Trans,NA,8863
22,Trans,NA,8800
22,Trans,NA,8754
22,Trans,NA,8756
22,Trans,NA,8655
22,Trans,NA,8657
22,Trans,NA,8627
22,Trans,NA,8628
22,Trans,NA,8585
22,Trans,NA,8584
22,Trans,NA,9094
22,Trans,NA,9411
22,Trans,NA,9413
22,Trans,NA,9363
22,Trans,NA,9308
22,Trans,NA,9407
22,Trans,NA,9569
22,Trans,NA,9598
22,Trans,NA,9696
22,Trans,NA,9697
22,Trans,NA,9758
22,Trans,NA,9937
22,Trans,NA,9957
22,Trans,NA,10058
22,Trans,NA,10057
22,Trans,NA,10188
22,Trans,NA,10190
22,Trans,NA,10191
22,Trans,NA,10124
22,Trans,NA,10154
22,Trans,NA,10155
22,Trans,NA,10167
22,Trans,NA,10137
22,Trans,NA,10081
22,Trans,NA,10054
22,Trans,NA,10014
22,Trans,NA,9999
22,Trans,NA,9998
22,Trans,NA,9913
22,Trans,NA,9776
22,Trans,NA,9677
22,Trans,NA,9678
22,Trans,NA,9571
22,End,NA,9387
24,Taxi,NA,1221
24,Trans,NA,1209
24,Trans,NA,1194
24,Trans,NA,1190
24,Trans,NA,1156
24,Trans,NA,1128
24,Trans,NA,1129
24,Trans,NA,1108
24,Trans,NA,1088
24,Trans,NA,1089
24,Trans,NA,1109
24,Trans,NA,1106
24,Start,35,1106
24,Trans,NA,1157
24,Trans,NA,1167
24,Trans,NA,1172
24,Trans,NA,1173
24,Trans,NA,1182
24,Trans,NA,1196
24,Trans,NA,1233
24,Trans,NA,1259
24,Trans,NA,1307
24,Trans,NA,1370
24,Trans,NA,1456
24,Trans,NA,1619
24,Trans,NA,1620
24,Trans,NA,1765
24,Trans,NA,1918
24,Trans,NA,1926
24,Trans,NA,1949
24,Trans,NA,1950
24,Trans,NA,2028
24,Trans,NA,2076
24,Trans,NA,2144
24,Trans,NA,2143
24,Trans,NA,2049
24,Trans,NA,2481
24,Trans,NA,2561
24,Trans,NA,2636
24,Trans,NA,2637
24,Trans,NA,2942
24,Trans,NA,2943
24,Trans,NA,2974
24,Trans,NA,3146
24,Trans,NA,3216
24,Trans,NA,3379
24,Trans,NA,3378
24,Trans,NA,3821
24,Trans,NA,3960
24,Trans,NA,4070
24,Trans,NA,4185
24,Trans,NA,4323
24,Trans,NA,4324
24,Trans,NA,4326
24,Trans,NA,4375
24,Trans,NA,4374
24,Trans,NA,4402
24,Trans,NA,4552
24,Trans,NA,4650
24,Trans,NA,4651
24,Trans,NA,4896
24,Trans,NA,4895
24,Trans,NA,4879
24,Trans,NA,4894
24,Trans,NA,4893
24,Trans,NA,4851
24,Trans,NA,4834
24,Trans,NA,4833
24,Trans,NA,4732
24,Trans,NA,4731
24,Trans,NA,4720
24,Trans,NA,4707
24,Trans,NA,4710
24,Trans,NA,4709
24,Trans,NA,4745
24,Trans,NA,4797
24,Trans,NA,4938
24,Trans,NA,5078
24,Trans,NA,5086
24,Trans,NA,5087
24,Trans,NA,5196
24,Trans,NA,5265
24,Trans,NA,5339
24,End,NA,5471
17,Taxi,NA,6072
17,Trans,NA,5837
17,Trans,NA,5942
17,Trans,NA,5943
17,Trans,NA,6051
17,Trans,NA,6156
17,Trans,NA,6243
17,Trans,NA,6305
17,Trans,NA,6337
17,Trans,NA,6816
17,Trans,NA,6949
17,Trans,NA,7028
17,Trans,NA,7027
17,Trans,NA,7161
17,Trans,NA,7299
17,Trans,NA,7298
17,Trans,NA,7387
17,Trans,NA,7382
17,Trans,NA,7420
17,Trans,NA,7454
17,Trans,NA,7503
17,Trans,NA,7665
17,Trans,NA,7765
17,Trans,NA,7763
17,Trans,NA,7691
17,Start,37,7691
17,Trans,NA,7763
17,Trans,NA,7765
17,Trans,NA,7665
17,Trans,NA,7503
17,Trans,NA,7454
17,Trans,NA,7420
17,Trans,NA,7382
17,Trans,NA,7387
17,Trans,NA,7298
17,Trans,NA,7299
17,Trans,NA,7161
17,Trans,NA,7027
17,Trans,NA,7028
17,Trans,NA,6949
17,Trans,NA,6896
17,Trans,NA,6953
17,Trans,NA,6958
17,Trans,NA,6984
17,Trans,NA,6625
17,Trans,NA,6624
17,Trans,NA,6480
17,Trans,NA,6268
17,Trans,NA,6048
17,Trans,NA,5348
17,Trans,NA,5347
17,Trans,NA,5152
17,Trans,NA,4947
17,Trans,NA,4538
17,Trans,NA,4362
17,Trans,NA,4235
17,Trans,NA,4173
17,Trans,NA,4155
17,Trans,NA,4025
17,Trans,NA,3804
17,Trans,NA,3640
17,Trans,NA,3491
17,Trans,NA,3385
17,Trans,NA,3314
17,Trans,NA,3002
17,Trans,NA,2835
17,Trans,NA,2806
17,Trans,NA,2705
17,Trans,NA,2577
17,Trans,NA,2547
17,Trans,NA,2546
17,Trans,NA,2514
17,Trans,NA,2471
17,Trans,NA,2447
17,Trans,NA,2354
17,Trans,NA,2283
17,Trans,NA,2223
17,Trans,NA,2222
17,Trans,NA,2195
17,Trans,NA,2059
17,Trans,NA,2060
17,Trans,NA,1999
17,Trans,NA,1966
17,Trans,NA,1927
17,Trans,NA,1858
17,Trans,NA,1859
17,Trans,NA,1776
17,Trans,NA,1775
17,Trans,NA,1735
17,Trans,NA,1734
17,Trans,NA,1730
17,Trans,NA,1651
17,Trans,NA,1638
17,End,NA,1639
47,Taxi,NA,2691
47,Trans,NA,2906
47,Trans,NA,2875
47,Trans,NA,2747
47,Trans,NA,2716
47,Trans,NA,2700
47,Trans,NA,2683
47,Trans,NA,2682
47,Trans,NA,2639
47,Trans,NA,2642
47,Trans,NA,2633
47,Trans,NA,2634
47,Trans,NA,2622
47,Trans,NA,2623
47,Trans,NA,2580
47,Trans,NA,2568
47,Trans,NA,2621
47,Trans,NA,2673
47,Trans,NA,2741
47,Trans,NA,2740
47,Trans,NA,2742
47,Trans,NA,2752
47,Trans,NA,2753
47,Trans,NA,2766
47,Start,37,2766
47,Trans,NA,2753
47,Trans,NA,2752
47,Trans,NA,2742
47,Trans,NA,2740
47,Trans,NA,2741
47,Trans,NA,2673
47,Trans,NA,2621
47,Trans,NA,2568
47,Trans,NA,2580
47,Trans,NA,2623
47,Trans,NA,2622
47,Trans,NA,2634
47,Trans,NA,2633
47,Trans,NA,2642
47,Trans,NA,2639
47,Trans,NA,2682
47,Trans,NA,2683
47,Trans,NA,2700
47,Trans,NA,2716
47,Trans,NA,2747
47,Trans,NA,2875
47,Trans,NA,2906
47,Trans,NA,2626
47,Trans,NA,2554
47,Trans,NA,2472
47,Trans,NA,2473
47,Trans,NA,2398
47,Trans,NA,2303
47,Trans,NA,2276
47,Trans,NA,2277
47,Trans,NA,2252
47,Trans,NA,2256
47,Trans,NA,2311
47,Trans,NA,2312
47,Trans,NA,2458
47,Trans,NA,2463
47,Trans,NA,2465
47,Trans,NA,2489
47,Trans,NA,2455
47,Trans,NA,2484
47,Trans,NA,2523
47,Trans,NA,2576
47,Trans,NA,2887
47,Trans,NA,3001
47,Trans,NA,3314
47,Trans,NA,3385
47,Trans,NA,3491
47,Trans,NA,3640
47,Trans,NA,3804
47,Trans,NA,4025
47,Trans,NA,4155
47,Trans,NA,4173
47,Trans,NA,4235
47,Trans,NA,4362
47,Trans,NA,4538
47,Trans,NA,4947
47,Trans,NA,5152
47,Trans,NA,5347
47,Trans,NA,5407
47,Trans,NA,5433
47,Trans,NA,5474
47,Trans,NA,5529
47,Trans,NA,5528
47,Trans,NA,5693
47,Trans,NA,5692
47,Trans,NA,5757
47,Trans,NA,5925
47,Trans,NA,6022
47,Trans,NA,6024
47,Trans,NA,6019
47,Trans,NA,5979
47,Trans,NA,5978
47,End,NA,5879
3,Taxi,NA,3320
3,Trans,NA,3321
3,Trans,NA,3401
3,Trans,NA,3370
3,Trans,NA,3369
3,Trans,NA,3342
3,Trans,NA,3343
3,Trans,NA,3295
3,Trans,NA,3296
3,Trans,NA,3183
3,Trans,NA,2974
3,Trans,NA,2943
3,Trans,NA,2942
3,Trans,NA,2637
3,Trans,NA,2636
3,Trans,NA,2561
3,Trans,NA,2481
3,Trans,NA,2049
3,Trans,NA,2143
3,Trans,NA,2187
3,Trans,NA,2193
3,Start,38,2193
3,Trans,NA,2187
3,Trans,NA,2143
3,Trans,NA,2049
3,Trans,NA,2481
3,Trans,NA,2561
3,Trans,NA,2636
3,Trans,NA,2637
3,Trans,NA,2942
3,Trans,NA,2943
3,Trans,NA,2974
3,Trans,NA,3146
3,Trans,NA,3216
3,Trans,NA,3379
3,Trans,NA,3378
3,Trans,NA,3821
3,Trans,NA,3960
3,Trans,NA,4070
3,Trans,NA,4185
3,Trans,NA,4323
3,Trans,NA,4324
3,Trans,NA,4326
3,Trans,NA,4375
3,Trans,NA,4374
3,Trans,NA,4402
3,Trans,NA,4552
3,Trans,NA,4650
3,Trans,NA,4651
3,Trans,NA,4896
3,Trans,NA,4895
3,Trans,NA,4878
3,Trans,NA,4827
3,Trans,NA,4694
3,Trans,NA,4481
3,Trans,NA,4289
3,End,NA,4119
20,Taxi,NA,3927
20,Trans,NA,3890
20,Trans,NA,3882
20,Trans,NA,3761
20,Trans,NA,3760
20,Trans,NA,3626
20,Trans,NA,3415
20,Trans,NA,3378
20,Trans,NA,3821
20,Trans,NA,3960
20,Trans,NA,4070
20,Trans,NA,4185
20,Trans,NA,4323
20,Trans,NA,4322
20,Trans,NA,4704
20,Trans,NA,4730
20,Trans,NA,4844
20,Trans,NA,5148
20,Trans,NA,5316
20,Trans,NA,5527
20,Trans,NA,5600
20,Trans,NA,5601
20,Trans,NA,5695
20,Trans,NA,5709
20,Trans,NA,5756
20,Trans,NA,5817
20,Trans,NA,5818
20,Trans,NA,5908
20,Trans,NA,6255
20,Trans,NA,6254
20,Trans,NA,6612
20,Trans,NA,7030
20,Trans,NA,6867
20,Trans,NA,6602
20,Trans,NA,6785
20,Trans,NA,6786
20,Trans,NA,6924
20,Trans,NA,6925
20,Trans,NA,6715
20,Trans,NA,6643
20,Trans,NA,6537
20,Trans,NA,6505
20,Trans,NA,6483
20,Trans,NA,6428
20,Trans,NA,6427
20,Trans,NA,6599
20,Trans,NA,6703
20,Trans,NA,6704
20,Trans,NA,6980
20,Trans,NA,6979
20,Trans,NA,7231
20,Trans,NA,7232
20,Trans,NA,7191
20,Trans,NA,7125
20,Trans,NA,7077
20,Trans,NA,7078
20,Trans,NA,7241
20,Trans,NA,7242
20,Trans,NA,7485
20,Trans,NA,7603
20,Trans,NA,7659
20,Trans,NA,7743
20,Trans,NA,7796
20,Trans,NA,7822
20,Trans,NA,7821
20,Trans,NA,7801
20,Trans,NA,7766
20,Start,38,7766
20,Trans,NA,7801
20,Trans,NA,7821
20,Trans,NA,7822
20,Trans,NA,7796
20,Trans,NA,7743
20,Trans,NA,7659
20,Trans,NA,7603
20,Trans,NA,7485
20,Trans,NA,7242
20,Trans,NA,7241
20,Trans,NA,7078
20,Trans,NA,7077
20,Trans,NA,7125
20,Trans,NA,7191
20,Trans,NA,7232
20,Trans,NA,7231
20,Trans,NA,6979
20,Trans,NA,6980
20,Trans,NA,6704
20,Trans,NA,6703
20,Trans,NA,6599
20,Trans,NA,6427
20,Trans,NA,6428
20,Trans,NA,6483
20,Trans,NA,6505
20,Trans,NA,6537
20,Trans,NA,6643
20,Trans,NA,6715
20,Trans,NA,6925
20,Trans,NA,6924
20,Trans,NA,6786
20,Trans,NA,6785
20,Trans,NA,6602
20,Trans,NA,6867
20,Trans,NA,7030
20,Trans,NA,6612
20,Trans,NA,6254
20,Trans,NA,6255
20,Trans,NA,5908
20,Trans,NA,5818
20,Trans,NA,5817
20,Trans,NA,5756
20,Trans,NA,5709
20,Trans,NA,5695
20,Trans,NA,5601
20,Trans,NA,5600
20,Trans,NA,5527
20,Trans,NA,5316
20,Trans,NA,5148
20,Trans,NA,4844
20,Trans,NA,4730
20,Trans,NA,4704
20,Trans,NA,4322
20,Trans,NA,4323
20,Trans,NA,4185
20,Trans,NA,4070
20,Trans,NA,3960
20,Trans,NA,3821
20,Trans,NA,3378
20,Trans,NA,3379
20,Trans,NA,3216
20,Trans,NA,3146
20,Trans,NA,3183
20,Trans,NA,3296
20,Trans,NA,3295
20,Trans,NA,3343
20,Trans,NA,3342
20,Trans,NA,3369
20,Trans,NA,3370
20,Trans,NA,3401
20,Trans,NA,3321
20,End,NA,3320
26,Taxi,NA,7583
26,Trans,NA,7668
26,Trans,NA,7669
26,Trans,NA,7758
26,Trans,NA,7786
26,Trans,NA,7785
26,Trans,NA,7806
26,Trans,NA,7841
26,Trans,NA,7844
26,Start,39,7844
26,Trans,NA,7841
26,Trans,NA,7806
26,Trans,NA,7785
26,Trans,NA,7770
26,Trans,NA,7618
26,Trans,NA,7619
26,Trans,NA,7366
26,Trans,NA,7367
26,Trans,NA,7247
26,Trans,NA,7022
26,Trans,NA,6869
26,Trans,NA,6733
26,Trans,NA,6751
26,Trans,NA,6847
26,Trans,NA,6784
26,Trans,NA,6708
26,Trans,NA,6631
26,Trans,NA,6571
26,Trans,NA,6573
26,Trans,NA,6990
26,Trans,NA,7110
26,Trans,NA,7157
26,Trans,NA,7207
26,Trans,NA,7266
26,Trans,NA,7265
26,Trans,NA,7406
26,Trans,NA,7407
26,Trans,NA,7371
26,Trans,NA,7504
26,Trans,NA,7454
26,Trans,NA,7420
26,Trans,NA,7382
26,Trans,NA,7387
26,Trans,NA,7298
26,Trans,NA,7299
26,Trans,NA,7161
26,Trans,NA,7027
26,Trans,NA,7028
26,Trans,NA,6949
26,Trans,NA,6896
26,Trans,NA,6953
26,Trans,NA,6958
26,Trans,NA,6984
26,Trans,NA,6625
26,Trans,NA,6624
26,Trans,NA,6480
26,Trans,NA,6268
26,Trans,NA,6048
26,Trans,NA,5348
26,Trans,NA,5347
26,Trans,NA,5152
26,Trans,NA,4947
26,Trans,NA,4449
26,Trans,NA,4448
26,Trans,NA,4413
26,Trans,NA,4409
26,Trans,NA,4425
26,Trans,NA,4428
26,Trans,NA,4452
26,Trans,NA,4455
26,Trans,NA,4463
26,Trans,NA,4480
26,Trans,NA,4340
26,Trans,NA,4355
26,Trans,NA,4339
26,End,NA,4338
49,Taxi,NA,2208
49,Trans,NA,2152
49,Trans,NA,2150
49,Trans,NA,2116
49,Trans,NA,2062
49,Trans,NA,1957
49,Trans,NA,2007
49,Trans,NA,2078
49,Trans,NA,2024
49,Trans,NA,2025
49,Trans,NA,1978
49,Trans,NA,2048
49,Trans,NA,2049
49,Trans,NA,2481
49,Trans,NA,2561
49,Trans,NA,2636
49,Trans,NA,2637
49,Trans,NA,2754
49,Trans,NA,2731
49,Trans,NA,2643
49,Trans,NA,2607
49,Trans,NA,2606
49,Trans,NA,2626
49,Trans,NA,2906
49,Trans,NA,2875
49,Trans,NA,2747
49,Trans,NA,2716
49,Trans,NA,2700
49,Trans,NA,2683
49,Trans,NA,2682
49,Trans,NA,2639
49,Trans,NA,2642
49,Trans,NA,2633
49,Trans,NA,2634
49,Start,39,2634
49,Trans,NA,2633
49,Trans,NA,2642
49,Trans,NA,2639
49,Trans,NA,2682
49,Trans,NA,2683
49,Trans,NA,2700
49,Trans,NA,2716
49,Trans,NA,2747
49,Trans,NA,2875
49,Trans,NA,2906
49,Trans,NA,2626
49,Trans,NA,2606
49,Trans,NA,2607
49,Trans,NA,2643
49,Trans,NA,2731
49,Trans,NA,2754
49,Trans,NA,2942
49,Trans,NA,2943
49,Trans,NA,2974
49,Trans,NA,3146
49,Trans,NA,3216
49,Trans,NA,3379
49,Trans,NA,3415
49,Trans,NA,3626
49,Trans,NA,3760
49,Trans,NA,3761
49,Trans,NA,3882
49,Trans,NA,3890
49,End,NA,3927
48,Taxi,NA,5145
48,Trans,NA,5213
48,Trans,NA,5321
48,Trans,NA,5206
48,Trans,NA,5207
48,Trans,NA,5238
48,Trans,NA,5141
48,Trans,NA,4936
48,Trans,NA,4516
48,Trans,NA,4411
48,Start,39,4411
48,Trans,NA,4516
48,Trans,NA,4936
48,Trans,NA,5141
48,Trans,NA,5238
48,Trans,NA,5207
48,Trans,NA,5206
48,Trans,NA,5299
48,Trans,NA,5488
48,Trans,NA,5487
48,Trans,NA,5676
48,Trans,NA,5850
48,Trans,NA,5929
48,Trans,NA,6073
48,Trans,NA,6074
48,Trans,NA,6149
48,Trans,NA,6234
48,Trans,NA,6447
48,Trans,NA,6572
48,Trans,NA,6573
48,Trans,NA,6990
48,Trans,NA,7019
48,Trans,NA,7020
48,Trans,NA,7062
48,End,NA,7108
39,Taxi,NA,8658
39,Trans,NA,8627
39,Trans,NA,8628
39,Trans,NA,8585
39,Trans,NA,8586
39,Trans,NA,8551
39,Trans,NA,8550
39,Trans,NA,8531
39,Trans,NA,8522
39,Trans,NA,8496
39,Trans,NA,8484
39,Trans,NA,8483
39,Trans,NA,8386
39,Start,39,8386
39,Trans,NA,8483
39,Trans,NA,8673
39,Trans,NA,8750
39,Trans,NA,8748
39,Trans,NA,9067
39,Trans,NA,9257
39,Trans,NA,9363
39,Trans,NA,9413
39,Trans,NA,9412
39,Trans,NA,9394
39,Trans,NA,9462
39,Trans,NA,9502
39,Trans,NA,9501
39,Trans,NA,9518
39,Trans,NA,9547
39,Trans,NA,9565
39,Trans,NA,9582
39,Trans,NA,9583
39,Trans,NA,9621
39,Trans,NA,9668
39,Trans,NA,9701
39,Trans,NA,9725
39,Trans,NA,9726
39,Trans,NA,9782
39,Trans,NA,9839
39,Trans,NA,9854
39,Trans,NA,9890
39,Trans,NA,9891
39,Trans,NA,9862
39,Trans,NA,9829
39,Trans,NA,9808
39,End,NA,9799
38,Taxi,NA,5471
38,Trans,NA,5339
38,Trans,NA,5265
38,Trans,NA,5195
38,Trans,NA,5112
38,Trans,NA,5079
38,Trans,NA,4890
38,Trans,NA,4865
38,Trans,NA,4864
38,Trans,NA,4576
38,Trans,NA,4536
38,Trans,NA,4498
38,Trans,NA,4479
38,Trans,NA,4463
38,Trans,NA,4455
38,Trans,NA,4452
38,Trans,NA,4428
38,Trans,NA,4425
38,Trans,NA,4409
38,Trans,NA,4413
38,Trans,NA,4448
38,Trans,NA,4449
38,Trans,NA,4538
38,Trans,NA,4362
38,Trans,NA,4235
38,Trans,NA,4173
38,Trans,NA,4155
38,Trans,NA,4025
38,Trans,NA,3804
38,Trans,NA,3640
38,Trans,NA,3491
38,Trans,NA,3385
38,Trans,NA,3314
38,Trans,NA,3001
38,Trans,NA,2887
38,Trans,NA,2576
38,Trans,NA,2523
38,Trans,NA,2524
38,Trans,NA,2525
38,Trans,NA,2563
38,Trans,NA,2677
38,Trans,NA,2689
38,Trans,NA,2726
38,Trans,NA,2727
38,Trans,NA,2755
38,Trans,NA,2761
38,Trans,NA,2763
38,Trans,NA,2764
38,Trans,NA,2768
38,Trans,NA,2776
38,Start,41,2776
38,Trans,NA,2768
38,Trans,NA,2764
38,Trans,NA,2763
38,Trans,NA,2761
38,Trans,NA,2755
38,Trans,NA,2727
38,Trans,NA,2726
38,Trans,NA,2689
38,Trans,NA,2677
38,Trans,NA,2563
38,Trans,NA,2525
38,Trans,NA,2524
38,Trans,NA,2523
38,Trans,NA,2576
38,Trans,NA,2887
38,Trans,NA,3001
38,Trans,NA,3002
38,Trans,NA,2835
38,Trans,NA,2806
38,Trans,NA,2705
38,Trans,NA,2577
38,Trans,NA,2547
38,Trans,NA,2546
38,Trans,NA,2514
38,Trans,NA,2471
38,Trans,NA,2447
38,Trans,NA,2432
38,Trans,NA,2413
38,Trans,NA,2414
38,Trans,NA,2401
38,Trans,NA,2386
38,Trans,NA,2374
38,Trans,NA,2373
38,Trans,NA,2364
38,Trans,NA,2275
38,Trans,NA,2266
38,Trans,NA,2260
38,Trans,NA,2258
38,Trans,NA,2259
38,Trans,NA,2213
38,Trans,NA,2181
38,Trans,NA,2171
38,Trans,NA,2250
38,Trans,NA,2249
38,Trans,NA,2412
38,Trans,NA,2411
38,Trans,NA,2468
38,Trans,NA,2528
38,Trans,NA,2564
38,Trans,NA,2667
38,Trans,NA,2666
38,Trans,NA,2703
38,Trans,NA,2738
38,Trans,NA,2827
38,End,NA,2989
8,Taxi,NA,10454
8,Trans,NA,10515
8,Trans,NA,10557
8,Trans,NA,10552
8,Trans,NA,10551
8,Trans,NA,10497
8,Trans,NA,10495
8,Trans,NA,10405
8,Trans,NA,10406
8,Trans,NA,10398
8,Trans,NA,10380
8,Trans,NA,10324
8,Trans,NA,10296
8,Trans,NA,10245
8,Trans,NA,10220
8,Trans,NA,10228
8,Trans,NA,10234
8,Trans,NA,10230
8,Trans,NA,10231
8,Trans,NA,10232
8,Trans,NA,10191
8,Trans,NA,10190
8,Trans,NA,10188
8,Trans,NA,10057
8,Trans,NA,10058
8,Trans,NA,9957
8,Trans,NA,9937
8,Trans,NA,9758
8,Trans,NA,9697
8,Trans,NA,9696
8,Trans,NA,9598
8,Trans,NA,9569
8,Trans,NA,9407
8,Trans,NA,9308
8,Trans,NA,9363
8,Trans,NA,9413
8,Trans,NA,9411
8,Trans,NA,9094
8,Trans,NA,8584
8,Trans,NA,8585
8,Trans,NA,8628
8,Trans,NA,8627
8,Trans,NA,8657
8,Trans,NA,8655
8,Trans,NA,8626
8,Trans,NA,8538
8,Trans,NA,8539
8,Trans,NA,8396
8,Trans,NA,8394
8,Trans,NA,8355
8,Trans,NA,8336
8,Trans,NA,8205
8,Trans,NA,8206
8,Trans,NA,8144
8,Trans,NA,8101
8,Trans,NA,8061
8,Trans,NA,8070
8,Start,42,8070
8,Trans,NA,8061
8,Trans,NA,8101
8,Trans,NA,8144
8,Trans,NA,8206
8,Trans,NA,8205
8,Trans,NA,8336
8,Trans,NA,8355
8,Trans,NA,8394
8,Trans,NA,8396
8,Trans,NA,8539
8,Trans,NA,8538
8,Trans,NA,8626
8,Trans,NA,8756
8,Trans,NA,8754
8,Trans,NA,8800
8,Trans,NA,8863
8,Trans,NA,8913
8,Trans,NA,9052
8,Trans,NA,9053
8,Trans,NA,9203
8,Trans,NA,9202
8,Trans,NA,9295
8,Trans,NA,9377
8,End,NA,9361
37,Taxi,NA,1161
37,Trans,NA,1169
37,Trans,NA,1193
37,Trans,NA,1202
37,Trans,NA,1224
37,Trans,NA,1223
37,Trans,NA,1239
37,Trans,NA,1231
37,Trans,NA,1233
37,Trans,NA,1259
37,Trans,NA,1307
37,Trans,NA,1370
37,Trans,NA,1456
37,Trans,NA,1619
37,Trans,NA,1620
37,Trans,NA,1765
37,Trans,NA,1918
37,Trans,NA,1926
37,Trans,NA,1949
37,Trans,NA,1950
37,Trans,NA,2002
37,Trans,NA,2098
37,Start,42,2099
37,Trans,NA,2175
37,Trans,NA,2278
37,Trans,NA,2277
37,Trans,NA,2252
37,Trans,NA,2256
37,Trans,NA,2311
37,Trans,NA,2312
37,Trans,NA,2458
37,Trans,NA,2463
37,Trans,NA,2465
37,Trans,NA,2489
37,Trans,NA,2455
37,Trans,NA,2484
37,Trans,NA,2523
37,Trans,NA,2576
37,Trans,NA,2887
37,Trans,NA,3001
37,Trans,NA,3314
37,Trans,NA,3385
37,Trans,NA,3491
37,Trans,NA,3640
37,Trans,NA,3804
37,Trans,NA,4025
37,Trans,NA,4155
37,Trans,NA,4173
37,Trans,NA,4235
37,Trans,NA,4362
37,Trans,NA,4538
37,Trans,NA,4947
37,Trans,NA,5152
37,Trans,NA,5347
37,Trans,NA,5348
37,Trans,NA,6048
37,Trans,NA,6268
37,Trans,NA,6480
37,Trans,NA,6624
37,Trans,NA,6625
37,Trans,NA,6984
37,Trans,NA,6958
37,Trans,NA,6953
37,Trans,NA,6896
37,Trans,NA,6949
37,Trans,NA,7028
37,Trans,NA,7027
37,Trans,NA,7161
37,Trans,NA,7299
37,Trans,NA,7298
37,Trans,NA,7422
37,Trans,NA,7417
37,Trans,NA,7702
37,Trans,NA,7861
37,Trans,NA,7886
37,Trans,NA,7887
37,Trans,NA,7917
37,Trans,NA,7941
37,Trans,NA,8020
37,Trans,NA,8037
37,Trans,NA,8036
37,Trans,NA,8054
37,Trans,NA,8079
37,Trans,NA,8080
37,Trans,NA,8587
37,Trans,NA,8584
37,Trans,NA,9094
37,Trans,NA,9411
37,Trans,NA,9412
37,Trans,NA,9394
37,Trans,NA,9462
37,Trans,NA,9502
37,Trans,NA,9501
37,Trans,NA,9518
37,Trans,NA,9547
37,Trans,NA,9565
37,Trans,NA,9582
37,Trans,NA,9583
37,Trans,NA,9621
37,Trans,NA,9668
37,Trans,NA,9701
37,Trans,NA,9725
37,Trans,NA,9726
37,Trans,NA,9782
37,Trans,NA,9839
37,Trans,NA,9854
37,Trans,NA,9890
37,Trans,NA,9889
37,Trans,NA,9960
37,Trans,NA,9976
37,Trans,NA,9939
37,End,NA,9892
46,Taxi,NA,3390
46,Trans,NA,3426
46,Trans,NA,3427
46,Trans,NA,3331
46,Trans,NA,3274
46,Trans,NA,3275
46,Trans,NA,3229
46,Trans,NA,3180
46,Trans,NA,3117
46,Trans,NA,3057
46,Trans,NA,3046
46,Trans,NA,2969
46,Trans,NA,2925
46,Start,43,2925
46,Trans,NA,2940
46,Trans,NA,2908
46,Trans,NA,2878
46,Trans,NA,2838
46,Trans,NA,2817
46,Trans,NA,2816
46,Trans,NA,2759
46,Trans,NA,2708
46,Trans,NA,2670
46,Trans,NA,2634
46,Trans,NA,2633
46,Trans,NA,2642
46,Trans,NA,2639
46,Trans,NA,2682
46,Trans,NA,2683
46,Trans,NA,2700
46,Trans,NA,2716
46,Trans,NA,2747
46,Trans,NA,2875
46,Trans,NA,2970
46,Trans,NA,2995
46,Trans,NA,3066
46,Trans,NA,3224
46,Trans,NA,3365
46,Trans,NA,3436
46,Trans,NA,3550
46,Trans,NA,3623
46,Trans,NA,3624
46,Trans,NA,3951
46,Trans,NA,3999
46,Trans,NA,4045
46,Trans,NA,4114
46,Trans,NA,4178
46,Trans,NA,4276
46,Trans,NA,4303
46,Trans,NA,4304
46,Trans,NA,4426
46,Trans,NA,4475
46,Trans,NA,4474
46,Trans,NA,4700
46,Trans,NA,4746
46,Trans,NA,4745
46,Trans,NA,4797
46,Trans,NA,4938
46,Trans,NA,5078
46,Trans,NA,5086
46,Trans,NA,5087
46,Trans,NA,5196
46,Trans,NA,5195
46,Trans,NA,5112
46,Trans,NA,5079
46,Trans,NA,5140
46,Trans,NA,5139
46,End,NA,5435
32,Taxi,NA,7774
32,Trans,NA,7830
32,Trans,NA,7829
32,Trans,NA,7871
32,Trans,NA,7916
32,Trans,NA,7947
32,Trans,NA,8000
32,Trans,NA,8042
32,Trans,NA,8065
32,Trans,NA,8092
32,Trans,NA,8158
32,Trans,NA,8122
32,Trans,NA,8031
32,Trans,NA,7945
32,Trans,NA,7901
32,Trans,NA,7900
32,Trans,NA,7858
32,Trans,NA,7833
32,Trans,NA,7765
32,Trans,NA,7666
32,Start,46,7666
32,Trans,NA,7665
32,Trans,NA,7503
32,Trans,NA,7454
32,Trans,NA,7420
32,Trans,NA,7419
32,Trans,NA,7417
32,Trans,NA,7702
32,Trans,NA,7861
32,Trans,NA,7886
32,Trans,NA,7887
32,Trans,NA,7917
32,Trans,NA,7941
32,Trans,NA,8020
32,Trans,NA,8037
32,Trans,NA,8036
32,Trans,NA,8054
32,Trans,NA,8079
32,Trans,NA,8080
32,Trans,NA,8587
32,Trans,NA,8584
32,Trans,NA,9094
32,Trans,NA,9411
32,Trans,NA,9412
32,Trans,NA,9394
32,Trans,NA,9462
32,Trans,NA,9502
32,Trans,NA,9501
32,Trans,NA,9518
32,Trans,NA,9547
32,Trans,NA,9565
32,Trans,NA,9582
32,Trans,NA,9583
32,Trans,NA,9621
32,Trans,NA,9668
32,Trans,NA,9701
32,Trans,NA,9725
32,Trans,NA,9726
32,Trans,NA,9782
32,Trans,NA,9839
32,Trans,NA,9854
32,Trans,NA,9890
32,Trans,NA,9891
32,Trans,NA,9862
32,Trans,NA,9829
32,Trans,NA,9808
32,End,NA,9777
3,Taxi,NA,4119
3,Trans,NA,4289
3,Trans,NA,4481
3,Trans,NA,4694
3,Trans,NA,4827
3,Trans,NA,4878
3,Trans,NA,4895
3,Trans,NA,4896
3,Trans,NA,4651
3,Trans,NA,4650
3,Trans,NA,4552
3,Trans,NA,4402
3,Trans,NA,4374
3,Trans,NA,4375
3,Trans,NA,4326
3,Trans,NA,4324
3,Trans,NA,4322
3,Trans,NA,4704
3,Trans,NA,4730
3,Trans,NA,4843
3,Trans,NA,5457
3,Trans,NA,5584
3,Trans,NA,5736
3,Start,47,5736
3,Trans,NA,5584
3,Trans,NA,5457
3,Trans,NA,4843
3,Trans,NA,4730
3,Trans,NA,4704
3,Trans,NA,4322
3,Trans,NA,4323
3,Trans,NA,4185
3,Trans,NA,4070
3,Trans,NA,3960
3,Trans,NA,3821
3,Trans,NA,3378
3,Trans,NA,3379
3,Trans,NA,3216
3,Trans,NA,3146
3,Trans,NA,2974
3,Trans,NA,2943
3,Trans,NA,2942
3,Trans,NA,2637
3,Trans,NA,2636
3,Trans,NA,2561
3,Trans,NA,2481
3,Trans,NA,2049
3,Trans,NA,1946
3,Trans,NA,1947
3,Trans,NA,1909
3,Trans,NA,1865
3,Trans,NA,1795
3,Trans,NA,1722
3,Trans,NA,1655
3,Trans,NA,1567
3,Trans,NA,1568
3,Trans,NA,1451
3,Trans,NA,1394
3,Trans,NA,1381
3,Trans,NA,1310
3,Trans,NA,1312
3,Trans,NA,1216
3,Trans,NA,1208
3,Trans,NA,1203
3,Trans,NA,1197
3,Trans,NA,1189
3,Trans,NA,1185
3,Trans,NA,1179
3,Trans,NA,1175
3,Trans,NA,1166
3,Trans,NA,1164
3,Trans,NA,1153
3,Trans,NA,1116
3,Trans,NA,1084
3,Trans,NA,1052
3,Trans,NA,1041
3,Trans,NA,1040
3,Trans,NA,1025
3,Trans,NA,1001
3,Trans,NA,1006
3,Trans,NA,1007
3,Trans,NA,856
3,Trans,NA,837
3,Trans,NA,838
3,Trans,NA,756
3,Trans,NA,757
3,Trans,NA,619
3,Trans,NA,582
3,Trans,NA,551
3,Trans,NA,523
3,Trans,NA,505
3,Trans,NA,471
3,Trans,NA,449
3,Trans,NA,424
3,Trans,NA,423
3,Trans,NA,429
3,Trans,NA,433
3,Trans,NA,453
3,Trans,NA,487
3,Trans,NA,488
3,End,NA,498
35,Taxi,NA,1639
35,Trans,NA,1638
35,Trans,NA,1609
35,Trans,NA,1608
35,Trans,NA,1543
35,Trans,NA,1542
35,Trans,NA,1405
35,Trans,NA,1359
35,Trans,NA,1347
35,Trans,NA,1323
35,Trans,NA,1321
35,Trans,NA,844
35,Trans,NA,643
35,Trans,NA,644
35,Trans,NA,617
35,Trans,NA,609
35,Trans,NA,637
35,Trans,NA,638
35,Trans,NA,645
35,Trans,NA,653
35,Trans,NA,686
35,Trans,NA,693
35,Trans,NA,694
35,Trans,NA,699
35,Trans,NA,711
35,Trans,NA,715
35,Trans,NA,733
35,Trans,NA,748
35,Trans,NA,758
35,Trans,NA,763
35,Trans,NA,744
35,Trans,NA,743
35,Trans,NA,764
35,Trans,NA,784
35,Trans,NA,808
35,Trans,NA,801
35,Trans,NA,800
35,Start,47,800
35,Trans,NA,801
35,Trans,NA,808
35,Trans,NA,784
35,Trans,NA,764
35,Trans,NA,743
35,Trans,NA,744
35,Trans,NA,763
35,Trans,NA,758
35,Trans,NA,748
35,Trans,NA,733
35,Trans,NA,715
35,Trans,NA,711
35,Trans,NA,699
35,Trans,NA,694
35,Trans,NA,693
35,Trans,NA,686
35,Trans,NA,653
35,Trans,NA,645
35,Trans,NA,638
35,Trans,NA,637
35,Trans,NA,609
35,Trans,NA,617
35,Trans,NA,644
35,Trans,NA,643
35,Trans,NA,844
35,Trans,NA,1321
35,Trans,NA,1322
35,Trans,NA,1571
35,Trans,NA,1695
35,Trans,NA,1809
35,Trans,NA,1869
35,Trans,NA,1870
35,Trans,NA,1927
35,Trans,NA,1966
35,Trans,NA,1999
35,Trans,NA,2060
35,Trans,NA,2059
35,Trans,NA,2195
35,Trans,NA,2222
35,Trans,NA,2223
35,Trans,NA,2283
35,Trans,NA,2354
35,Trans,NA,2447
35,Trans,NA,2471
35,Trans,NA,2514
35,Trans,NA,2546
35,Trans,NA,2547
35,Trans,NA,2577
35,Trans,NA,2705
35,Trans,NA,2806
35,Trans,NA,2835
35,Trans,NA,3002
35,Trans,NA,3314
35,Trans,NA,3385
35,Trans,NA,3491
35,Trans,NA,3640
35,Trans,NA,3804
35,Trans,NA,4025
35,Trans,NA,4155
35,Trans,NA,4173
35,Trans,NA,4235
35,Trans,NA,4362
35,Trans,NA,4538
35,Trans,NA,4947
35,Trans,NA,5152
35,Trans,NA,5347
35,Trans,NA,5348
35,Trans,NA,6048
35,Trans,NA,6268
35,Trans,NA,6480
35,Trans,NA,6624
35,Trans,NA,6625
35,Trans,NA,6984
35,Trans,NA,6958
35,Trans,NA,6953
35,Trans,NA,6896
35,Trans,NA,6949
35,Trans,NA,7028
35,Trans,NA,7027
35,Trans,NA,7161
35,Trans,NA,7299
35,Trans,NA,7298
35,Trans,NA,7422
35,Trans,NA,7417
35,Trans,NA,7702
35,Trans,NA,7861
35,Trans,NA,7886
35,Trans,NA,7887
35,Trans,NA,7917
35,Trans,NA,7941
35,Trans,NA,8020
35,Trans,NA,8037
35,Trans,NA,8036
35,Trans,NA,8054
35,Trans,NA,8079
35,Trans,NA,8080
35,Trans,NA,8587
35,Trans,NA,8585
35,Trans,NA,8628
35,Trans,NA,8627
35,End,NA,8658
50,Taxi,NA,1210
50,Trans,NA,1251
50,Trans,NA,1277
50,Trans,NA,1276
50,Trans,NA,1296
50,Trans,NA,1401
50,Trans,NA,1564
50,Trans,NA,1606
50,Trans,NA,1607
50,Trans,NA,1575
50,Trans,NA,1517
50,Trans,NA,1405
50,Trans,NA,1359
50,Trans,NA,1347
50,Trans,NA,1323
50,Trans,NA,1321
50,Trans,NA,844
50,Trans,NA,697
50,Trans,NA,581
50,Trans,NA,460
50,Start,48,460
50,Trans,NA,581
50,Trans,NA,697
50,Trans,NA,844
50,Trans,NA,969
50,Trans,NA,970
50,Trans,NA,1132
50,Trans,NA,1160
50,Trans,NA,1161
50,Trans,NA,1169
50,Trans,NA,1193
50,Trans,NA,1202
50,Trans,NA,1224
50,Trans,NA,1223
50,Trans,NA,1239
50,Trans,NA,1231
50,Trans,NA,1233
50,Trans,NA,1259
50,Trans,NA,1307
50,Trans,NA,1370
50,Trans,NA,1456
50,Trans,NA,1619
50,Trans,NA,1620
50,Trans,NA,1765
50,Trans,NA,1918
50,Trans,NA,1926
50,Trans,NA,1949
50,Trans,NA,1950
50,Trans,NA,2028
50,Trans,NA,2076
50,Trans,NA,2144
50,Trans,NA,2187
50,Trans,NA,2313
50,Trans,NA,2398
50,Trans,NA,2473
50,Trans,NA,2472
50,Trans,NA,2554
50,Trans,NA,2626
50,End,NA,2691
34,Taxi,NA,4506
34,Trans,NA,4468
34,Trans,NA,4420
34,Trans,NA,4419
34,Trans,NA,4433
34,Trans,NA,4415
34,Trans,NA,4446
34,Trans,NA,4751
34,Trans,NA,4866
34,Trans,NA,4867
34,Trans,NA,5046
34,Trans,NA,5372
34,Start,48,5372
34,Trans,NA,5046
34,Trans,NA,4867
34,Trans,NA,4868
34,Trans,NA,4981
34,Trans,NA,5017
34,Trans,NA,5007
34,Trans,NA,5008
34,Trans,NA,4991
34,Trans,NA,4962
34,Trans,NA,4961
34,Trans,NA,4905
34,Trans,NA,4795
34,Trans,NA,4631
34,Trans,NA,4630
34,Trans,NA,4596
34,Trans,NA,4701
34,Trans,NA,4886
34,Trans,NA,5174
34,Trans,NA,5345
34,Trans,NA,5412
34,Trans,NA,5414
34,Trans,NA,5541
34,Trans,NA,5833
34,Trans,NA,5832
34,Trans,NA,5906
34,Trans,NA,5905
34,Trans,NA,6025
34,Trans,NA,6211
34,Trans,NA,6295
34,Trans,NA,6294
34,Trans,NA,6149
34,Trans,NA,6074
34,Trans,NA,6073
34,Trans,NA,5929
34,Trans,NA,5850
34,Trans,NA,5676
34,Trans,NA,5487
34,Trans,NA,5488
34,Trans,NA,5299
34,Trans,NA,5206
34,Trans,NA,5207
34,Trans,NA,5238
34,Trans,NA,5141
34,Trans,NA,4936
34,Trans,NA,4831
34,Trans,NA,4794
34,Trans,NA,4841
34,Trans,NA,4840
34,Trans,NA,4971
34,Trans,NA,4972
34,Trans,NA,5080
34,End,NA,5133
6,Taxi,NA,10794
6,Trans,NA,10671
6,Trans,NA,10636
6,Trans,NA,10637
6,Trans,NA,10549
6,Trans,NA,10548
6,Trans,NA,10409
6,Trans,NA,10343
6,Trans,NA,10287
6,Trans,NA,10288
6,Trans,NA,10256
6,Trans,NA,10232
6,Trans,NA,10191
6,Trans,NA,10190
6,Trans,NA,10188
6,Trans,NA,10057
6,Trans,NA,10058
6,Trans,NA,9957
6,Trans,NA,9937
6,Trans,NA,9758
6,Trans,NA,9697
6,Trans,NA,9696
6,Trans,NA,9598
6,Trans,NA,9569
6,Trans,NA,9407
6,Trans,NA,9152
6,Trans,NA,9153
6,Trans,NA,9067
6,Trans,NA,8748
6,Trans,NA,8749
6,Trans,NA,8728
6,Trans,NA,8729
6,Start,51,8729
6,Trans,NA,8728
6,Trans,NA,8749
6,Trans,NA,8750
6,Trans,NA,8673
6,Trans,NA,8485
6,Trans,NA,8446
6,Trans,NA,8445
6,Trans,NA,8417
6,Trans,NA,8401
6,Trans,NA,8374
6,Trans,NA,8373
6,Trans,NA,8292
6,Trans,NA,8465
6,Trans,NA,8623
6,Trans,NA,8573
6,Trans,NA,8527
6,Trans,NA,8526
6,Trans,NA,8524
6,Trans,NA,8566
6,Trans,NA,8517
6,Trans,NA,8528
6,Trans,NA,8530
6,Trans,NA,8643
6,Trans,NA,8715
6,Trans,NA,8716
6,Trans,NA,8674
6,Trans,NA,8675
6,Trans,NA,8516
6,Trans,NA,8515
6,Trans,NA,8381
6,Trans,NA,8140
6,Trans,NA,7996
6,Trans,NA,7955
6,Trans,NA,7756
6,Trans,NA,7757
6,Trans,NA,7776
6,Trans,NA,7793
6,Trans,NA,7788
6,Trans,NA,7787
6,Trans,NA,7770
6,Trans,NA,7786
6,Trans,NA,7758
6,Trans,NA,7669
6,Trans,NA,7668
6,End,NA,7583
43,Taxi,NA,10949
43,Trans,NA,10953
43,Trans,NA,10935
43,Trans,NA,10952
43,Trans,NA,10976
43,Trans,NA,10977
43,Trans,NA,10941
43,Trans,NA,10927
43,Trans,NA,10926
43,Trans,NA,10846
43,Trans,NA,10755
43,Trans,NA,10754
43,Start,53,10754
43,Trans,NA,10753
43,Trans,NA,10612
43,Trans,NA,10556
43,Trans,NA,10533
43,Trans,NA,10438
43,Trans,NA,10439
43,Trans,NA,10391
43,Trans,NA,10349
43,Trans,NA,10327
43,Trans,NA,10301
43,Trans,NA,10300
43,Trans,NA,10244
43,Trans,NA,10174
43,Trans,NA,10103
43,Trans,NA,10070
43,Trans,NA,10078
43,Trans,NA,10077
43,Trans,NA,9992
43,Trans,NA,9947
43,Trans,NA,9758
43,Trans,NA,9697
43,Trans,NA,9696
43,Trans,NA,9598
43,Trans,NA,9569
43,Trans,NA,9407
43,Trans,NA,9308
43,Trans,NA,9363
43,Trans,NA,9413
43,Trans,NA,9411
43,Trans,NA,9094
43,Trans,NA,8584
43,Trans,NA,8585
43,Trans,NA,8628
43,Trans,NA,8627
43,Trans,NA,8656
43,Trans,NA,8606
43,Trans,NA,8482
43,Trans,NA,8444
43,Trans,NA,8442
43,Trans,NA,8380
43,Trans,NA,8195
43,Trans,NA,8149
43,Trans,NA,8148
43,Trans,NA,8090
43,Trans,NA,8059
43,Trans,NA,8030
43,Trans,NA,7995
43,Trans,NA,7920
43,Trans,NA,7860
43,Trans,NA,7796
43,Trans,NA,7743
43,Trans,NA,7659
43,Trans,NA,7603
43,Trans,NA,7484
43,End,NA,7428
24,Taxi,NA,5471
24,Trans,NA,5339
24,Trans,NA,5265
24,Trans,NA,5196
24,Trans,NA,5087
24,Trans,NA,5086
24,Trans,NA,5078
24,Trans,NA,4938
24,Trans,NA,4797
24,Trans,NA,4745
24,Trans,NA,4709
24,Trans,NA,4710
24,Trans,NA,4707
24,Trans,NA,4720
24,Trans,NA,4731
24,Trans,NA,4732
24,Trans,NA,4781
24,Trans,NA,4854
24,Trans,NA,4924
24,Trans,NA,5178
24,Trans,NA,5135
24,Trans,NA,5115
24,Trans,NA,5190
24,Trans,NA,5156
24,Trans,NA,5221
24,Start,54,5221
24,Trans,NA,5156
24,Trans,NA,5239
24,Trans,NA,5264
24,Trans,NA,5209
24,Trans,NA,5210
24,Trans,NA,5095
24,Trans,NA,4975
24,Trans,NA,4895
24,Trans,NA,4896
24,Trans,NA,4651
24,Trans,NA,4650
24,Trans,NA,4552
24,Trans,NA,4402
24,Trans,NA,4374
24,Trans,NA,4375
24,Trans,NA,4326
24,Trans,NA,4324
24,Trans,NA,4323
24,Trans,NA,4185
24,Trans,NA,4070
24,Trans,NA,3960
24,Trans,NA,3821
24,Trans,NA,3378
24,Trans,NA,3379
24,Trans,NA,3216
24,Trans,NA,3146
24,Trans,NA,2974
24,Trans,NA,2943
24,Trans,NA,2942
24,Trans,NA,2637
24,Trans,NA,2636
24,Trans,NA,2561
24,Trans,NA,2481
24,Trans,NA,2049
24,Trans,NA,2048
24,Trans,NA,1978
24,Trans,NA,2025
24,Trans,NA,2024
24,Trans,NA,2078
24,Trans,NA,2007
24,Trans,NA,1957
24,Trans,NA,2062
24,Trans,NA,2116
24,Trans,NA,2150
24,Trans,NA,2152
24,End,NA,2208
37,Taxi,NA,9892
37,Trans,NA,9939
37,Trans,NA,9976
37,Trans,NA,9960
37,Trans,NA,9889
37,Trans,NA,9890
37,Trans,NA,9854
37,Trans,NA,9840
37,Trans,NA,9924
37,Trans,NA,9925
37,Trans,NA,9965
37,Trans,NA,10065
37,Trans,NA,10175
37,Trans,NA,10174
37,Trans,NA,10165
37,Trans,NA,10157
37,Trans,NA,10278
37,Trans,NA,10277
37,Trans,NA,10267
37,Trans,NA,10283
37,Trans,NA,10319
37,Trans,NA,10320
37,Trans,NA,10354
37,Trans,NA,10360
37,Trans,NA,10394
37,Trans,NA,10421
37,Trans,NA,10407
37,Trans,NA,10427
37,Trans,NA,10459
37,Start,54,10459
37,Trans,NA,10427
37,Trans,NA,10402
37,Trans,NA,10401
37,Trans,NA,10389
37,Trans,NA,10390
37,Trans,NA,10342
37,Trans,NA,10341
37,Trans,NA,10287
37,Trans,NA,10288
37,Trans,NA,10256
37,Trans,NA,10231
37,Trans,NA,10230
37,Trans,NA,10234
37,Trans,NA,10228
37,Trans,NA,10220
37,Trans,NA,10246
37,Trans,NA,10166
37,Trans,NA,10090
37,Trans,NA,9699
37,Trans,NA,9607
37,Trans,NA,9606
37,Trans,NA,9575
37,Trans,NA,9494
37,Trans,NA,9322
37,Trans,NA,9142
37,Trans,NA,9141
37,Trans,NA,8862
37,Trans,NA,8732
37,Trans,NA,8594
37,Trans,NA,8377
37,Trans,NA,8139
37,Trans,NA,7980
37,Trans,NA,7746
37,Trans,NA,7469
37,Trans,NA,7165
37,Trans,NA,7164
37,Trans,NA,6548
37,Trans,NA,6061
37,Trans,NA,5876
37,Trans,NA,5491
37,Trans,NA,5275
37,Trans,NA,4886
37,Trans,NA,4701
37,Trans,NA,4596
37,Trans,NA,4630
37,Trans,NA,4631
37,Trans,NA,4795
37,Trans,NA,4905
37,Trans,NA,4961
37,Trans,NA,4962
37,Trans,NA,4991
37,Trans,NA,5008
37,Trans,NA,5007
37,Trans,NA,4882
37,Trans,NA,4698
37,Trans,NA,4697
37,Trans,NA,4499
37,Trans,NA,4500
37,Trans,NA,4492
37,Trans,NA,4285
37,Trans,NA,4225
37,Trans,NA,4073
37,Trans,NA,4008
37,Trans,NA,3855
37,Trans,NA,3854
37,Trans,NA,3719
37,Trans,NA,3544
37,Trans,NA,3408
37,Trans,NA,3407
37,Trans,NA,3160
37,End,NA,3159
36,Taxi,NA,9914
36,Trans,NA,9929
36,Trans,NA,9931
36,Trans,NA,9979
36,Trans,NA,9980
36,Trans,NA,9930
36,Trans,NA,9850
36,Trans,NA,9851
36,Trans,NA,9833
36,Trans,NA,9807
36,Trans,NA,9721
36,Trans,NA,9704
36,Trans,NA,9663
36,Trans,NA,9548
36,Trans,NA,9503
36,Trans,NA,9505
36,Trans,NA,9472
36,Trans,NA,9441
36,Trans,NA,9432
36,Trans,NA,9425
36,Trans,NA,9426
36,Trans,NA,9403
36,Trans,NA,9377
36,Trans,NA,9369
36,Trans,NA,9383
36,Trans,NA,9390
36,Trans,NA,9247
36,Trans,NA,9177
36,Trans,NA,9178
36,Trans,NA,9168
36,Trans,NA,9156
36,Trans,NA,9154
36,Start,55,9154
36,Trans,NA,9156
36,Trans,NA,9168
36,Trans,NA,9178
36,Trans,NA,9177
36,Trans,NA,9247
36,Trans,NA,9390
36,Trans,NA,9384
36,Trans,NA,9404
36,Trans,NA,9429
36,Trans,NA,9512
36,Trans,NA,9514
36,Trans,NA,9499
36,Trans,NA,9547
36,Trans,NA,9565
36,Trans,NA,9582
36,Trans,NA,9583
36,Trans,NA,9621
36,Trans,NA,9718
36,Trans,NA,9719
36,Trans,NA,9826
36,Trans,NA,9876
36,Trans,NA,9922
36,Trans,NA,9921
36,Trans,NA,9965
36,Trans,NA,10065
36,Trans,NA,10175
36,Trans,NA,10244
36,Trans,NA,10300
36,Trans,NA,10301
36,Trans,NA,10327
36,Trans,NA,10349
36,Trans,NA,10391
36,Trans,NA,10439
36,Trans,NA,10438
36,Trans,NA,10533
36,Trans,NA,10556
36,Trans,NA,10612
36,Trans,NA,10753
36,Trans,NA,10755
36,Trans,NA,10846
36,Trans,NA,10926
36,Trans,NA,10927
36,Trans,NA,10941
36,Trans,NA,10977
36,Trans,NA,10976
36,Trans,NA,10952
36,Trans,NA,10935
36,Trans,NA,10953
36,End,NA,10949
16,Taxi,NA,3847
16,Trans,NA,3882
16,Trans,NA,3761
16,Trans,NA,3760
16,Trans,NA,3626
16,Trans,NA,3415
16,Trans,NA,3378
16,Trans,NA,3821
16,Trans,NA,3960
16,Trans,NA,4070
16,Trans,NA,4185
16,Trans,NA,4323
16,Trans,NA,4322
16,Trans,NA,4704
16,Trans,NA,4730
16,Trans,NA,4844
16,Trans,NA,5148
16,Trans,NA,5316
16,Trans,NA,5527
16,Trans,NA,5600
16,Trans,NA,5601
16,Trans,NA,5695
16,Trans,NA,5709
16,Trans,NA,5756
16,Trans,NA,5817
16,Trans,NA,5818
16,Trans,NA,5908
16,Trans,NA,6255
16,Trans,NA,6254
16,Trans,NA,6612
16,Trans,NA,7030
16,Trans,NA,6867
16,Trans,NA,6602
16,Trans,NA,6785
16,Trans,NA,6786
16,Trans,NA,6924
16,Trans,NA,6925
16,Trans,NA,6715
16,Trans,NA,6643
16,Trans,NA,6584
16,Trans,NA,6457
16,Trans,NA,6458
16,Trans,NA,6378
16,Trans,NA,6320
16,Trans,NA,6264
16,Trans,NA,6263
16,Trans,NA,6164
16,Trans,NA,6163
16,Trans,NA,6127
16,Trans,NA,6107
16,Trans,NA,6012
16,Trans,NA,5918
16,Trans,NA,5862
16,Start,56,5862
16,Trans,NA,5918
16,Trans,NA,6012
16,Trans,NA,6107
16,Trans,NA,6159
16,Trans,NA,6215
16,Trans,NA,6310
16,Trans,NA,6426
16,Trans,NA,6427
16,Trans,NA,6599
16,Trans,NA,6703
16,Trans,NA,6704
16,Trans,NA,6980
16,Trans,NA,6979
16,Trans,NA,7231
16,Trans,NA,7355
16,Trans,NA,7453
16,Trans,NA,7475
16,Trans,NA,7840
16,Trans,NA,7839
16,Trans,NA,7935
16,Trans,NA,7997
16,Trans,NA,8103
16,Trans,NA,8188
16,Trans,NA,8331
16,Trans,NA,8378
16,Trans,NA,8434
16,Trans,NA,8494
16,Trans,NA,8513
16,Trans,NA,8679
16,Trans,NA,8724
16,Trans,NA,8776
16,Trans,NA,8766
16,Trans,NA,8765
16,Trans,NA,8762
16,Trans,NA,8761
16,Trans,NA,8756
16,Trans,NA,8655
16,Trans,NA,8657
16,Trans,NA,8627
16,Trans,NA,8628
16,Trans,NA,8585
16,Trans,NA,8584
16,Trans,NA,9094
16,Trans,NA,9411
16,Trans,NA,9412
16,Trans,NA,9394
16,Trans,NA,9462
16,Trans,NA,9502
16,Trans,NA,9501
16,Trans,NA,9518
16,Trans,NA,9547
16,Trans,NA,9565
16,Trans,NA,9582
16,Trans,NA,9583
16,Trans,NA,9621
16,Trans,NA,9718
16,Trans,NA,9717
16,End,NA,9737
45,Taxi,NA,1432
45,Trans,NA,1402
45,Trans,NA,1404
45,Trans,NA,1349
45,Trans,NA,1378
45,Trans,NA,1376
45,Start,56,1376
45,Trans,NA,1378
45,Trans,NA,1349
45,Trans,NA,1404
45,Trans,NA,1403
45,Trans,NA,1571
45,Trans,NA,1695
45,Trans,NA,1809
45,Trans,NA,1869
45,Trans,NA,1870
45,Trans,NA,1927
45,Trans,NA,1966
45,Trans,NA,1999
45,Trans,NA,2060
45,Trans,NA,2059
45,Trans,NA,2195
45,Trans,NA,2222
45,Trans,NA,2223
45,Trans,NA,2283
45,Trans,NA,2354
45,Trans,NA,2447
45,Trans,NA,2471
45,Trans,NA,2514
45,Trans,NA,2546
45,Trans,NA,2547
45,Trans,NA,2577
45,Trans,NA,2705
45,Trans,NA,2806
45,Trans,NA,2835
45,Trans,NA,3002
45,Trans,NA,3001
45,Trans,NA,2887
45,Trans,NA,2576
45,Trans,NA,2523
45,Trans,NA,2484
45,Trans,NA,2455
45,Trans,NA,2489
45,Trans,NA,2649
45,Trans,NA,2760
45,Trans,NA,2898
45,Trans,NA,2899
45,Trans,NA,2941
45,Trans,NA,2939
45,Trans,NA,2932
45,Trans,NA,2933
45,Trans,NA,2964
45,Trans,NA,2993
45,Trans,NA,3032
45,Trans,NA,3053
45,Trans,NA,3075
45,End,NA,3097
7,Taxi,NA,3677
7,Trans,NA,3466
7,Trans,NA,3467
7,Trans,NA,3399
7,Trans,NA,3403
7,Trans,NA,3404
7,Trans,NA,3424
7,Trans,NA,3430
7,Trans,NA,3354
7,Trans,NA,3341
7,Trans,NA,3299
7,Trans,NA,3280
7,Trans,NA,3273
7,Trans,NA,3272
7,Trans,NA,3260
7,Trans,NA,3287
7,Trans,NA,3349
7,Trans,NA,3416
7,Trans,NA,3641
7,Trans,NA,3804
7,Trans,NA,4025
7,Trans,NA,4155
7,Trans,NA,4173
7,Trans,NA,4235
7,Trans,NA,4362
7,Trans,NA,4538
7,Trans,NA,4947
7,Trans,NA,5152
7,Trans,NA,5347
7,Trans,NA,5348
7,Trans,NA,6048
7,Trans,NA,6268
7,Trans,NA,6480
7,Trans,NA,6624
7,Trans,NA,6625
7,Trans,NA,6984
7,Trans,NA,6958
7,Trans,NA,6953
7,Trans,NA,6896
7,Trans,NA,6949
7,Trans,NA,7028
7,Trans,NA,7027
7,Trans,NA,7161
7,Trans,NA,7299
7,Trans,NA,7298
7,Trans,NA,7422
7,Trans,NA,7417
7,Trans,NA,7399
7,Trans,NA,7398
7,Trans,NA,7370
7,Trans,NA,7339
7,Trans,NA,7304
7,Trans,NA,7305
7,Trans,NA,7276
7,Start,58,7276
7,Trans,NA,7305
7,Trans,NA,7304
7,Trans,NA,7339
7,Trans,NA,7370
7,Trans,NA,7398
7,Trans,NA,7399
7,Trans,NA,7417
7,Trans,NA,7422
7,Trans,NA,7298
7,Trans,NA,7299
7,Trans,NA,7161
7,Trans,NA,7027
7,Trans,NA,7028
7,Trans,NA,6949
7,Trans,NA,6896
7,Trans,NA,6953
7,Trans,NA,6958
7,Trans,NA,6984
7,Trans,NA,6625
7,Trans,NA,6624
7,Trans,NA,6480
7,Trans,NA,6268
7,Trans,NA,6048
7,Trans,NA,5348
7,Trans,NA,5347
7,Trans,NA,5152
7,Trans,NA,4947
7,Trans,NA,4538
7,Trans,NA,4362
7,Trans,NA,4235
7,Trans,NA,4173
7,Trans,NA,4155
7,Trans,NA,4025
7,Trans,NA,3804
7,Trans,NA,3640
7,Trans,NA,3491
7,Trans,NA,3385
7,Trans,NA,3314
7,Trans,NA,3002
7,Trans,NA,2835
7,Trans,NA,2806
7,Trans,NA,2705
7,Trans,NA,2577
7,Trans,NA,2547
7,Trans,NA,2546
7,Trans,NA,2514
7,Trans,NA,2471
7,Trans,NA,2447
7,Trans,NA,2354
7,Trans,NA,2283
7,Trans,NA,2223
7,Trans,NA,2222
7,Trans,NA,2195
7,Trans,NA,2059
7,Trans,NA,2060
7,Trans,NA,1999
7,Trans,NA,1966
7,Trans,NA,1927
7,Trans,NA,1858
7,Trans,NA,1859
7,Trans,NA,1776
7,Trans,NA,1775
7,Trans,NA,1674
7,Trans,NA,1673
7,Trans,NA,1607
7,Trans,NA,1606
7,Trans,NA,1564
7,Trans,NA,1401
7,Trans,NA,1296
7,Trans,NA,1276
7,Trans,NA,1277
7,Trans,NA,1251
7,End,NA,1210
