4,Taxi,NA,7283
4,Trans,NA,8793
4,Trans,NA,8719
4,Trans,NA,8660
4,Trans,NA,8582
4,Trans,NA,8514
4,Trans,NA,8399
4,Trans,NA,8362
4,Trans,NA,8360
4,Trans,NA,8159
4,Trans,NA,8122
4,Trans,NA,8031
4,Trans,NA,7945
4,Trans,NA,7901
4,Trans,NA,7900
4,Trans,NA,7858
4,Trans,NA,7833
4,Trans,NA,7763
4,Trans,NA,7691
4,Trans,NA,7645
4,Trans,NA,7646
4,Trans,NA,7563
4,Trans,NA,7265
4,Start,1,7283
4,Trans,NA,7266
4,Trans,NA,7207
4,Trans,NA,7157
4,Trans,NA,7110
4,Trans,NA,6990
4,Trans,NA,6573
4,Trans,NA,6572
4,Trans,NA,6447
4,Trans,NA,6234
4,Trans,NA,6294
4,Trans,NA,6295
4,Trans,NA,6211
4,Trans,NA,6025
4,Trans,NA,5905
4,Trans,NA,5906
4,Trans,NA,5832
4,Trans,NA,5833
4,Trans,NA,5541
4,Trans,NA,5414
4,Trans,NA,5412
4,Trans,NA,5345
4,Trans,NA,5174
4,Trans,NA,4885
4,Trans,NA,4547
4,Trans,NA,4113
4,Trans,NA,4000
4,Trans,NA,3939
4,Trans,NA,3905
4,Trans,NA,3860
4,Trans,NA,3796
4,Trans,NA,3706
4,Trans,NA,3613
4,Trans,NA,3458
4,Trans,NA,3382
4,Trans,NA,3250
4,Trans,NA,3249
4,Trans,NA,3124
4,Trans,NA,2961
4,Trans,NA,2803
4,Trans,NA,2802
4,Trans,NA,2635
4,Trans,NA,2478
4,Trans,NA,2429
4,Trans,NA,2125
4,Trans,NA,2124
4,Trans,NA,1951
4,Trans,NA,1895
4,Trans,NA,1726
4,Trans,NA,1725
4,Trans,NA,1733
4,Trans,NA,1732
4,Trans,NA,1698
4,Trans,NA,1658
4,Trans,NA,1648
4,Trans,NA,1647
4,Trans,NA,1652
4,Trans,NA,1656
4,Trans,NA,1695
4,Trans,NA,1571
4,Trans,NA,1322
4,Trans,NA,1321
4,Trans,NA,844
4,Trans,NA,697
4,Trans,NA,586
4,Trans,NA,596
4,Trans,NA,602
4,Trans,NA,603
4,Trans,NA,650
4,Trans,NA,661
4,Trans,NA,662
4,Trans,NA,677
4,Trans,NA,675
4,Trans,NA,673
4,Trans,NA,674
4,Trans,NA,680
4,Trans,NA,672
4,Trans,NA,619
4,Trans,NA,582
4,Trans,NA,551
4,Trans,NA,523
4,Trans,NA,505
4,Trans,NA,471
4,Trans,NA,449
4,Trans,NA,424
4,Trans,NA,425
4,Trans,NA,384
4,Trans,NA,341
4,Trans,NA,332
4,Trans,NA,322
4,Trans,NA,310
4,Trans,NA,297
4,Trans,NA,289
4,Trans,NA,274
4,Trans,NA,270
4,Trans,NA,262
4,Trans,NA,252
4,Trans,NA,251
4,Trans,NA,236
4,Trans,NA,190
4,Trans,NA,179
4,Trans,NA,149
4,Trans,NA,133
4,Trans,NA,132
4,Trans,NA,104
4,Trans,NA,64
4,Trans,NA,63
4,Trans,NA,58
4,Trans,NA,52
4,Trans,NA,37
4,Trans,NA,84
4,Trans,NA,65
4,Trans,NA,66
4,Trans,NA,57
4,End,NA,101
2,Taxi,NA,5922
2,Trans,NA,2538
2,Trans,NA,2563
2,Trans,NA,2525
2,Trans,NA,2524
2,Trans,NA,2484
2,Trans,NA,2455
2,Trans,NA,2489
2,Trans,NA,2465
2,Trans,NA,2463
2,Trans,NA,2458
2,Trans,NA,2312
2,Trans,NA,2311
2,Trans,NA,2256
2,Trans,NA,2252
2,Trans,NA,2277
2,Trans,NA,2278
2,Trans,NA,2177
2,Trans,NA,2145
2,Trans,NA,2143
2,Trans,NA,2049
2,Trans,NA,2481
2,Trans,NA,2561
2,Trans,NA,2636
2,Trans,NA,2637
2,Trans,NA,2942
2,Trans,NA,2943
2,Trans,NA,2974
2,Trans,NA,3146
2,Trans,NA,3216
2,Trans,NA,3379
2,Trans,NA,3378
2,Trans,NA,3821
2,Trans,NA,3960
2,Trans,NA,4070
2,Trans,NA,4185
2,Trans,NA,4323
2,Trans,NA,4322
2,Trans,NA,4704
2,Trans,NA,4730
2,Trans,NA,4844
2,Trans,NA,5148
2,Trans,NA,5316
2,Trans,NA,5527
2,Trans,NA,5600
2,Trans,NA,5601
2,Trans,NA,5695
2,Trans,NA,5709
2,Trans,NA,5756
2,Trans,NA,5817
2,Trans,NA,5818
2,Trans,NA,5908
2,Trans,NA,6255
2,Trans,NA,6254
2,Trans,NA,6612
2,Trans,NA,7030
2,Trans,NA,6867
2,Trans,NA,6602
2,Trans,NA,6785
2,Trans,NA,6786
2,Trans,NA,6924
2,Trans,NA,6925
2,Trans,NA,6715
2,Trans,NA,6643
2,Trans,NA,6584
2,Trans,NA,6457
2,Trans,NA,6458
2,Trans,NA,6378
2,Trans,NA,6319
2,Trans,NA,6252
2,Trans,NA,6201
2,Trans,NA,6137
2,Trans,NA,6081
2,Trans,NA,6036
2,Trans,NA,5964
2,Trans,NA,6021
2,Trans,NA,6004
2,Start,2,5922
2,Trans,NA,6004
2,Trans,NA,6021
2,Trans,NA,5964
2,Trans,NA,6036
2,Trans,NA,6081
2,Trans,NA,6137
2,Trans,NA,6201
2,Trans,NA,6252
2,Trans,NA,6319
2,Trans,NA,6378
2,Trans,NA,6458
2,Trans,NA,6457
2,Trans,NA,6584
2,Trans,NA,6537
2,Trans,NA,6505
2,Trans,NA,6483
2,Trans,NA,6428
2,Trans,NA,6427
2,Trans,NA,6599
2,Trans,NA,6703
2,Trans,NA,6704
2,Trans,NA,6980
2,Trans,NA,6979
2,Trans,NA,7231
2,Trans,NA,7232
2,Trans,NA,7191
2,Trans,NA,7125
2,Trans,NA,7077
2,Trans,NA,7080
2,Trans,NA,7039
2,Trans,NA,7014
2,Trans,NA,6995
2,Trans,NA,6996
2,Trans,NA,6956
2,Trans,NA,6997
2,Trans,NA,7090
2,Trans,NA,7163
2,Trans,NA,7196
2,Trans,NA,7194
2,Trans,NA,7270
2,Trans,NA,7198
2,Trans,NA,7254
2,Trans,NA,7375
2,Trans,NA,7374
2,Trans,NA,7292
2,Trans,NA,7291
2,Trans,NA,7338
2,Trans,NA,7339
2,Trans,NA,7370
2,Trans,NA,7398
2,Trans,NA,7399
2,Trans,NA,7417
2,Trans,NA,7419
2,Trans,NA,7420
2,Trans,NA,7454
2,Trans,NA,7503
2,Trans,NA,7665
2,Trans,NA,7765
2,Trans,NA,7833
2,Trans,NA,7858
2,Trans,NA,7900
2,Trans,NA,7901
2,Trans,NA,7945
2,Trans,NA,8031
2,Trans,NA,8122
2,Trans,NA,8159
2,Trans,NA,8360
2,Trans,NA,8362
2,Trans,NA,8399
2,Trans,NA,8514
2,Trans,NA,8582
2,Trans,NA,8675
2,Trans,NA,8674
2,Trans,NA,8707
2,Trans,NA,9005
2,Trans,NA,9006
2,Trans,NA,9389
2,Trans,NA,9387
2,Trans,NA,9571
2,Trans,NA,9678
2,Trans,NA,9677
2,Trans,NA,9654
2,Trans,NA,9477
2,End,NA,9313
1,Taxi,NA,6024
1,Trans,NA,4290
1,Trans,NA,4338
1,Trans,NA,4339
1,Trans,NA,4355
1,Trans,NA,4340
1,Trans,NA,4480
1,Trans,NA,4463
1,Trans,NA,4455
1,Trans,NA,4452
1,Trans,NA,4428
1,Trans,NA,4425
1,Trans,NA,4409
1,Trans,NA,4413
1,Trans,NA,4448
1,Trans,NA,4449
1,Trans,NA,4947
1,Trans,NA,5152
1,Trans,NA,5347
1,Trans,NA,5407
1,Trans,NA,5433
1,Trans,NA,5474
1,Trans,NA,5529
1,Trans,NA,5528
1,Trans,NA,5693
1,Trans,NA,5692
1,Trans,NA,5757
1,Trans,NA,5925
1,Trans,NA,6022
1,Start,2,6024
1,Trans,NA,6022
1,Trans,NA,5925
1,Trans,NA,5757
1,Trans,NA,5752
1,Trans,NA,5823
1,Trans,NA,5786
1,Trans,NA,6048
1,Trans,NA,6268
1,Trans,NA,6480
1,Trans,NA,6624
1,Trans,NA,6625
1,Trans,NA,6984
1,Trans,NA,6958
1,Trans,NA,6953
1,Trans,NA,6896
1,Trans,NA,6949
1,Trans,NA,7028
1,Trans,NA,7029
1,Trans,NA,7013
1,Trans,NA,7106
1,Trans,NA,7103
1,Trans,NA,7102
1,End,NA,7047
3,Taxi,NA,4088
3,Trans,NA,1215
3,Trans,NA,1231
3,Trans,NA,1233
3,Trans,NA,1259
3,Trans,NA,1307
3,Trans,NA,1370
3,Trans,NA,1456
3,Trans,NA,1619
3,Trans,NA,1620
3,Trans,NA,1765
3,Trans,NA,1918
3,Trans,NA,1926
3,Trans,NA,1949
3,Trans,NA,1950
3,Trans,NA,2028
3,Trans,NA,2076
3,Trans,NA,2144
3,Trans,NA,2143
3,Trans,NA,2049
3,Trans,NA,2481
3,Trans,NA,2561
3,Trans,NA,2636
3,Trans,NA,2637
3,Trans,NA,2942
3,Trans,NA,2943
3,Trans,NA,2974
3,Trans,NA,3146
3,Trans,NA,3216
3,Trans,NA,3379
3,Trans,NA,3442
3,Trans,NA,3519
3,Trans,NA,3520
3,Trans,NA,3583
3,Trans,NA,3802
3,Trans,NA,3897
3,Trans,NA,3896
3,Trans,NA,3975
3,Trans,NA,4018
3,Trans,NA,4082
3,Start,2,4067
3,Trans,NA,4066
3,Trans,NA,4069
3,Trans,NA,4183
3,Trans,NA,4200
3,Trans,NA,4199
3,Trans,NA,4403
3,Trans,NA,4374
3,Trans,NA,4375
3,Trans,NA,4326
3,Trans,NA,4324
3,Trans,NA,4322
3,Trans,NA,4704
3,Trans,NA,4730
3,Trans,NA,4844
3,Trans,NA,5148
3,Trans,NA,5316
3,Trans,NA,5527
3,Trans,NA,5600
3,Trans,NA,5601
3,Trans,NA,5695
3,Trans,NA,5709
3,Trans,NA,5756
3,Trans,NA,5817
3,Trans,NA,5818
3,Trans,NA,5908
3,Trans,NA,6255
3,Trans,NA,6254
3,Trans,NA,6612
3,Trans,NA,7030
3,Trans,NA,6867
3,Trans,NA,6602
3,Trans,NA,6785
3,Trans,NA,6786
3,Trans,NA,6924
3,Trans,NA,6925
3,Trans,NA,6715
3,Trans,NA,6643
3,Trans,NA,6537
3,Trans,NA,6505
3,Trans,NA,6483
3,Trans,NA,6428
3,Trans,NA,6427
3,Trans,NA,6599
3,Trans,NA,6703
3,Trans,NA,6704
3,Trans,NA,6980
3,Trans,NA,6979
3,Trans,NA,7231
3,Trans,NA,7355
3,Trans,NA,7453
3,Trans,NA,7475
3,Trans,NA,7840
3,Trans,NA,7839
3,Trans,NA,7935
3,Trans,NA,7997
3,Trans,NA,8103
3,Trans,NA,8188
3,Trans,NA,8331
3,Trans,NA,8378
3,Trans,NA,8434
3,Trans,NA,8494
3,Trans,NA,8513
3,Trans,NA,8679
3,Trans,NA,8724
3,Trans,NA,8776
3,Trans,NA,8766
3,Trans,NA,8765
3,Trans,NA,8762
3,Trans,NA,8761
3,Trans,NA,8756
3,Trans,NA,8655
3,Trans,NA,8657
3,Trans,NA,8627
3,Trans,NA,8628
3,Trans,NA,8585
3,Trans,NA,8584
3,Trans,NA,9094
3,Trans,NA,9411
3,Trans,NA,9413
3,Trans,NA,9364
3,Trans,NA,9427
3,Trans,NA,9467
3,Trans,NA,9569
3,Trans,NA,9598
3,Trans,NA,9696
3,Trans,NA,9697
3,Trans,NA,9758
3,Trans,NA,9947
3,Trans,NA,9992
3,Trans,NA,10077
3,Trans,NA,10156
3,Trans,NA,10157
3,Trans,NA,10278
3,Trans,NA,10277
3,Trans,NA,10267
3,Trans,NA,10283
3,Trans,NA,10319
3,Trans,NA,10320
3,Trans,NA,10354
3,Trans,NA,10360
3,Trans,NA,10394
3,Trans,NA,10463
3,Trans,NA,10464
3,Trans,NA,10503
3,Trans,NA,10577
3,Trans,NA,10645
3,Trans,NA,10715
3,Trans,NA,10802
3,Trans,NA,10849
3,Trans,NA,10924
3,Trans,NA,10925
3,Trans,NA,10890
3,End,NA,10889
10,Taxi,NA,4974
10,Trans,NA,5244
10,Trans,NA,5043
10,Start,4,4973
10,Trans,NA,4953
10,Trans,NA,4952
10,Trans,NA,5083
10,Trans,NA,5318
10,Trans,NA,5317
10,Trans,NA,5330
10,Trans,NA,5542
10,Trans,NA,5414
10,Trans,NA,5412
10,Trans,NA,5345
10,Trans,NA,5174
10,Trans,NA,4886
10,Trans,NA,4701
10,Trans,NA,4596
10,Trans,NA,4630
10,Trans,NA,4631
10,Trans,NA,4795
10,Trans,NA,4905
10,Trans,NA,4961
10,Trans,NA,4962
10,Trans,NA,4991
10,Trans,NA,5008
10,Trans,NA,5007
10,Trans,NA,4882
10,Trans,NA,4698
10,Trans,NA,4697
10,Trans,NA,4499
10,Trans,NA,4500
10,Trans,NA,4491
10,Trans,NA,4415
10,Trans,NA,4433
10,Trans,NA,4419
10,Trans,NA,4420
10,Trans,NA,4468
10,End,NA,4506
8,Taxi,NA,9584
8,Trans,NA,8281
8,Trans,NA,8282
8,Trans,NA,8327
8,Trans,NA,8326
8,Trans,NA,8385
8,Trans,NA,8483
8,Trans,NA,8673
8,Trans,NA,8750
8,Trans,NA,8748
8,Trans,NA,9067
8,Trans,NA,9257
8,Trans,NA,9363
8,Trans,NA,9413
8,Trans,NA,9412
8,Trans,NA,9394
8,Trans,NA,9462
8,Trans,NA,9502
8,Trans,NA,9501
8,Trans,NA,9518
8,Trans,NA,9547
8,Trans,NA,9565
8,Trans,NA,9582
8,Start,6,9584
8,Trans,NA,9582
8,Trans,NA,9565
8,Trans,NA,9547
8,Trans,NA,9518
8,Trans,NA,9501
8,Trans,NA,9502
8,Trans,NA,9462
8,Trans,NA,9394
8,Trans,NA,9412
8,Trans,NA,9413
8,Trans,NA,9364
8,Trans,NA,9427
8,Trans,NA,9467
8,Trans,NA,9569
8,Trans,NA,9598
8,Trans,NA,9696
8,Trans,NA,9697
8,Trans,NA,9758
8,Trans,NA,9937
8,Trans,NA,9957
8,Trans,NA,10058
8,Trans,NA,10057
8,Trans,NA,10188
8,Trans,NA,10190
8,Trans,NA,10191
8,Trans,NA,10232
8,Trans,NA,10231
8,Trans,NA,10230
8,Trans,NA,10234
8,Trans,NA,10228
8,Trans,NA,10220
8,Trans,NA,10245
8,Trans,NA,10296
8,Trans,NA,10324
8,Trans,NA,10380
8,Trans,NA,10398
8,Trans,NA,10406
8,Trans,NA,10405
8,Trans,NA,10495
8,Trans,NA,10497
8,Trans,NA,10551
8,Trans,NA,10552
8,Trans,NA,10557
8,Trans,NA,10515
8,End,NA,10454
5,Taxi,NA,3294
5,Trans,NA,2549
5,Trans,NA,2613
5,Trans,NA,2619
5,Trans,NA,2598
5,Trans,NA,2532
5,Trans,NA,2499
5,Trans,NA,2528
5,Trans,NA,2480
5,Trans,NA,2479
5,Trans,NA,2442
5,Trans,NA,2475
5,Trans,NA,2736
5,Trans,NA,2792
5,Trans,NA,2938
5,Trans,NA,2952
5,Trans,NA,3098
5,Trans,NA,3099
5,Trans,NA,3182
5,Trans,NA,3203
5,Trans,NA,3202
5,Trans,NA,3248
5,Start,7,3294
5,Trans,NA,3333
5,Trans,NA,3334
5,Trans,NA,3478
5,Trans,NA,3475
5,Trans,NA,3521
5,Trans,NA,3564
5,Trans,NA,3776
5,Trans,NA,3856
5,Trans,NA,3893
5,Trans,NA,3892
5,Trans,NA,3873
5,Trans,NA,3865
5,Trans,NA,3855
5,Trans,NA,4008
5,Trans,NA,4073
5,Trans,NA,4225
5,Trans,NA,4285
5,Trans,NA,4492
5,Trans,NA,4500
5,Trans,NA,4499
5,Trans,NA,4697
5,Trans,NA,4698
5,Trans,NA,4882
5,Trans,NA,5007
5,Trans,NA,5008
5,Trans,NA,4991
5,Trans,NA,4962
5,Trans,NA,4961
5,Trans,NA,4905
5,Trans,NA,4795
5,Trans,NA,4631
5,Trans,NA,4630
5,Trans,NA,4596
5,Trans,NA,4701
5,Trans,NA,4886
5,Trans,NA,5275
5,Trans,NA,5491
5,Trans,NA,5876
5,Trans,NA,6061
5,Trans,NA,6548
5,Trans,NA,7164
5,Trans,NA,7165
5,Trans,NA,7469
5,Trans,NA,7746
5,Trans,NA,7980
5,Trans,NA,8139
5,Trans,NA,8377
5,Trans,NA,8594
5,Trans,NA,8732
5,Trans,NA,8862
5,Trans,NA,9141
5,Trans,NA,9142
5,Trans,NA,9322
5,Trans,NA,9494
5,Trans,NA,9575
5,Trans,NA,9606
5,Trans,NA,9607
5,Trans,NA,9699
5,Trans,NA,10090
5,Trans,NA,10166
5,Trans,NA,10246
5,Trans,NA,10245
5,Trans,NA,10296
5,Trans,NA,10324
5,Trans,NA,10523
5,Trans,NA,10486
5,Trans,NA,10487
5,Trans,NA,10548
5,Trans,NA,10549
5,Trans,NA,10637
5,Trans,NA,10636
5,Trans,NA,10671
5,End,NA,10794
6,Taxi,NA,4034
6,Trans,NA,3340
6,Trans,NA,3400
6,Trans,NA,3470
6,Trans,NA,3450
6,Trans,NA,3370
6,Trans,NA,3369
6,Trans,NA,3436
6,Trans,NA,3550
6,Trans,NA,3623
6,Trans,NA,3624
6,Trans,NA,3951
6,Trans,NA,3999
6,Trans,NA,4022
6,Trans,NA,4023
6,Trans,NA,4090
6,Trans,NA,4164
6,Trans,NA,4207
6,Trans,NA,4206
6,Trans,NA,4180
6,Trans,NA,4138
6,Trans,NA,4097
6,Trans,NA,4096
6,Trans,NA,4028
6,Trans,NA,4027
6,Start,7,4109
6,Trans,NA,4163
6,Trans,NA,4222
6,Trans,NA,4309
6,Trans,NA,4310
6,Trans,NA,4357
6,Trans,NA,4382
6,Trans,NA,4383
6,Trans,NA,4451
6,Trans,NA,4593
6,Trans,NA,4594
6,Trans,NA,4668
6,Trans,NA,4731
6,Trans,NA,4720
6,Trans,NA,4707
6,Trans,NA,4710
6,Trans,NA,4709
6,Trans,NA,4745
6,Trans,NA,4797
6,Trans,NA,4938
6,Trans,NA,5078
6,Trans,NA,5086
6,Trans,NA,5087
6,Trans,NA,5196
6,Trans,NA,5195
6,Trans,NA,5112
6,Trans,NA,5079
6,Trans,NA,4890
6,Trans,NA,4865
6,Trans,NA,4864
6,Trans,NA,4576
6,Trans,NA,4536
6,Trans,NA,4498
6,Trans,NA,4479
6,Trans,NA,4463
6,Trans,NA,4455
6,Trans,NA,4452
6,Trans,NA,4428
6,Trans,NA,4425
6,Trans,NA,4409
6,Trans,NA,4413
6,Trans,NA,4448
6,Trans,NA,4449
6,Trans,NA,4947
6,Trans,NA,5152
6,Trans,NA,5347
6,Trans,NA,5348
6,Trans,NA,6048
6,Trans,NA,6268
6,Trans,NA,6480
6,Trans,NA,6624
6,Trans,NA,6625
6,Trans,NA,6984
6,Trans,NA,6958
6,Trans,NA,6953
6,Trans,NA,6896
6,Trans,NA,6949
6,Trans,NA,7028
6,Trans,NA,7027
6,Trans,NA,7161
6,Trans,NA,7299
6,Trans,NA,7298
6,Trans,NA,7387
6,Trans,NA,7382
6,Trans,NA,7420
6,Trans,NA,7454
6,Trans,NA,7503
6,Trans,NA,7665
6,Trans,NA,7765
6,Trans,NA,7833
6,Trans,NA,7858
6,Trans,NA,7900
6,Trans,NA,7901
6,Trans,NA,7945
6,Trans,NA,8031
6,Trans,NA,8122
6,Trans,NA,8158
6,Trans,NA,8092
6,Trans,NA,8065
6,Trans,NA,8042
6,Trans,NA,8000
6,Trans,NA,7947
6,Trans,NA,7916
6,Trans,NA,7871
6,Trans,NA,7829
6,Trans,NA,7830
6,End,NA,7774
11,Taxi,NA,10037
11,Trans,NA,8918
11,Trans,NA,8996
11,Trans,NA,9065
11,Trans,NA,9120
11,Trans,NA,9119
11,Trans,NA,9144
11,Trans,NA,9205
11,Trans,NA,9254
11,Trans,NA,9289
11,Trans,NA,9299
11,Trans,NA,9335
11,Trans,NA,9366
11,Trans,NA,9379
11,Trans,NA,9437
11,Trans,NA,9447
11,Trans,NA,9538
11,Trans,NA,9557
11,Trans,NA,9653
11,Trans,NA,9750
11,Trans,NA,9898
11,Trans,NA,9897
11,Trans,NA,10012
11,Start,8,10037
11,Trans,NA,10012
11,Trans,NA,9897
11,Trans,NA,9898
11,Trans,NA,9750
11,Trans,NA,9653
11,Trans,NA,9592
11,Trans,NA,9550
11,Trans,NA,9548
11,Trans,NA,9503
11,Trans,NA,9505
11,Trans,NA,9472
11,Trans,NA,9441
11,Trans,NA,9432
11,Trans,NA,9425
11,Trans,NA,9426
11,Trans,NA,9403
11,Trans,NA,9377
11,Trans,NA,9295
11,Trans,NA,9202
11,Trans,NA,9203
11,Trans,NA,9053
11,Trans,NA,9052
11,Trans,NA,8913
11,Trans,NA,8863
11,Trans,NA,8800
11,Trans,NA,8754
11,Trans,NA,8756
11,Trans,NA,8655
11,Trans,NA,8657
11,Trans,NA,8627
11,Trans,NA,8628
11,Trans,NA,8585
11,Trans,NA,8584
11,Trans,NA,9094
11,Trans,NA,9411
11,Trans,NA,9413
11,Trans,NA,9364
11,Trans,NA,9427
11,Trans,NA,9467
11,Trans,NA,9569
11,Trans,NA,9598
11,Trans,NA,9696
11,Trans,NA,9697
11,Trans,NA,9758
11,Trans,NA,9937
11,Trans,NA,9957
11,Trans,NA,10058
11,Trans,NA,10057
11,Trans,NA,10188
11,Trans,NA,10190
11,Trans,NA,10191
11,Trans,NA,10232
11,Trans,NA,10231
11,Trans,NA,10230
11,Trans,NA,10234
11,Trans,NA,10228
11,Trans,NA,10220
11,Trans,NA,10246
11,Trans,NA,10166
11,Trans,NA,10090
11,Trans,NA,9699
11,Trans,NA,9646
11,Trans,NA,9647
11,Trans,NA,9572
11,Trans,NA,9419
11,Trans,NA,9418
11,Trans,NA,9351
11,Trans,NA,9290
11,Trans,NA,9131
11,Trans,NA,8976
11,Trans,NA,8943
11,End,NA,8940
1,Taxi,NA,8193
1,Trans,NA,7047
1,Trans,NA,7102
1,Trans,NA,7103
1,Trans,NA,7106
1,Trans,NA,7013
1,Trans,NA,7029
1,Trans,NA,7027
1,Trans,NA,7161
1,Trans,NA,7299
1,Trans,NA,7298
1,Trans,NA,7422
1,Trans,NA,7417
1,Trans,NA,7702
1,Trans,NA,7861
1,Trans,NA,7886
1,Trans,NA,7887
1,Trans,NA,7918
1,Trans,NA,8125
1,Trans,NA,8200
1,Trans,NA,8198
1,Start,11,8193
1,Trans,NA,8198
1,Trans,NA,8199
1,Trans,NA,8345
1,Trans,NA,8385
1,Trans,NA,8483
1,Trans,NA,8673
1,Trans,NA,8750
1,Trans,NA,8748
1,Trans,NA,9067
1,Trans,NA,9257
1,Trans,NA,9363
1,Trans,NA,9413
1,Trans,NA,9412
1,Trans,NA,9394
1,Trans,NA,9462
1,Trans,NA,9502
1,Trans,NA,9501
1,Trans,NA,9518
1,Trans,NA,9547
1,Trans,NA,9565
1,Trans,NA,9582
1,Trans,NA,9583
1,Trans,NA,9621
1,Trans,NA,9668
1,Trans,NA,9701
1,Trans,NA,9725
1,Trans,NA,9726
1,Trans,NA,9782
1,Trans,NA,9839
1,Trans,NA,9854
1,Trans,NA,9890
1,Trans,NA,9891
1,Trans,NA,9862
1,Trans,NA,9863
1,Trans,NA,9893
1,Trans,NA,9936
1,Trans,NA,9959
1,Trans,NA,9938
1,Trans,NA,9953
1,Trans,NA,9961
1,Trans,NA,9931
1,Trans,NA,9929
1,End,NA,9914
4,Taxi,NA,13
4,Trans,NA,101
4,Trans,NA,69
4,Trans,NA,55
4,Trans,NA,40
4,Trans,NA,32
4,Trans,NA,29
4,Trans,NA,17
4,Start,13,13
4,Trans,NA,17
4,Trans,NA,29
4,Trans,NA,32
4,Trans,NA,40
4,Trans,NA,39
4,Trans,NA,28
4,Trans,NA,14
4,Trans,NA,23
4,Trans,NA,36
4,Trans,NA,52
4,Trans,NA,58
4,Trans,NA,63
4,Trans,NA,64
4,Trans,NA,104
4,Trans,NA,132
4,Trans,NA,133
4,Trans,NA,182
4,Trans,NA,181
4,Trans,NA,162
4,Trans,NA,204
4,Trans,NA,203
4,Trans,NA,232
4,Trans,NA,233
4,Trans,NA,252
4,Trans,NA,262
4,Trans,NA,270
4,Trans,NA,274
4,Trans,NA,289
4,Trans,NA,297
4,Trans,NA,310
4,Trans,NA,322
4,Trans,NA,332
4,Trans,NA,341
4,Trans,NA,384
4,Trans,NA,425
4,Trans,NA,424
4,Trans,NA,449
4,Trans,NA,471
4,Trans,NA,505
4,Trans,NA,523
4,Trans,NA,551
4,Trans,NA,582
4,Trans,NA,619
4,Trans,NA,757
4,Trans,NA,756
4,Trans,NA,838
4,Trans,NA,837
4,Trans,NA,856
4,Trans,NA,1007
4,Trans,NA,1006
4,Trans,NA,1001
4,Trans,NA,1025
4,Trans,NA,1040
4,Trans,NA,1041
4,Trans,NA,1052
4,Trans,NA,1084
4,Trans,NA,1116
4,Trans,NA,1153
4,Trans,NA,1164
4,Trans,NA,1166
4,Trans,NA,1175
4,Trans,NA,1179
4,Trans,NA,1185
4,Trans,NA,1189
4,Trans,NA,1197
4,Trans,NA,1203
4,Trans,NA,1208
4,Trans,NA,1216
4,Trans,NA,1312
4,Trans,NA,1310
4,Trans,NA,1381
4,Trans,NA,1394
4,Trans,NA,1451
4,Trans,NA,1568
4,Trans,NA,1567
4,Trans,NA,1655
4,Trans,NA,1722
4,Trans,NA,1795
4,Trans,NA,1865
4,Trans,NA,1909
4,Trans,NA,1947
4,Trans,NA,1946
4,Trans,NA,2049
4,Trans,NA,2481
4,Trans,NA,2561
4,Trans,NA,2636
4,Trans,NA,2637
4,Trans,NA,2942
4,Trans,NA,2943
4,Trans,NA,2974
4,Trans,NA,3146
4,Trans,NA,3216
4,Trans,NA,3379
4,Trans,NA,3378
4,Trans,NA,3821
4,Trans,NA,3960
4,Trans,NA,4070
4,Trans,NA,4185
4,Trans,NA,4323
4,Trans,NA,4322
4,Trans,NA,4704
4,Trans,NA,4730
4,Trans,NA,4844
4,Trans,NA,5148
4,Trans,NA,5316
4,Trans,NA,5527
4,Trans,NA,5600
4,Trans,NA,5601
4,Trans,NA,5695
4,Trans,NA,5709
4,Trans,NA,5756
4,Trans,NA,5817
4,Trans,NA,5818
4,Trans,NA,5908
4,Trans,NA,6255
4,Trans,NA,6254
4,Trans,NA,6612
4,Trans,NA,7030
4,Trans,NA,6867
4,Trans,NA,6602
4,Trans,NA,6785
4,Trans,NA,6786
4,Trans,NA,6924
4,Trans,NA,6925
4,Trans,NA,6715
4,Trans,NA,6642
4,Trans,NA,6557
4,Trans,NA,6637
4,Trans,NA,6732
4,Trans,NA,6781
4,Trans,NA,6828
4,End,NA,6870
9,Taxi,NA,8969
9,Trans,NA,7004
9,Trans,NA,7035
9,Trans,NA,7072
9,Trans,NA,6657
9,Trans,NA,6663
9,Trans,NA,6668
9,Trans,NA,6669
9,Trans,NA,6670
9,Trans,NA,6683
9,Trans,NA,6733
9,Trans,NA,6751
9,Trans,NA,6847
9,Trans,NA,6784
9,Trans,NA,6708
9,Trans,NA,6631
9,Trans,NA,6571
9,Trans,NA,6573
9,Trans,NA,6990
9,Trans,NA,7110
9,Trans,NA,7157
9,Trans,NA,7207
9,Trans,NA,7266
9,Trans,NA,7265
9,Trans,NA,7406
9,Trans,NA,7407
9,Trans,NA,7371
9,Trans,NA,7504
9,Trans,NA,7454
9,Trans,NA,7420
9,Trans,NA,7419
9,Trans,NA,7417
9,Trans,NA,7702
9,Trans,NA,7861
9,Trans,NA,7886
9,Trans,NA,7887
9,Trans,NA,7917
9,Trans,NA,7941
9,Trans,NA,8020
9,Trans,NA,8037
9,Trans,NA,8036
9,Trans,NA,8054
9,Trans,NA,8079
9,Trans,NA,8080
9,Trans,NA,8587
9,Trans,NA,8585
9,Trans,NA,8628
9,Trans,NA,8627
9,Trans,NA,8657
9,Trans,NA,8655
9,Trans,NA,8756
9,Trans,NA,8761
9,Trans,NA,8762
9,Trans,NA,8765
9,Trans,NA,8766
9,Trans,NA,8883
9,Start,17,8969
9,Trans,NA,8883
9,Trans,NA,8766
9,Trans,NA,8765
9,Trans,NA,8762
9,Trans,NA,8761
9,Trans,NA,8756
9,Trans,NA,8655
9,Trans,NA,8657
9,Trans,NA,8627
9,Trans,NA,8628
9,Trans,NA,8585
9,Trans,NA,8584
9,Trans,NA,9094
9,Trans,NA,9411
9,Trans,NA,9413
9,Trans,NA,9364
9,Trans,NA,9427
9,Trans,NA,9467
9,Trans,NA,9569
9,Trans,NA,9598
9,Trans,NA,9696
9,Trans,NA,9697
9,Trans,NA,9758
9,Trans,NA,9937
9,Trans,NA,9957
9,Trans,NA,10058
9,Trans,NA,10057
9,Trans,NA,10188
9,Trans,NA,10190
9,Trans,NA,10191
9,Trans,NA,10232
9,Trans,NA,10231
9,Trans,NA,10230
9,Trans,NA,10234
9,Trans,NA,10228
9,Trans,NA,10220
9,Trans,NA,10262
9,Trans,NA,10263
9,Trans,NA,10067
9,Trans,NA,10068
9,Trans,NA,9955
9,Trans,NA,9954
9,Trans,NA,9732
9,Trans,NA,9673
9,Trans,NA,9616
9,End,NA,9579
5,Taxi,NA,10362
5,Trans,NA,10814
5,Trans,NA,10815
5,Trans,NA,10823
5,Trans,NA,10824
5,Trans,NA,10874
5,Trans,NA,10875
5,Trans,NA,10923
5,Trans,NA,10924
5,Trans,NA,10849
5,Trans,NA,10803
5,Trans,NA,10723
5,Trans,NA,10626
5,Trans,NA,10699
5,Trans,NA,10700
5,Trans,NA,10753
5,Trans,NA,10612
5,Trans,NA,10556
5,Trans,NA,10533
5,Trans,NA,10438
5,Trans,NA,10439
5,Trans,NA,10391
5,Trans,NA,10349
5,Trans,NA,10327
5,Trans,NA,10330
5,Trans,NA,10333
5,Trans,NA,10334
5,Trans,NA,10269
5,Trans,NA,10297
5,Trans,NA,10312
5,Trans,NA,10345
5,Trans,NA,10366
5,Trans,NA,10365
5,Trans,NA,10364
5,Trans,NA,10363
5,Start,19,10362
5,Trans,NA,10363
5,Trans,NA,10364
5,Trans,NA,10365
5,Trans,NA,10366
5,Trans,NA,10345
5,Trans,NA,10312
5,Trans,NA,10297
5,Trans,NA,10269
5,Trans,NA,10260
5,Trans,NA,10201
5,Trans,NA,10174
5,Trans,NA,10103
5,Trans,NA,10070
5,Trans,NA,10078
5,Trans,NA,10077
5,Trans,NA,9992
5,Trans,NA,9947
5,Trans,NA,9758
5,Trans,NA,9697
5,Trans,NA,9696
5,Trans,NA,9598
5,Trans,NA,9569
5,Trans,NA,9407
5,Trans,NA,9308
5,Trans,NA,9363
5,Trans,NA,9413
5,Trans,NA,9411
5,Trans,NA,9094
5,Trans,NA,8584
5,Trans,NA,8587
5,Trans,NA,8080
5,Trans,NA,8079
5,Trans,NA,8054
5,Trans,NA,8036
5,Trans,NA,8037
5,Trans,NA,8020
5,Trans,NA,7941
5,Trans,NA,7917
5,Trans,NA,7887
5,Trans,NA,7886
5,Trans,NA,7861
5,Trans,NA,7702
5,Trans,NA,7417
5,Trans,NA,7422
5,Trans,NA,7298
5,Trans,NA,7299
5,Trans,NA,7161
5,Trans,NA,7027
5,Trans,NA,7028
5,Trans,NA,6949
5,Trans,NA,6896
5,Trans,NA,6953
5,Trans,NA,6958
5,Trans,NA,6984
5,Trans,NA,6625
5,Trans,NA,6624
5,Trans,NA,6480
5,Trans,NA,6268
5,Trans,NA,6048
5,Trans,NA,5348
5,Trans,NA,5347
5,Trans,NA,5152
5,Trans,NA,4947
5,Trans,NA,4538
5,Trans,NA,4362
5,Trans,NA,4235
5,Trans,NA,4173
5,Trans,NA,4155
5,Trans,NA,4025
5,Trans,NA,3804
5,Trans,NA,3640
5,Trans,NA,3491
5,Trans,NA,3385
5,Trans,NA,3314
5,Trans,NA,3001
5,Trans,NA,2887
5,Trans,NA,2576
5,Trans,NA,2523
5,Trans,NA,2484
5,Trans,NA,2455
5,Trans,NA,2489
5,Trans,NA,2465
5,Trans,NA,2463
5,Trans,NA,2458
5,Trans,NA,2312
5,Trans,NA,2311
5,Trans,NA,2256
5,Trans,NA,2252
5,Trans,NA,2277
5,Trans,NA,2278
5,Trans,NA,2175
5,Trans,NA,2099
5,Trans,NA,2098
5,Trans,NA,2002
5,Trans,NA,1950
5,Trans,NA,1949
5,Trans,NA,1926
5,Trans,NA,1918
5,Trans,NA,1765
5,Trans,NA,1620
5,Trans,NA,1619
5,Trans,NA,1456
5,Trans,NA,1370
5,Trans,NA,1307
5,Trans,NA,1259
5,Trans,NA,1233
5,Trans,NA,1231
5,Trans,NA,1215
5,End,NA,1222
14,Taxi,NA,5743
14,Trans,NA,5001
14,Trans,NA,5002
14,Trans,NA,5225
14,Trans,NA,5310
14,Trans,NA,5309
14,Trans,NA,5222
14,Trans,NA,5351
14,Trans,NA,5426
14,Trans,NA,5425
14,Trans,NA,5498
14,Trans,NA,5578
14,Trans,NA,5609
14,Trans,NA,5608
14,Trans,NA,5739
14,Trans,NA,5738
14,Trans,NA,5852
14,Trans,NA,5851
14,Trans,NA,6255
14,Start,24,5743
14,Trans,NA,6254
14,Trans,NA,6612
14,Trans,NA,7030
14,Trans,NA,6867
14,Trans,NA,6602
14,Trans,NA,6785
14,Trans,NA,6786
14,Trans,NA,6924
14,Trans,NA,6925
14,Trans,NA,6715
14,Trans,NA,6643
14,Trans,NA,6537
14,Trans,NA,6505
14,Trans,NA,6483
14,Trans,NA,6428
14,Trans,NA,6427
14,Trans,NA,6599
14,Trans,NA,6703
14,Trans,NA,6704
14,Trans,NA,6980
14,Trans,NA,6979
14,Trans,NA,7231
14,Trans,NA,7232
14,Trans,NA,7191
14,Trans,NA,7125
14,Trans,NA,7077
14,Trans,NA,7080
14,Trans,NA,7039
14,Trans,NA,7014
14,Trans,NA,6995
14,Trans,NA,6996
14,Trans,NA,6956
14,Trans,NA,6997
14,Trans,NA,7090
14,Trans,NA,7163
14,Trans,NA,7196
14,Trans,NA,7194
14,Trans,NA,7270
14,Trans,NA,7198
14,Trans,NA,7254
14,Trans,NA,7375
14,Trans,NA,7374
14,Trans,NA,7292
14,Trans,NA,7291
14,Trans,NA,7338
14,Trans,NA,7339
14,Trans,NA,7389
14,Trans,NA,7388
14,Trans,NA,7443
14,Trans,NA,7465
14,Trans,NA,7552
14,Trans,NA,7634
14,Trans,NA,7723
14,Trans,NA,7722
14,Trans,NA,7769
14,Trans,NA,7886
14,Trans,NA,7943
14,Trans,NA,7985
14,Trans,NA,7984
14,Trans,NA,8035
14,Trans,NA,8164
14,Trans,NA,8163
14,Trans,NA,8273
14,Trans,NA,8373
14,Trans,NA,8292
14,Trans,NA,8465
14,Trans,NA,8623
14,Trans,NA,8573
14,Trans,NA,8527
14,End,NA,8526
3,Taxi,NA,10354
3,Trans,NA,10889
3,Trans,NA,10890
3,Trans,NA,10925
3,Trans,NA,10924
3,Trans,NA,10849
3,Trans,NA,10802
3,Trans,NA,10715
3,Trans,NA,10645
3,Trans,NA,10577
3,Trans,NA,10503
3,Trans,NA,10464
3,Trans,NA,10463
3,Trans,NA,10394
3,Trans,NA,10360
3,Start,25,10354
3,Trans,NA,10360
3,Trans,NA,10394
3,Trans,NA,10421
3,Trans,NA,10407
3,Trans,NA,10402
3,Trans,NA,10401
3,Trans,NA,10389
3,Trans,NA,10390
3,Trans,NA,10342
3,Trans,NA,10341
3,Trans,NA,10287
3,Trans,NA,10288
3,Trans,NA,10256
3,Trans,NA,10231
3,Trans,NA,10230
3,Trans,NA,10234
3,Trans,NA,10228
3,Trans,NA,10187
3,Trans,NA,10186
3,Trans,NA,10106
3,Trans,NA,10107
3,Trans,NA,10054
3,Trans,NA,10014
3,Trans,NA,9999
3,Trans,NA,9998
3,Trans,NA,9913
3,Trans,NA,9776
3,Trans,NA,9677
3,Trans,NA,9678
3,Trans,NA,9571
3,Trans,NA,9387
3,Trans,NA,9389
3,Trans,NA,9006
3,Trans,NA,9005
3,Trans,NA,8707
3,Trans,NA,8674
3,Trans,NA,8675
3,Trans,NA,8516
3,Trans,NA,8515
3,Trans,NA,8381
3,Trans,NA,8140
3,Trans,NA,7996
3,Trans,NA,7955
3,Trans,NA,7756
3,Trans,NA,7461
3,Trans,NA,7307
3,Trans,NA,7200
3,Trans,NA,7068
3,Trans,NA,7069
3,Trans,NA,6846
3,Trans,NA,6569
3,Trans,NA,6678
3,Trans,NA,6677
3,Trans,NA,6609
3,Trans,NA,6500
3,Trans,NA,6484
3,Trans,NA,6234
3,End,NA,6233
18,Taxi,NA,10452
18,Trans,NA,10720
18,Trans,NA,10799
18,Trans,NA,10839
18,Trans,NA,10875
18,Trans,NA,10923
18,Trans,NA,10924
18,Trans,NA,10849
18,Trans,NA,10803
18,Trans,NA,10723
18,Trans,NA,10626
18,Trans,NA,10699
18,Trans,NA,10700
18,Trans,NA,10753
18,Trans,NA,10612
18,Trans,NA,10556
18,Trans,NA,10533
18,Trans,NA,10438
18,Trans,NA,10439
18,Trans,NA,10453
18,Start,26,10395
18,Trans,NA,10396
18,Trans,NA,10348
18,Trans,NA,10334
18,Trans,NA,10260
18,Trans,NA,10201
18,Trans,NA,10174
18,Trans,NA,10103
18,Trans,NA,10070
18,Trans,NA,10078
18,Trans,NA,10077
18,Trans,NA,9992
18,Trans,NA,9947
18,Trans,NA,9758
18,Trans,NA,9697
18,Trans,NA,9696
18,Trans,NA,9598
18,Trans,NA,9569
18,Trans,NA,9407
18,Trans,NA,9308
18,Trans,NA,9363
18,Trans,NA,9413
18,Trans,NA,9411
18,Trans,NA,9094
18,Trans,NA,8584
18,Trans,NA,8585
18,Trans,NA,8628
18,Trans,NA,8627
18,Trans,NA,8657
18,Trans,NA,8655
18,Trans,NA,8756
18,Trans,NA,8761
18,Trans,NA,8762
18,Trans,NA,8765
18,Trans,NA,8766
18,Trans,NA,8776
18,Trans,NA,8724
18,Trans,NA,8679
18,Trans,NA,8513
18,Trans,NA,8494
18,Trans,NA,8434
18,Trans,NA,8378
18,Trans,NA,8331
18,Trans,NA,8188
18,Trans,NA,8103
18,Trans,NA,7997
18,Trans,NA,7935
18,Trans,NA,7839
18,Trans,NA,7840
18,Trans,NA,7475
18,Trans,NA,7453
18,Trans,NA,7355
18,Trans,NA,7231
18,Trans,NA,6979
18,Trans,NA,6980
18,Trans,NA,6704
18,Trans,NA,6703
18,Trans,NA,6599
18,Trans,NA,6427
18,Trans,NA,6428
18,Trans,NA,6483
18,Trans,NA,6505
18,Trans,NA,6537
18,Trans,NA,6643
18,Trans,NA,6715
18,Trans,NA,6925
18,Trans,NA,6924
18,Trans,NA,6786
18,Trans,NA,6785
18,Trans,NA,6602
18,Trans,NA,6867
18,Trans,NA,7030
18,Trans,NA,6612
18,Trans,NA,6254
18,Trans,NA,6255
18,Trans,NA,5908
18,Trans,NA,5818
18,Trans,NA,5817
18,Trans,NA,5756
18,Trans,NA,5709
18,Trans,NA,5695
18,Trans,NA,5601
18,Trans,NA,5600
18,Trans,NA,5527
18,Trans,NA,5316
18,Trans,NA,5148
18,Trans,NA,4844
18,Trans,NA,4730
18,Trans,NA,4704
18,Trans,NA,4322
18,Trans,NA,4323
18,Trans,NA,4185
18,Trans,NA,4070
18,Trans,NA,3960
18,Trans,NA,3821
18,Trans,NA,3378
18,Trans,NA,3415
18,Trans,NA,3626
18,Trans,NA,3760
18,Trans,NA,3761
18,Trans,NA,3882
18,End,NA,3847
7,Taxi,NA,8862
7,Trans,NA,1712
7,Trans,NA,1726
7,Trans,NA,1895
7,Trans,NA,1951
7,Trans,NA,2124
7,Trans,NA,2125
7,Trans,NA,2429
7,Trans,NA,2478
7,Trans,NA,2635
7,Trans,NA,2802
7,Trans,NA,2803
7,Trans,NA,2961
7,Trans,NA,3124
7,Trans,NA,3249
7,Trans,NA,3250
7,Trans,NA,3382
7,Trans,NA,3458
7,Trans,NA,3613
7,Trans,NA,3706
7,Trans,NA,3796
7,Trans,NA,3860
7,Trans,NA,3905
7,Trans,NA,3939
7,Trans,NA,4000
7,Trans,NA,4113
7,Trans,NA,4547
7,Trans,NA,4885
7,Trans,NA,5275
7,Trans,NA,5491
7,Trans,NA,5876
7,Trans,NA,6061
7,Trans,NA,6548
7,Trans,NA,7164
7,Trans,NA,7165
7,Trans,NA,7469
7,Trans,NA,7746
7,Trans,NA,7980
7,Trans,NA,8139
7,Trans,NA,8377
7,Trans,NA,8594
7,Trans,NA,8732
7,Start,26,8862
7,Trans,NA,8732
7,Trans,NA,8594
7,Trans,NA,8377
7,Trans,NA,8139
7,Trans,NA,7980
7,Trans,NA,7746
7,Trans,NA,7469
7,Trans,NA,7165
7,Trans,NA,7164
7,Trans,NA,6548
7,Trans,NA,6061
7,Trans,NA,5876
7,Trans,NA,5491
7,Trans,NA,5275
7,Trans,NA,4885
7,Trans,NA,4547
7,Trans,NA,4113
7,Trans,NA,4000
7,Trans,NA,3939
7,Trans,NA,3905
7,Trans,NA,3860
7,Trans,NA,3796
7,Trans,NA,3706
7,Trans,NA,3613
7,Trans,NA,3458
7,Trans,NA,3382
7,Trans,NA,3250
7,Trans,NA,3249
7,Trans,NA,3124
7,Trans,NA,2961
7,Trans,NA,2803
7,Trans,NA,2802
7,Trans,NA,2635
7,Trans,NA,2478
7,Trans,NA,2429
7,Trans,NA,2275
7,Trans,NA,2364
7,Trans,NA,2373
7,Trans,NA,2374
7,Trans,NA,2386
7,Trans,NA,2401
7,Trans,NA,2414
7,Trans,NA,2413
7,Trans,NA,2432
7,Trans,NA,2447
7,Trans,NA,2471
7,Trans,NA,2514
7,Trans,NA,2546
7,Trans,NA,2547
7,Trans,NA,2577
7,Trans,NA,2705
7,Trans,NA,2806
7,Trans,NA,2835
7,Trans,NA,3002
7,Trans,NA,3001
7,Trans,NA,2887
7,Trans,NA,2576
7,Trans,NA,2523
7,Trans,NA,2484
7,Trans,NA,2455
7,Trans,NA,2489
7,Trans,NA,2649
7,Trans,NA,2760
7,Trans,NA,2898
7,Trans,NA,2899
7,Trans,NA,2983
7,Trans,NA,3157
7,Trans,NA,3139
7,Trans,NA,3131
7,Trans,NA,3132
7,Trans,NA,3104
7,Trans,NA,3084
7,Trans,NA,3074
7,Trans,NA,3056
7,Trans,NA,3043
7,Trans,NA,3000
7,Trans,NA,2965
7,Trans,NA,2881
7,Trans,NA,2854
7,Trans,NA,2878
7,Trans,NA,2908
7,Trans,NA,2940
7,Trans,NA,2969
7,Trans,NA,3046
7,Trans,NA,3057
7,Trans,NA,3117
7,Trans,NA,3180
7,Trans,NA,3229
7,Trans,NA,3275
7,Trans,NA,3274
7,Trans,NA,3331
7,Trans,NA,3427
7,Trans,NA,3426
7,End,NA,3390
1,Taxi,NA,10139
1,Trans,NA,9914
1,Trans,NA,9929
1,Trans,NA,9931
1,Trans,NA,9979
1,Trans,NA,9980
1,Trans,NA,9930
1,Trans,NA,9850
1,Trans,NA,9851
1,Trans,NA,9833
1,Trans,NA,9806
1,Trans,NA,9818
1,Trans,NA,9783
1,Trans,NA,9751
1,Trans,NA,9898
1,Trans,NA,9897
1,Trans,NA,10013
1,Trans,NA,10059
1,Trans,NA,10127
1,Trans,NA,10126
1,Trans,NA,10099
1,Trans,NA,10071
1,Trans,NA,10063
1,Trans,NA,10055
1,Trans,NA,10082
1,Trans,NA,10102
1,Trans,NA,10101
1,Trans,NA,10128
1,Start,26,10139
1,Trans,NA,10128
1,Trans,NA,10101
1,Trans,NA,10102
1,Trans,NA,10082
1,Trans,NA,10055
1,Trans,NA,10063
1,Trans,NA,10071
1,Trans,NA,10099
1,Trans,NA,10126
1,Trans,NA,10127
1,Trans,NA,10059
1,Trans,NA,10013
1,Trans,NA,9897
1,Trans,NA,9898
1,Trans,NA,9750
1,Trans,NA,9653
1,Trans,NA,9592
1,Trans,NA,9550
1,Trans,NA,9548
1,Trans,NA,9503
1,Trans,NA,9505
1,Trans,NA,9472
1,Trans,NA,9441
1,Trans,NA,9432
1,Trans,NA,9425
1,Trans,NA,9426
1,Trans,NA,9403
1,Trans,NA,9377
1,Trans,NA,9295
1,Trans,NA,9202
1,Trans,NA,9203
1,Trans,NA,9053
1,Trans,NA,9052
1,Trans,NA,8913
1,Trans,NA,8863
1,Trans,NA,8800
1,Trans,NA,8754
1,Trans,NA,8756
1,Trans,NA,8655
1,Trans,NA,8657
1,Trans,NA,8627
1,Trans,NA,8628
1,Trans,NA,8585
1,Trans,NA,8587
1,Trans,NA,8080
1,Trans,NA,8079
1,Trans,NA,8054
1,Trans,NA,8036
1,Trans,NA,8037
1,Trans,NA,8020
1,Trans,NA,7941
1,Trans,NA,7917
1,Trans,NA,7887
1,Trans,NA,7886
1,Trans,NA,7861
1,Trans,NA,7702
1,Trans,NA,7417
1,Trans,NA,7422
1,Trans,NA,7298
1,Trans,NA,7299
1,Trans,NA,7161
1,Trans,NA,7027
1,Trans,NA,7028
1,Trans,NA,6949
1,Trans,NA,6896
1,Trans,NA,6953
1,Trans,NA,6958
1,Trans,NA,6984
1,Trans,NA,6625
1,Trans,NA,6624
1,Trans,NA,6480
1,Trans,NA,6268
1,Trans,NA,6048
1,Trans,NA,5348
1,Trans,NA,5347
1,Trans,NA,5152
1,Trans,NA,4947
1,Trans,NA,4538
1,Trans,NA,4362
1,Trans,NA,4235
1,Trans,NA,4173
1,Trans,NA,4155
1,Trans,NA,4025
1,Trans,NA,3804
1,Trans,NA,3641
1,Trans,NA,3416
1,Trans,NA,3349
1,Trans,NA,3287
1,Trans,NA,3260
1,Trans,NA,3272
1,Trans,NA,3273
1,Trans,NA,3280
1,Trans,NA,3299
1,Trans,NA,3341
1,Trans,NA,3354
1,Trans,NA,3430
1,Trans,NA,3424
1,Trans,NA,3404
1,Trans,NA,3403
1,Trans,NA,3399
1,Trans,NA,3467
1,Trans,NA,3466
1,End,NA,3677
8,Taxi,NA,10598
8,Trans,NA,10454
8,Trans,NA,10515
8,Trans,NA,10557
8,Trans,NA,10552
8,Trans,NA,10551
8,Trans,NA,10497
8,Trans,NA,10495
8,Trans,NA,10405
8,Trans,NA,10461
8,Trans,NA,10460
8,Trans,NA,10543
8,Trans,NA,10656
8,Trans,NA,10716
8,Trans,NA,10717
8,Trans,NA,10793
8,Trans,NA,10804
8,Trans,NA,10809
8,Trans,NA,10904
8,Trans,NA,10928
8,Trans,NA,10929
8,Trans,NA,10876
8,Trans,NA,10875
8,Trans,NA,10923
8,Trans,NA,10924
8,Trans,NA,10849
8,Trans,NA,10803
8,Trans,NA,10723
8,Trans,NA,10626
8,Trans,NA,10699
8,Trans,NA,10700
8,Trans,NA,10753
8,Trans,NA,10612
8,Trans,NA,10556
8,Trans,NA,10533
8,Trans,NA,10438
8,Trans,NA,10439
8,Trans,NA,10453
8,Trans,NA,10452
8,Trans,NA,10546
8,Trans,NA,10562
8,Trans,NA,10564
8,Trans,NA,10579
8,Start,27,10598
8,Trans,NA,10579
8,Trans,NA,10564
8,Trans,NA,10562
8,Trans,NA,10546
8,Trans,NA,10395
8,Trans,NA,10396
8,Trans,NA,10348
8,Trans,NA,10334
8,Trans,NA,10260
8,Trans,NA,10201
8,Trans,NA,10174
8,Trans,NA,10103
8,Trans,NA,10070
8,Trans,NA,10078
8,Trans,NA,10077
8,Trans,NA,9992
8,Trans,NA,9947
8,Trans,NA,9758
8,Trans,NA,9697
8,Trans,NA,9696
8,Trans,NA,9598
8,Trans,NA,9569
8,Trans,NA,9407
8,Trans,NA,9308
8,Trans,NA,9363
8,Trans,NA,9413
8,Trans,NA,9411
8,Trans,NA,9094
8,Trans,NA,8584
8,Trans,NA,8587
8,Trans,NA,8080
8,Trans,NA,8079
8,Trans,NA,8054
8,Trans,NA,8036
8,Trans,NA,8037
8,Trans,NA,8020
8,Trans,NA,7941
8,Trans,NA,7917
8,Trans,NA,7887
8,Trans,NA,7886
8,Trans,NA,7861
8,Trans,NA,7702
8,Trans,NA,7417
8,Trans,NA,7419
8,Trans,NA,7420
8,Trans,NA,7454
8,Trans,NA,7504
8,Trans,NA,7371
8,Trans,NA,7407
8,Trans,NA,7406
8,Trans,NA,7265
8,Trans,NA,7266
8,Trans,NA,7207
8,Trans,NA,7157
8,Trans,NA,7110
8,Trans,NA,6990
8,Trans,NA,6573
8,Trans,NA,6572
8,Trans,NA,6447
8,Trans,NA,6234
8,Trans,NA,6149
8,Trans,NA,6074
8,Trans,NA,6073
8,Trans,NA,5929
8,Trans,NA,5850
8,Trans,NA,5676
8,Trans,NA,5487
8,Trans,NA,5488
8,Trans,NA,5299
8,Trans,NA,5321
8,Trans,NA,5213
8,End,NA,5145
10,Taxi,NA,10651
10,Trans,NA,4506
10,Trans,NA,4468
10,Trans,NA,4420
10,Trans,NA,4419
10,Trans,NA,4433
10,Trans,NA,4415
10,Trans,NA,4491
10,Trans,NA,4500
10,Trans,NA,4499
10,Trans,NA,4697
10,Trans,NA,4698
10,Trans,NA,4882
10,Trans,NA,5007
10,Trans,NA,5008
10,Trans,NA,4991
10,Trans,NA,4962
10,Trans,NA,4961
10,Trans,NA,4905
10,Trans,NA,4795
10,Trans,NA,4631
10,Trans,NA,4630
10,Trans,NA,4596
10,Trans,NA,4701
10,Trans,NA,4886
10,Trans,NA,5275
10,Trans,NA,5491
10,Trans,NA,5876
10,Trans,NA,6061
10,Trans,NA,6548
10,Trans,NA,7164
10,Trans,NA,7165
10,Trans,NA,7469
10,Trans,NA,7746
10,Trans,NA,7980
10,Trans,NA,8139
10,Trans,NA,8377
10,Trans,NA,8594
10,Trans,NA,8732
10,Trans,NA,8862
10,Trans,NA,9141
10,Trans,NA,9142
10,Trans,NA,9322
10,Trans,NA,9494
10,Trans,NA,9575
10,Trans,NA,9606
10,Trans,NA,9607
10,Trans,NA,9699
10,Trans,NA,10090
10,Trans,NA,10166
10,Trans,NA,10246
10,Trans,NA,10245
10,Trans,NA,10296
10,Trans,NA,10324
10,Trans,NA,10523
10,Trans,NA,10486
10,Trans,NA,10487
10,Trans,NA,10409
10,Trans,NA,10410
10,Trans,NA,10411
10,Trans,NA,10447
10,Trans,NA,10522
10,Trans,NA,10679
10,Trans,NA,10779
10,Trans,NA,10835
10,Trans,NA,10874
10,Trans,NA,10875
10,Trans,NA,10923
10,Trans,NA,10924
10,Trans,NA,10849
10,Trans,NA,10803
10,Trans,NA,10723
10,Trans,NA,10626
10,Trans,NA,10699
10,Trans,NA,10700
10,Trans,NA,10753
10,Trans,NA,10612
10,Trans,NA,10643
10,Start,28,10651
10,Trans,NA,10643
10,Trans,NA,10556
10,Trans,NA,10533
10,Trans,NA,10438
10,Trans,NA,10439
10,Trans,NA,10391
10,Trans,NA,10349
10,Trans,NA,10327
10,Trans,NA,10301
10,Trans,NA,10300
10,Trans,NA,10244
10,Trans,NA,10174
10,Trans,NA,10103
10,Trans,NA,10070
10,Trans,NA,10078
10,Trans,NA,10077
10,Trans,NA,9992
10,Trans,NA,9947
10,Trans,NA,9758
10,Trans,NA,9697
10,Trans,NA,9696
10,Trans,NA,9598
10,Trans,NA,9569
10,Trans,NA,9407
10,Trans,NA,9308
10,Trans,NA,9363
10,Trans,NA,9413
10,Trans,NA,9411
10,Trans,NA,9094
10,Trans,NA,8584
10,Trans,NA,8587
10,Trans,NA,8080
10,Trans,NA,8079
10,Trans,NA,8054
10,Trans,NA,8036
10,Trans,NA,8037
10,Trans,NA,8020
10,Trans,NA,7941
10,Trans,NA,7917
10,Trans,NA,7887
10,Trans,NA,7886
10,Trans,NA,7861
10,Trans,NA,7702
10,Trans,NA,7417
10,Trans,NA,7422
10,Trans,NA,7298
10,Trans,NA,7299
10,Trans,NA,7161
10,Trans,NA,7027
10,Trans,NA,7028
10,Trans,NA,6949
10,Trans,NA,6816
10,Trans,NA,6337
10,Trans,NA,6305
10,Trans,NA,6243
10,End,NA,6244
6,Taxi,NA,7957
6,Trans,NA,7774
6,Trans,NA,7830
6,Trans,NA,7829
6,Trans,NA,7835
6,Trans,NA,7837
6,Trans,NA,7762
6,Trans,NA,7718
6,Trans,NA,7633
6,Trans,NA,7632
6,Trans,NA,7564
6,Trans,NA,7549
6,Trans,NA,7548
6,Trans,NA,7656
6,Trans,NA,7657
6,Trans,NA,7713
6,Trans,NA,7712
6,Trans,NA,7739
6,Trans,NA,7757
6,Trans,NA,7776
6,Trans,NA,7793
6,Trans,NA,7795
6,Trans,NA,7903
6,Start,30,7957
6,Trans,NA,7903
6,Trans,NA,7795
6,Trans,NA,7793
6,Trans,NA,7776
6,Trans,NA,7757
6,Trans,NA,7461
6,Trans,NA,7307
6,Trans,NA,7200
6,Trans,NA,7068
6,Trans,NA,7069
6,Trans,NA,6846
6,Trans,NA,6475
6,Trans,NA,6476
6,Trans,NA,6232
6,Trans,NA,6231
6,Trans,NA,5905
6,Trans,NA,5906
6,Trans,NA,5832
6,Trans,NA,5833
6,Trans,NA,5541
6,Trans,NA,5414
6,Trans,NA,5412
6,Trans,NA,5345
6,Trans,NA,5174
6,Trans,NA,4885
6,Trans,NA,4547
6,Trans,NA,4113
6,Trans,NA,4000
6,Trans,NA,3939
6,Trans,NA,3905
6,Trans,NA,3860
6,Trans,NA,3796
6,Trans,NA,3706
6,Trans,NA,3613
6,Trans,NA,3458
6,Trans,NA,3382
6,Trans,NA,3250
6,Trans,NA,3249
6,Trans,NA,3124
6,Trans,NA,2961
6,Trans,NA,2803
6,Trans,NA,2802
6,Trans,NA,2635
6,Trans,NA,2478
6,Trans,NA,2429
6,Trans,NA,2125
6,Trans,NA,2124
6,Trans,NA,1951
6,Trans,NA,1895
6,Trans,NA,1726
6,Trans,NA,1725
6,Trans,NA,1733
6,Trans,NA,1732
6,Trans,NA,1698
6,Trans,NA,1658
6,Trans,NA,1648
6,Trans,NA,1647
6,Trans,NA,1652
6,Trans,NA,1656
6,Trans,NA,1695
6,Trans,NA,1571
6,Trans,NA,1403
6,Trans,NA,1402
6,End,NA,1432
4,Taxi,NA,8220
4,Trans,NA,6870
4,Trans,NA,6876
4,Trans,NA,6922
4,Trans,NA,6923
4,Trans,NA,6795
4,Trans,NA,6797
4,Trans,NA,6895
4,Trans,NA,7021
4,Trans,NA,7079
4,Trans,NA,7078
4,Trans,NA,7241
4,Trans,NA,7242
4,Trans,NA,7483
4,Trans,NA,7516
4,Trans,NA,7515
4,Trans,NA,7636
4,Trans,NA,7672
4,Trans,NA,7772
4,Trans,NA,7868
4,Trans,NA,7878
4,Trans,NA,7879
4,Trans,NA,7897
4,Trans,NA,7898
4,Trans,NA,7937
4,Trans,NA,8001
4,Trans,NA,8053
4,Trans,NA,8088
4,Trans,NA,8089
4,Trans,NA,8171
4,Trans,NA,8223
4,Trans,NA,8226
4,Trans,NA,8225
4,Start,31,8220
4,Trans,NA,8225
4,Trans,NA,8226
4,Trans,NA,8223
4,Trans,NA,8171
4,Trans,NA,8089
4,Trans,NA,8088
4,Trans,NA,8053
4,Trans,NA,8001
4,Trans,NA,7937
4,Trans,NA,7898
4,Trans,NA,7897
4,Trans,NA,7879
4,Trans,NA,7878
4,Trans,NA,7868
4,Trans,NA,7772
4,Trans,NA,7672
4,Trans,NA,7636
4,Trans,NA,7637
4,Trans,NA,7621
4,Trans,NA,7579
4,Trans,NA,7533
4,Trans,NA,7532
4,Trans,NA,7539
4,Trans,NA,7518
4,Trans,NA,7375
4,Trans,NA,7374
4,Trans,NA,7292
4,Trans,NA,7291
4,Trans,NA,7338
4,Trans,NA,7339
4,Trans,NA,7370
4,Trans,NA,7398
4,Trans,NA,7399
4,Trans,NA,7417
4,Trans,NA,7419
4,Trans,NA,7420
4,Trans,NA,7454
4,Trans,NA,7504
4,Trans,NA,7371
4,Trans,NA,7407
4,Trans,NA,7406
4,Trans,NA,7265
4,Trans,NA,7266
4,Trans,NA,7207
4,Trans,NA,7157
4,Trans,NA,7110
4,Trans,NA,6990
4,Trans,NA,6573
4,Trans,NA,6572
4,Trans,NA,6447
4,Trans,NA,6234
4,Trans,NA,6294
4,Trans,NA,6295
4,Trans,NA,6211
4,Trans,NA,6025
4,Trans,NA,5905
4,Trans,NA,5906
4,Trans,NA,5832
4,Trans,NA,5833
4,Trans,NA,5541
4,Trans,NA,5414
4,Trans,NA,5412
4,Trans,NA,5345
4,Trans,NA,5174
4,Trans,NA,4886
4,Trans,NA,4701
4,Trans,NA,4596
4,Trans,NA,4630
4,Trans,NA,4631
4,Trans,NA,4795
4,Trans,NA,4905
4,Trans,NA,4961
4,Trans,NA,4962
4,Trans,NA,4991
4,Trans,NA,5008
4,Trans,NA,5007
4,Trans,NA,5017
4,Trans,NA,4981
4,Trans,NA,4868
4,End,NA,4755
11,Taxi,NA,8300
11,Trans,NA,8940
11,Trans,NA,8942
11,Trans,NA,8778
11,Trans,NA,8669
11,Trans,NA,8618
11,Trans,NA,8540
11,Trans,NA,8541
11,Trans,NA,8525
11,Trans,NA,8598
11,Trans,NA,8599
11,Trans,NA,8690
11,Trans,NA,8691
11,Trans,NA,8686
11,Trans,NA,8523
11,Start,31,8302
11,Trans,NA,8303
11,Trans,NA,8351
11,Trans,NA,8488
11,Trans,NA,8381
11,Trans,NA,8140
11,Trans,NA,7996
11,Trans,NA,7955
11,Trans,NA,7756
11,Trans,NA,7461
11,Trans,NA,7307
11,Trans,NA,7200
11,Trans,NA,7068
11,Trans,NA,7069
11,Trans,NA,6846
11,Trans,NA,6475
11,Trans,NA,6476
11,Trans,NA,6232
11,Trans,NA,6231
11,Trans,NA,5905
11,Trans,NA,5906
11,Trans,NA,5832
11,Trans,NA,5833
11,Trans,NA,5541
11,Trans,NA,5414
11,Trans,NA,5412
11,Trans,NA,5345
11,Trans,NA,5174
11,Trans,NA,4885
11,Trans,NA,4547
11,Trans,NA,4113
11,Trans,NA,4000
11,Trans,NA,3939
11,Trans,NA,3905
11,Trans,NA,3860
11,Trans,NA,3796
11,Trans,NA,3706
11,Trans,NA,3613
11,Trans,NA,3458
11,Trans,NA,3382
11,Trans,NA,3250
11,Trans,NA,3249
11,Trans,NA,3124
11,Trans,NA,2961
11,Trans,NA,2803
11,Trans,NA,2802
11,Trans,NA,2635
11,Trans,NA,2478
11,Trans,NA,2429
11,Trans,NA,2125
11,Trans,NA,2124
11,Trans,NA,1951
11,Trans,NA,1895
11,Trans,NA,1726
11,Trans,NA,1725
11,Trans,NA,1733
11,Trans,NA,1732
11,Trans,NA,1698
11,Trans,NA,1658
11,Trans,NA,1648
11,Trans,NA,1647
11,Trans,NA,1652
11,Trans,NA,1656
11,Trans,NA,1695
11,Trans,NA,1571
11,Trans,NA,1322
11,Trans,NA,1321
11,Trans,NA,844
11,Trans,NA,696
11,Trans,NA,785
11,Trans,NA,843
11,Trans,NA,841
11,Trans,NA,916
11,Trans,NA,917
11,Trans,NA,929
11,Trans,NA,1029
11,Trans,NA,1039
11,Trans,NA,1057
11,Trans,NA,1091
11,End,NA,1092
15,Taxi,NA,9023
15,Trans,NA,6488
15,Trans,NA,6516
15,Trans,NA,6579
15,Trans,NA,6545
15,Trans,NA,6473
15,Trans,NA,6439
15,Trans,NA,6440
15,Trans,NA,6369
15,Trans,NA,6382
15,Trans,NA,6412
15,Trans,NA,6435
15,Trans,NA,6479
15,Trans,NA,6478
15,Trans,NA,6496
15,Trans,NA,6566
15,Trans,NA,6617
15,Trans,NA,6652
15,Trans,NA,6651
15,Trans,NA,6779
15,Trans,NA,6778
15,Trans,NA,6982
15,Trans,NA,6981
15,Trans,NA,7156
15,Trans,NA,7155
15,Trans,NA,7275
15,Trans,NA,7292
15,Trans,NA,7291
15,Trans,NA,7338
15,Trans,NA,7339
15,Trans,NA,7389
15,Trans,NA,7388
15,Trans,NA,7443
15,Trans,NA,7465
15,Trans,NA,7552
15,Trans,NA,7634
15,Trans,NA,7723
15,Trans,NA,7722
15,Trans,NA,7769
15,Trans,NA,7887
15,Trans,NA,7917
15,Trans,NA,7941
15,Trans,NA,8020
15,Trans,NA,8037
15,Trans,NA,8036
15,Trans,NA,8054
15,Trans,NA,8079
15,Trans,NA,8080
15,Trans,NA,8587
15,Trans,NA,8585
15,Trans,NA,8628
15,Trans,NA,8627
15,Trans,NA,8658
15,Trans,NA,8743
15,Trans,NA,8777
15,Trans,NA,8846
15,Trans,NA,8887
15,Trans,NA,8954
15,Trans,NA,8955
15,Start,31,9023
15,Trans,NA,8955
15,Trans,NA,8954
15,Trans,NA,8887
15,Trans,NA,8846
15,Trans,NA,8777
15,Trans,NA,8743
15,Trans,NA,8658
15,Trans,NA,8627
15,Trans,NA,8628
15,Trans,NA,8585
15,Trans,NA,8587
15,Trans,NA,8080
15,Trans,NA,8079
15,Trans,NA,8054
15,Trans,NA,8036
15,Trans,NA,8037
15,Trans,NA,8020
15,Trans,NA,7941
15,Trans,NA,7917
15,Trans,NA,7887
15,Trans,NA,7886
15,Trans,NA,7861
15,Trans,NA,7702
15,Trans,NA,7417
15,Trans,NA,7419
15,Trans,NA,7420
15,Trans,NA,7454
15,Trans,NA,7503
15,Trans,NA,7665
15,Trans,NA,7765
15,Trans,NA,7833
15,Trans,NA,7858
15,Trans,NA,7900
15,Trans,NA,7901
15,Trans,NA,7945
15,Trans,NA,8031
15,Trans,NA,8122
15,Trans,NA,8158
15,Trans,NA,8064
15,Trans,NA,8045
15,Trans,NA,8044
15,Trans,NA,8066
15,Trans,NA,8068
15,Trans,NA,8026
15,Trans,NA,8058
15,Trans,NA,8141
15,Trans,NA,8142
15,Trans,NA,8190
15,End,NA,8194
12,Taxi,NA,4939
12,Trans,NA,2979
12,Trans,NA,3023
12,Trans,NA,3013
12,Trans,NA,2997
12,Trans,NA,3063
12,Trans,NA,3143
12,Trans,NA,3185
12,Trans,NA,3231
12,Trans,NA,3263
12,Trans,NA,3396
12,Trans,NA,3395
12,Trans,NA,3584
12,Trans,NA,3708
12,Trans,NA,3832
12,Trans,NA,3833
12,Trans,NA,3931
12,Trans,NA,3971
12,Trans,NA,3970
12,Trans,NA,3984
12,Trans,NA,4071
12,Trans,NA,4165
12,Trans,NA,4187
12,Trans,NA,4281
12,Trans,NA,4280
12,Trans,NA,4324
12,Trans,NA,4326
12,Trans,NA,4375
12,Trans,NA,4374
12,Trans,NA,4402
12,Trans,NA,4552
12,Trans,NA,4650
12,Trans,NA,4651
12,Trans,NA,4896
12,Trans,NA,4895
12,Trans,NA,4879
12,Trans,NA,4894
12,Trans,NA,4893
12,Trans,NA,4851
12,Trans,NA,4834
12,Trans,NA,4833
12,Trans,NA,4781
12,Trans,NA,4854
12,Trans,NA,4923
12,Start,32,4939
12,Trans,NA,4923
12,Trans,NA,4854
12,Trans,NA,4781
12,Trans,NA,4732
12,Trans,NA,4731
12,Trans,NA,4720
12,Trans,NA,4706
12,Trans,NA,4640
12,Trans,NA,4431
12,Trans,NA,4378
12,Trans,NA,4298
12,Trans,NA,4306
12,Trans,NA,4303
12,Trans,NA,4276
12,Trans,NA,4178
12,Trans,NA,4114
12,Trans,NA,4045
12,Trans,NA,3999
12,Trans,NA,3951
12,Trans,NA,3624
12,Trans,NA,3623
12,Trans,NA,3550
12,Trans,NA,3436
12,Trans,NA,3365
12,Trans,NA,3224
12,Trans,NA,3094
12,Trans,NA,3093
12,Trans,NA,3055
12,Trans,NA,3054
12,Trans,NA,3177
12,Trans,NA,3175
12,Trans,NA,3191
12,Trans,NA,3190
12,Trans,NA,3199
12,Trans,NA,3217
12,Trans,NA,3241
12,Trans,NA,3242
12,End,NA,3269
2,Taxi,NA,6887
2,Trans,NA,9080
2,Trans,NA,9081
2,Trans,NA,8914
2,Trans,NA,8802
2,Trans,NA,8599
2,Trans,NA,8598
2,Trans,NA,8525
2,Trans,NA,8473
2,Trans,NA,8379
2,Trans,NA,8267
2,Trans,NA,8154
2,Trans,NA,7914
2,Trans,NA,7856
2,Trans,NA,7726
2,Trans,NA,7724
2,Trans,NA,7555
2,Trans,NA,7427
2,Trans,NA,7238
2,Trans,NA,7181
2,Trans,NA,7180
2,Trans,NA,7035
2,Trans,NA,7004
2,Trans,NA,6964
2,Trans,NA,6965
2,Trans,NA,6934
2,Trans,NA,6935
2,Trans,NA,6839
2,Trans,NA,6857
2,Trans,NA,6863
2,Trans,NA,6916
2,Trans,NA,6917
2,Trans,NA,6919
2,Start,32,6887
2,Trans,NA,6919
2,Trans,NA,6917
2,Trans,NA,6916
2,Trans,NA,6863
2,Trans,NA,6857
2,Trans,NA,6839
2,Trans,NA,6935
2,Trans,NA,6934
2,Trans,NA,6965
2,Trans,NA,6964
2,Trans,NA,7004
2,Trans,NA,7035
2,Trans,NA,7072
2,Trans,NA,6657
2,Trans,NA,6659
2,Trans,NA,6461
2,Trans,NA,6186
2,Trans,NA,6187
2,Trans,NA,6115
2,Trans,NA,6060
2,Trans,NA,5705
2,Trans,NA,5415
2,Trans,NA,5412
2,Trans,NA,5345
2,Trans,NA,5174
2,Trans,NA,4885
2,Trans,NA,4547
2,Trans,NA,4113
2,Trans,NA,4000
2,Trans,NA,3939
2,Trans,NA,3905
2,Trans,NA,3860
2,Trans,NA,3796
2,Trans,NA,3706
2,Trans,NA,3613
2,Trans,NA,3458
2,Trans,NA,3382
2,Trans,NA,3250
2,Trans,NA,3249
2,Trans,NA,3124
2,Trans,NA,2961
2,Trans,NA,2803
2,Trans,NA,2802
2,Trans,NA,2635
2,Trans,NA,2478
2,Trans,NA,2429
2,Trans,NA,2125
2,Trans,NA,2124
2,Trans,NA,1951
2,Trans,NA,1895
2,Trans,NA,1726
2,Trans,NA,1725
2,Trans,NA,1733
2,Trans,NA,1732
2,Trans,NA,1698
2,Trans,NA,1658
2,Trans,NA,1648
2,Trans,NA,1647
2,Trans,NA,1652
2,Trans,NA,1656
2,Trans,NA,1695
2,Trans,NA,1571
2,Trans,NA,1322
2,Trans,NA,1321
2,Trans,NA,969
2,Trans,NA,970
2,Trans,NA,1132
2,End,NA,1160
13,Taxi,NA,7213
13,Trans,NA,2575
13,Trans,NA,2482
13,Trans,NA,2483
13,Trans,NA,2451
13,Trans,NA,2227
13,Trans,NA,2228
13,Trans,NA,2116
13,Trans,NA,2062
13,Trans,NA,1957
13,Trans,NA,2007
13,Trans,NA,2078
13,Trans,NA,2024
13,Trans,NA,2025
13,Trans,NA,1978
13,Trans,NA,2048
13,Trans,NA,2143
13,Trans,NA,2145
13,Trans,NA,2177
13,Trans,NA,2278
13,Trans,NA,2277
13,Trans,NA,2252
13,Trans,NA,2256
13,Trans,NA,2311
13,Trans,NA,2312
13,Trans,NA,2458
13,Trans,NA,2463
13,Trans,NA,2465
13,Trans,NA,2489
13,Trans,NA,2455
13,Trans,NA,2484
13,Trans,NA,2523
13,Trans,NA,2576
13,Trans,NA,2887
13,Trans,NA,3001
13,Trans,NA,3314
13,Trans,NA,3385
13,Trans,NA,3491
13,Trans,NA,3640
13,Trans,NA,3804
13,Trans,NA,4025
13,Trans,NA,4155
13,Trans,NA,4173
13,Trans,NA,4235
13,Trans,NA,4362
13,Trans,NA,4538
13,Trans,NA,4947
13,Trans,NA,5152
13,Trans,NA,5347
13,Trans,NA,5348
13,Trans,NA,6048
13,Trans,NA,6268
13,Trans,NA,6480
13,Trans,NA,6624
13,Trans,NA,6625
13,Trans,NA,6984
13,Trans,NA,6958
13,Trans,NA,6953
13,Trans,NA,6896
13,Trans,NA,6949
13,Trans,NA,7028
13,Trans,NA,7027
13,Trans,NA,7161
13,Trans,NA,7299
13,Trans,NA,7298
13,Trans,NA,7387
13,Trans,NA,7382
13,Trans,NA,7420
13,Trans,NA,7454
13,Trans,NA,7504
13,Trans,NA,7371
13,Trans,NA,7407
13,Trans,NA,7406
13,Trans,NA,7265
13,Trans,NA,7266
13,Trans,NA,7207
13,Trans,NA,7157
13,Trans,NA,7110
13,Trans,NA,6990
13,Trans,NA,6573
13,Trans,NA,6571
13,Trans,NA,6631
13,Trans,NA,6708
13,Trans,NA,6784
13,Trans,NA,7069
13,Trans,NA,6972
13,Trans,NA,7089
13,Start,32,7213
13,Trans,NA,7089
13,Trans,NA,6972
13,Trans,NA,7069
13,Trans,NA,6784
13,Trans,NA,6708
13,Trans,NA,6631
13,Trans,NA,6571
13,Trans,NA,6573
13,Trans,NA,6990
13,Trans,NA,7110
13,Trans,NA,7157
13,Trans,NA,7207
13,Trans,NA,7266
13,Trans,NA,7265
13,Trans,NA,7406
13,Trans,NA,7407
13,Trans,NA,7371
13,Trans,NA,7504
13,Trans,NA,7454
13,Trans,NA,7420
13,Trans,NA,7382
13,Trans,NA,7387
13,Trans,NA,7298
13,Trans,NA,7299
13,Trans,NA,7161
13,Trans,NA,7027
13,Trans,NA,7028
13,Trans,NA,6949
13,Trans,NA,6896
13,Trans,NA,6953
13,Trans,NA,6958
13,Trans,NA,6984
13,Trans,NA,6625
13,Trans,NA,6624
13,Trans,NA,6480
13,Trans,NA,6268
13,Trans,NA,6048
13,Trans,NA,5348
13,Trans,NA,5347
13,Trans,NA,5152
13,Trans,NA,4947
13,Trans,NA,4538
13,Trans,NA,4362
13,Trans,NA,4235
13,Trans,NA,4173
13,Trans,NA,4155
13,Trans,NA,4025
13,Trans,NA,3804
13,Trans,NA,3640
13,Trans,NA,3491
13,Trans,NA,3385
13,Trans,NA,3314
13,Trans,NA,3001
13,Trans,NA,2887
13,Trans,NA,2576
13,Trans,NA,2523
13,Trans,NA,2484
13,Trans,NA,2455
13,Trans,NA,2489
13,Trans,NA,2465
13,Trans,NA,2463
13,Trans,NA,2458
13,Trans,NA,2312
13,Trans,NA,2311
13,Trans,NA,2256
13,Trans,NA,2252
13,Trans,NA,2277
13,Trans,NA,2278
13,Trans,NA,2177
13,Trans,NA,2145
13,Trans,NA,2143
13,Trans,NA,1946
13,End,NA,1947
25,Taxi,NA,6411
25,Trans,NA,4697
25,Trans,NA,4698
25,Trans,NA,4882
25,Trans,NA,5007
25,Trans,NA,5008
25,Trans,NA,4991
25,Trans,NA,4962
25,Trans,NA,4961
25,Trans,NA,4905
25,Trans,NA,4795
25,Trans,NA,4631
25,Trans,NA,4630
25,Trans,NA,4596
25,Trans,NA,4701
25,Trans,NA,4886
25,Trans,NA,5174
25,Trans,NA,5345
25,Trans,NA,5412
25,Trans,NA,5415
25,Trans,NA,5705
25,Trans,NA,6060
25,Trans,NA,6115
25,Trans,NA,6187
25,Trans,NA,6186
25,Trans,NA,6461
25,Trans,NA,6462
25,Trans,NA,6424
25,Start,33,6411
25,Trans,NA,6424
25,Trans,NA,6462
25,Trans,NA,6461
25,Trans,NA,6186
25,Trans,NA,6187
25,Trans,NA,6115
25,Trans,NA,6060
25,Trans,NA,5705
25,Trans,NA,5415
25,Trans,NA,5412
25,Trans,NA,5345
25,Trans,NA,5174
25,Trans,NA,4885
25,Trans,NA,4547
25,Trans,NA,4113
25,Trans,NA,4000
25,Trans,NA,3939
25,Trans,NA,3905
25,Trans,NA,3860
25,Trans,NA,3796
25,Trans,NA,3706
25,Trans,NA,3613
25,Trans,NA,3458
25,Trans,NA,3382
25,Trans,NA,3250
25,Trans,NA,3249
25,Trans,NA,3124
25,Trans,NA,2961
25,Trans,NA,2803
25,Trans,NA,2802
25,Trans,NA,2635
25,Trans,NA,2478
25,Trans,NA,2429
25,Trans,NA,2275
25,Trans,NA,2364
25,Trans,NA,2373
25,Trans,NA,2374
25,Trans,NA,2386
25,Trans,NA,2401
25,Trans,NA,2414
25,Trans,NA,2413
25,Trans,NA,2432
25,Trans,NA,2447
25,Trans,NA,2471
25,Trans,NA,2514
25,Trans,NA,2546
25,Trans,NA,2547
25,Trans,NA,2577
25,Trans,NA,2705
25,Trans,NA,2806
25,Trans,NA,2835
25,Trans,NA,3002
25,Trans,NA,3001
25,Trans,NA,2887
25,Trans,NA,2576
25,Trans,NA,2523
25,Trans,NA,2484
25,Trans,NA,2455
25,Trans,NA,2489
25,Trans,NA,2465
25,Trans,NA,2463
25,Trans,NA,2458
25,Trans,NA,2312
25,Trans,NA,2311
25,Trans,NA,2256
25,Trans,NA,2252
25,Trans,NA,2277
25,Trans,NA,2278
25,Trans,NA,2177
25,Trans,NA,2145
25,Trans,NA,2143
25,Trans,NA,2049
25,Trans,NA,2481
25,Trans,NA,2561
25,Trans,NA,2636
25,Trans,NA,2637
25,Trans,NA,2942
25,Trans,NA,2943
25,Trans,NA,2974
25,Trans,NA,3146
25,Trans,NA,3216
25,Trans,NA,3379
25,Trans,NA,3415
25,Trans,NA,3626
25,Trans,NA,3760
25,Trans,NA,3761
25,End,NA,3954
24,Taxi,NA,6412
24,Trans,NA,6079
24,Trans,NA,6105
24,Trans,NA,6104
24,Trans,NA,6192
24,Trans,NA,6213
24,Trans,NA,6275
24,Trans,NA,6274
24,Trans,NA,6298
24,Trans,NA,6328
24,Trans,NA,6369
24,Trans,NA,6382
24,Start,33,6435
24,Trans,NA,6479
24,Trans,NA,6478
24,Trans,NA,6496
24,Trans,NA,6566
24,Trans,NA,6617
24,Trans,NA,6652
24,Trans,NA,6651
24,Trans,NA,6779
24,Trans,NA,6778
24,Trans,NA,6982
24,Trans,NA,6981
24,Trans,NA,7156
24,Trans,NA,7155
24,Trans,NA,7275
24,Trans,NA,7292
24,Trans,NA,7291
24,Trans,NA,7338
24,Trans,NA,7339
24,Trans,NA,7370
24,Trans,NA,7398
24,Trans,NA,7399
24,Trans,NA,7417
24,Trans,NA,7419
24,Trans,NA,7420
24,Trans,NA,7454
24,Trans,NA,7504
24,Trans,NA,7371
24,Trans,NA,7407
24,Trans,NA,7406
24,Trans,NA,7265
24,Trans,NA,7266
24,Trans,NA,7207
24,Trans,NA,7157
24,Trans,NA,7110
24,Trans,NA,6990
24,Trans,NA,6573
24,Trans,NA,6572
24,Trans,NA,6447
24,Trans,NA,6234
24,Trans,NA,6294
24,Trans,NA,6295
24,Trans,NA,6211
24,Trans,NA,6025
24,Trans,NA,5905
24,Trans,NA,5906
24,Trans,NA,5674
24,Trans,NA,5445
24,Trans,NA,5444
24,Trans,NA,5318
24,Trans,NA,5317
24,Trans,NA,5160
24,Trans,NA,5240
24,Trans,NA,5297
24,Trans,NA,5298
24,Trans,NA,5247
24,Trans,NA,5248
24,Trans,NA,5192
24,Trans,NA,5162
24,Trans,NA,5122
24,Trans,NA,5075
24,End,NA,5021
17,Taxi,NA,2066
17,Trans,NA,4996
17,Trans,NA,4909
17,Trans,NA,4937
17,Trans,NA,4938
17,Trans,NA,5078
17,Trans,NA,5086
17,Trans,NA,5087
17,Trans,NA,5196
17,Trans,NA,5195
17,Trans,NA,5112
17,Trans,NA,5079
17,Trans,NA,4890
17,Trans,NA,4865
17,Trans,NA,4864
17,Trans,NA,4576
17,Trans,NA,4536
17,Trans,NA,4498
17,Trans,NA,4479
17,Trans,NA,4463
17,Trans,NA,4455
17,Trans,NA,4452
17,Trans,NA,4428
17,Trans,NA,4425
17,Trans,NA,4409
17,Trans,NA,4413
17,Trans,NA,4448
17,Trans,NA,4449
17,Trans,NA,4538
17,Trans,NA,4362
17,Trans,NA,4235
17,Trans,NA,4173
17,Trans,NA,4155
17,Trans,NA,4025
17,Trans,NA,3804
17,Trans,NA,3640
17,Trans,NA,3491
17,Trans,NA,3385
17,Trans,NA,3314
17,Trans,NA,3002
17,Trans,NA,2835
17,Trans,NA,2806
17,Trans,NA,2705
17,Trans,NA,2577
17,Trans,NA,2547
17,Trans,NA,2546
17,Trans,NA,2514
17,Trans,NA,2471
17,Trans,NA,2447
17,Trans,NA,2354
17,Trans,NA,2283
17,Trans,NA,2229
17,Trans,NA,2284
17,Trans,NA,2286
17,Trans,NA,2194
17,Trans,NA,2165
17,Trans,NA,2119
17,Trans,NA,2100
17,Trans,NA,2054
17,Trans,NA,2027
17,Trans,NA,2026
17,Start,33,2066
17,Trans,NA,2026
17,Trans,NA,2027
17,Trans,NA,2054
17,Trans,NA,2100
17,Trans,NA,2119
17,Trans,NA,2165
17,Trans,NA,2194
17,Trans,NA,2286
17,Trans,NA,2284
17,Trans,NA,2229
17,Trans,NA,2283
17,Trans,NA,2354
17,Trans,NA,2432
17,Trans,NA,2413
17,Trans,NA,2414
17,Trans,NA,2401
17,Trans,NA,2386
17,Trans,NA,2374
17,Trans,NA,2373
17,Trans,NA,2364
17,Trans,NA,2275
17,Trans,NA,2429
17,Trans,NA,2478
17,Trans,NA,2635
17,Trans,NA,2802
17,Trans,NA,2803
17,Trans,NA,2961
17,Trans,NA,3124
17,Trans,NA,3249
17,Trans,NA,3250
17,Trans,NA,3382
17,Trans,NA,3458
17,Trans,NA,3613
17,Trans,NA,3706
17,Trans,NA,3796
17,Trans,NA,3860
17,Trans,NA,3905
17,Trans,NA,3939
17,Trans,NA,4000
17,Trans,NA,4113
17,Trans,NA,4547
17,Trans,NA,4885
17,Trans,NA,5275
17,Trans,NA,5491
17,Trans,NA,5876
17,Trans,NA,6061
17,Trans,NA,6548
17,Trans,NA,7164
17,Trans,NA,7165
17,Trans,NA,7469
17,Trans,NA,7746
17,Trans,NA,7980
17,Trans,NA,8139
17,Trans,NA,8377
17,Trans,NA,8594
17,Trans,NA,8732
17,Trans,NA,8862
17,Trans,NA,9141
17,Trans,NA,9142
17,Trans,NA,9322
17,Trans,NA,9494
17,Trans,NA,9575
17,Trans,NA,9606
17,Trans,NA,9607
17,Trans,NA,9699
17,Trans,NA,10090
17,Trans,NA,10166
17,Trans,NA,10246
17,Trans,NA,10245
17,Trans,NA,10296
17,Trans,NA,10324
17,Trans,NA,10523
17,Trans,NA,10486
17,Trans,NA,10487
17,Trans,NA,10409
17,Trans,NA,10410
17,Trans,NA,10411
17,Trans,NA,10447
17,Trans,NA,10522
17,Trans,NA,10679
17,Trans,NA,10779
17,Trans,NA,10835
17,Trans,NA,10874
17,Trans,NA,10875
17,Trans,NA,10923
17,Trans,NA,10922
17,Trans,NA,10980
17,Trans,NA,10988
17,Trans,NA,11067
17,Trans,NA,11029
17,Trans,NA,11028
17,Trans,NA,10983
17,Trans,NA,10976
17,Trans,NA,10971
17,End,NA,10985
20,Taxi,NA,273
20,Trans,NA,495
20,Trans,NA,492
20,Trans,NA,486
20,Trans,NA,467
20,Trans,NA,455
20,Trans,NA,442
20,Trans,NA,438
20,Trans,NA,437
20,Trans,NA,396
20,Trans,NA,385
20,Trans,NA,377
20,Trans,NA,364
20,Trans,NA,346
20,Trans,NA,337
20,Trans,NA,325
20,Trans,NA,324
20,Trans,NA,315
20,Trans,NA,302
20,Trans,NA,286
20,Trans,NA,287
20,Trans,NA,261
20,Trans,NA,260
20,Start,34,273
20,Trans,NA,260
20,Trans,NA,261
20,Trans,NA,274
20,Trans,NA,289
20,Trans,NA,297
20,Trans,NA,310
20,Trans,NA,322
20,Trans,NA,332
20,Trans,NA,341
20,Trans,NA,384
20,Trans,NA,425
20,Trans,NA,424
20,Trans,NA,449
20,Trans,NA,471
20,Trans,NA,505
20,Trans,NA,523
20,Trans,NA,551
20,Trans,NA,582
20,Trans,NA,619
20,Trans,NA,672
20,Trans,NA,680
20,Trans,NA,674
20,Trans,NA,673
20,Trans,NA,675
20,Trans,NA,677
20,Trans,NA,662
20,Trans,NA,661
20,Trans,NA,650
20,Trans,NA,603
20,Trans,NA,602
20,Trans,NA,596
20,Trans,NA,586
20,Trans,NA,697
20,Trans,NA,844
20,Trans,NA,1321
20,Trans,NA,1322
20,Trans,NA,1571
20,Trans,NA,1695
20,Trans,NA,1809
20,Trans,NA,1869
20,Trans,NA,1870
20,Trans,NA,1927
20,Trans,NA,1966
20,Trans,NA,1999
20,Trans,NA,2060
20,Trans,NA,2059
20,Trans,NA,2195
20,Trans,NA,2222
20,Trans,NA,2223
20,Trans,NA,2283
20,Trans,NA,2354
20,Trans,NA,2447
20,Trans,NA,2471
20,Trans,NA,2514
20,Trans,NA,2546
20,Trans,NA,2547
20,Trans,NA,2577
20,Trans,NA,2705
20,Trans,NA,2806
20,Trans,NA,2835
20,Trans,NA,3002
20,Trans,NA,3314
20,Trans,NA,3385
20,Trans,NA,3491
20,Trans,NA,3640
20,Trans,NA,3804
20,Trans,NA,4025
20,Trans,NA,4155
20,Trans,NA,4173
20,Trans,NA,4235
20,Trans,NA,4362
20,Trans,NA,4538
20,Trans,NA,4947
20,Trans,NA,5152
20,Trans,NA,5347
20,Trans,NA,5348
20,Trans,NA,5787
20,Trans,NA,5795
20,Trans,NA,5829
20,Trans,NA,5802
20,End,NA,6072
21,Taxi,NA,10101
21,Trans,NA,10242
21,Trans,NA,10210
21,Trans,NA,10213
21,Trans,NA,10189
21,Trans,NA,10178
21,Trans,NA,10177
21,Trans,NA,10159
21,Trans,NA,10051
21,Trans,NA,10050
21,Trans,NA,10043
21,Trans,NA,10048
21,Trans,NA,10052
21,Trans,NA,10040
21,Trans,NA,10039
21,Trans,NA,10019
21,Trans,NA,10000
21,Trans,NA,9978
21,Trans,NA,9958
21,Trans,NA,9959
21,Trans,NA,9938
21,Trans,NA,9866
21,Trans,NA,9867
21,Trans,NA,9901
21,Trans,NA,9915
21,Trans,NA,9930
21,Trans,NA,9850
21,Trans,NA,9851
21,Trans,NA,9833
21,Trans,NA,9806
21,Trans,NA,9818
21,Trans,NA,9783
21,Trans,NA,9751
21,Trans,NA,9898
21,Trans,NA,9897
21,Trans,NA,10013
21,Trans,NA,10059
21,Trans,NA,10127
21,Trans,NA,10126
21,Trans,NA,10099
21,Trans,NA,10071
21,Trans,NA,10063
21,Trans,NA,10055
21,Trans,NA,10082
21,Trans,NA,10102
21,Start,35,10101
21,Trans,NA,10102
21,Trans,NA,10082
21,Trans,NA,10055
21,Trans,NA,10063
21,Trans,NA,10071
21,Trans,NA,10099
21,Trans,NA,10126
21,Trans,NA,10127
21,Trans,NA,10059
21,Trans,NA,10013
21,Trans,NA,9897
21,Trans,NA,9898
21,Trans,NA,9750
21,Trans,NA,9653
21,Trans,NA,9592
21,Trans,NA,9550
21,Trans,NA,9548
21,Trans,NA,9503
21,Trans,NA,9505
21,Trans,NA,9472
21,Trans,NA,9441
21,Trans,NA,9432
21,Trans,NA,9425
21,Trans,NA,9426
21,Trans,NA,9403
21,Trans,NA,9377
21,Trans,NA,9295
21,Trans,NA,9202
21,Trans,NA,9203
21,Trans,NA,9053
21,Trans,NA,9052
21,Trans,NA,8913
21,Trans,NA,8863
21,Trans,NA,8800
21,Trans,NA,8754
21,Trans,NA,8756
21,Trans,NA,8655
21,Trans,NA,8657
21,Trans,NA,8627
21,Trans,NA,8628
21,Trans,NA,8585
21,Trans,NA,8584
21,Trans,NA,9094
21,Trans,NA,9411
21,Trans,NA,9413
21,Trans,NA,9364
21,Trans,NA,9427
21,Trans,NA,9467
21,Trans,NA,9569
21,Trans,NA,9598
21,Trans,NA,9696
21,Trans,NA,9697
21,Trans,NA,9758
21,Trans,NA,9937
21,Trans,NA,9957
21,Trans,NA,10058
21,Trans,NA,10057
21,Trans,NA,10188
21,Trans,NA,10190
21,Trans,NA,10191
21,Trans,NA,10124
21,Trans,NA,10154
21,Trans,NA,10155
21,Trans,NA,10167
21,Trans,NA,10137
21,Trans,NA,10081
21,Trans,NA,10054
21,Trans,NA,10014
21,Trans,NA,9999
21,Trans,NA,9998
21,Trans,NA,9913
21,Trans,NA,9776
21,Trans,NA,9677
21,Trans,NA,9678
21,Trans,NA,9571
21,End,NA,9387
16,Taxi,NA,1106
16,Trans,NA,3077
16,Trans,NA,3119
16,Trans,NA,3103
16,Trans,NA,3141
16,Trans,NA,3095
16,Trans,NA,3143
16,Trans,NA,3185
16,Trans,NA,3231
16,Trans,NA,3263
16,Trans,NA,3396
16,Trans,NA,3395
16,Trans,NA,3428
16,Trans,NA,3419
16,Trans,NA,3421
16,Trans,NA,3445
16,Trans,NA,3455
16,Trans,NA,3415
16,Trans,NA,3379
16,Trans,NA,3216
16,Trans,NA,3146
16,Trans,NA,2974
16,Trans,NA,2943
16,Trans,NA,2942
16,Trans,NA,2637
16,Trans,NA,2636
16,Trans,NA,2561
16,Trans,NA,2481
16,Trans,NA,2049
16,Trans,NA,2143
16,Trans,NA,2144
16,Trans,NA,2076
16,Trans,NA,2028
16,Trans,NA,1950
16,Trans,NA,1949
16,Trans,NA,1926
16,Trans,NA,1918
16,Trans,NA,1765
16,Trans,NA,1620
16,Trans,NA,1619
16,Trans,NA,1456
16,Trans,NA,1370
16,Trans,NA,1307
16,Trans,NA,1259
16,Trans,NA,1233
16,Trans,NA,1196
16,Trans,NA,1182
16,Trans,NA,1173
16,Trans,NA,1172
16,Trans,NA,1167
16,Trans,NA,1157
16,Start,35,1106
16,Trans,NA,1157
16,Trans,NA,1167
16,Trans,NA,1172
16,Trans,NA,1173
16,Trans,NA,1182
16,Trans,NA,1196
16,Trans,NA,1233
16,Trans,NA,1259
16,Trans,NA,1307
16,Trans,NA,1370
16,Trans,NA,1456
16,Trans,NA,1619
16,Trans,NA,1620
16,Trans,NA,1765
16,Trans,NA,1918
16,Trans,NA,1926
16,Trans,NA,1949
16,Trans,NA,1950
16,Trans,NA,2028
16,Trans,NA,2076
16,Trans,NA,2144
16,Trans,NA,2143
16,Trans,NA,2049
16,Trans,NA,2481
16,Trans,NA,2561
16,Trans,NA,2636
16,Trans,NA,2637
16,Trans,NA,2942
16,Trans,NA,2943
16,Trans,NA,2974
16,Trans,NA,3146
16,Trans,NA,3216
16,Trans,NA,3379
16,Trans,NA,3378
16,Trans,NA,3821
16,Trans,NA,3960
16,Trans,NA,4070
16,Trans,NA,4185
16,Trans,NA,4323
16,Trans,NA,4324
16,Trans,NA,4326
16,Trans,NA,4375
16,Trans,NA,4374
16,Trans,NA,4402
16,Trans,NA,4552
16,Trans,NA,4650
16,Trans,NA,4651
16,Trans,NA,4896
16,Trans,NA,4895
16,Trans,NA,4879
16,Trans,NA,4894
16,Trans,NA,4893
16,Trans,NA,4851
16,Trans,NA,4834
16,Trans,NA,4833
16,Trans,NA,4732
16,Trans,NA,4731
16,Trans,NA,4720
16,Trans,NA,4707
16,Trans,NA,4710
16,Trans,NA,4709
16,Trans,NA,4745
16,Trans,NA,4797
16,Trans,NA,4938
16,Trans,NA,5078
16,Trans,NA,5086
16,Trans,NA,5087
16,Trans,NA,5196
16,Trans,NA,5265
16,Trans,NA,5339
16,End,NA,5471
19,Taxi,NA,7691
19,Trans,NA,5418
19,Trans,NA,5417
19,Trans,NA,5092
19,Trans,NA,5131
19,Trans,NA,5175
19,Trans,NA,5202
19,Trans,NA,5201
19,Trans,NA,5196
19,Trans,NA,5195
19,Trans,NA,5112
19,Trans,NA,5079
19,Trans,NA,4890
19,Trans,NA,4865
19,Trans,NA,4864
19,Trans,NA,4576
19,Trans,NA,4536
19,Trans,NA,4498
19,Trans,NA,4479
19,Trans,NA,4463
19,Trans,NA,4455
19,Trans,NA,4452
19,Trans,NA,4428
19,Trans,NA,4425
19,Trans,NA,4409
19,Trans,NA,4413
19,Trans,NA,4448
19,Trans,NA,4449
19,Trans,NA,4947
19,Trans,NA,5152
19,Trans,NA,5347
19,Trans,NA,5348
19,Trans,NA,6048
19,Trans,NA,6268
19,Trans,NA,6480
19,Trans,NA,6624
19,Trans,NA,6625
19,Trans,NA,6984
19,Trans,NA,6958
19,Trans,NA,6953
19,Trans,NA,6896
19,Trans,NA,6949
19,Trans,NA,7028
19,Trans,NA,7027
19,Trans,NA,7161
19,Trans,NA,7299
19,Trans,NA,7298
19,Trans,NA,7387
19,Trans,NA,7382
19,Trans,NA,7420
19,Trans,NA,7454
19,Trans,NA,7503
19,Trans,NA,7665
19,Trans,NA,7765
19,Trans,NA,7763
19,Start,37,7691
19,Trans,NA,7763
19,Trans,NA,7765
19,Trans,NA,7665
19,Trans,NA,7503
19,Trans,NA,7454
19,Trans,NA,7420
19,Trans,NA,7382
19,Trans,NA,7387
19,Trans,NA,7298
19,Trans,NA,7299
19,Trans,NA,7161
19,Trans,NA,7027
19,Trans,NA,7028
19,Trans,NA,6949
19,Trans,NA,6896
19,Trans,NA,6953
19,Trans,NA,6958
19,Trans,NA,6984
19,Trans,NA,6625
19,Trans,NA,6624
19,Trans,NA,6480
19,Trans,NA,6268
19,Trans,NA,6048
19,Trans,NA,5348
19,Trans,NA,5347
19,Trans,NA,5152
19,Trans,NA,4947
19,Trans,NA,4538
19,Trans,NA,4362
19,Trans,NA,4235
19,Trans,NA,4173
19,Trans,NA,4155
19,Trans,NA,4025
19,Trans,NA,3804
19,Trans,NA,3640
19,Trans,NA,3491
19,Trans,NA,3385
19,Trans,NA,3314
19,Trans,NA,3002
19,Trans,NA,2835
19,Trans,NA,2806
19,Trans,NA,2705
19,Trans,NA,2577
19,Trans,NA,2547
19,Trans,NA,2546
19,Trans,NA,2514
19,Trans,NA,2471
19,Trans,NA,2447
19,Trans,NA,2354
19,Trans,NA,2283
19,Trans,NA,2223
19,Trans,NA,2222
19,Trans,NA,2195
19,Trans,NA,2059
19,Trans,NA,2060
19,Trans,NA,1999
19,Trans,NA,1966
19,Trans,NA,1927
19,Trans,NA,1858
19,Trans,NA,1859
19,Trans,NA,1776
19,Trans,NA,1775
19,Trans,NA,1735
19,Trans,NA,1734
19,Trans,NA,1730
19,Trans,NA,1651
19,Trans,NA,1638
19,End,NA,1639
26,Taxi,NA,2766
26,Trans,NA,2743
26,Trans,NA,2752
26,Trans,NA,2753
26,Start,37,2766
26,Trans,NA,2753
26,Trans,NA,2752
26,Trans,NA,2742
26,Trans,NA,2740
26,Trans,NA,2741
26,Trans,NA,2673
26,Trans,NA,2621
26,Trans,NA,2568
26,Trans,NA,2580
26,Trans,NA,2623
26,Trans,NA,2622
26,Trans,NA,2634
26,Trans,NA,2633
26,Trans,NA,2642
26,Trans,NA,2639
26,Trans,NA,2682
26,Trans,NA,2683
26,Trans,NA,2700
26,Trans,NA,2716
26,Trans,NA,2747
26,Trans,NA,2875
26,Trans,NA,2906
26,Trans,NA,2626
26,Trans,NA,2554
26,Trans,NA,2472
26,Trans,NA,2473
26,Trans,NA,2398
26,Trans,NA,2303
26,Trans,NA,2276
26,Trans,NA,2277
26,Trans,NA,2252
26,Trans,NA,2256
26,Trans,NA,2311
26,Trans,NA,2312
26,Trans,NA,2458
26,Trans,NA,2463
26,Trans,NA,2465
26,Trans,NA,2489
26,Trans,NA,2455
26,Trans,NA,2484
26,Trans,NA,2523
26,Trans,NA,2576
26,Trans,NA,2887
26,Trans,NA,3001
26,Trans,NA,3314
26,Trans,NA,3385
26,Trans,NA,3491
26,Trans,NA,3640
26,Trans,NA,3804
26,Trans,NA,4025
26,Trans,NA,4155
26,Trans,NA,4173
26,Trans,NA,4235
26,Trans,NA,4362
26,Trans,NA,4538
26,Trans,NA,4947
26,Trans,NA,5152
26,Trans,NA,5347
26,Trans,NA,5407
26,Trans,NA,5433
26,Trans,NA,5474
26,Trans,NA,5529
26,Trans,NA,5528
26,Trans,NA,5693
26,Trans,NA,5692
26,Trans,NA,5757
26,Trans,NA,5925
26,Trans,NA,6022
26,Trans,NA,6024
26,Trans,NA,6019
26,Trans,NA,5979
26,Trans,NA,5978
26,End,NA,5879
23,Taxi,NA,2193
23,Trans,NA,2463
23,Trans,NA,2458
23,Trans,NA,2312
23,Trans,NA,2311
23,Trans,NA,2256
23,Trans,NA,2252
23,Trans,NA,2277
23,Trans,NA,2276
23,Trans,NA,2303
23,Trans,NA,2313
23,Start,38,2193
23,Trans,NA,2187
23,Trans,NA,2143
23,Trans,NA,2049
23,Trans,NA,2481
23,Trans,NA,2561
23,Trans,NA,2636
23,Trans,NA,2637
23,Trans,NA,2942
23,Trans,NA,2943
23,Trans,NA,2974
23,Trans,NA,3146
23,Trans,NA,3216
23,Trans,NA,3379
23,Trans,NA,3378
23,Trans,NA,3821
23,Trans,NA,3960
23,Trans,NA,4070
23,Trans,NA,4185
23,Trans,NA,4323
23,Trans,NA,4324
23,Trans,NA,4326
23,Trans,NA,4375
23,Trans,NA,4374
23,Trans,NA,4402
23,Trans,NA,4552
23,Trans,NA,4650
23,Trans,NA,4651
23,Trans,NA,4896
23,Trans,NA,4895
23,Trans,NA,4878
23,Trans,NA,4827
23,Trans,NA,4694
23,Trans,NA,4481
23,Trans,NA,4289
23,End,NA,4119
22,Taxi,NA,7766
22,Trans,NA,3431
22,Trans,NA,3432
22,Trans,NA,3402
22,Trans,NA,3417
22,Trans,NA,3418
22,Trans,NA,3519
22,Trans,NA,3442
22,Trans,NA,3378
22,Trans,NA,3821
22,Trans,NA,3960
22,Trans,NA,4070
22,Trans,NA,4185
22,Trans,NA,4323
22,Trans,NA,4322
22,Trans,NA,4704
22,Trans,NA,4730
22,Trans,NA,4844
22,Trans,NA,5148
22,Trans,NA,5316
22,Trans,NA,5527
22,Trans,NA,5600
22,Trans,NA,5601
22,Trans,NA,5695
22,Trans,NA,5709
22,Trans,NA,5756
22,Trans,NA,5817
22,Trans,NA,5818
22,Trans,NA,5908
22,Trans,NA,6255
22,Trans,NA,6254
22,Trans,NA,6612
22,Trans,NA,7030
22,Trans,NA,6867
22,Trans,NA,6602
22,Trans,NA,6785
22,Trans,NA,6786
22,Trans,NA,6924
22,Trans,NA,6925
22,Trans,NA,6715
22,Trans,NA,6643
22,Trans,NA,6537
22,Trans,NA,6505
22,Trans,NA,6483
22,Trans,NA,6428
22,Trans,NA,6427
22,Trans,NA,6599
22,Trans,NA,6703
22,Trans,NA,6704
22,Trans,NA,6980
22,Trans,NA,6979
22,Trans,NA,7231
22,Trans,NA,7232
22,Trans,NA,7191
22,Trans,NA,7125
22,Trans,NA,7077
22,Trans,NA,7078
22,Trans,NA,7241
22,Trans,NA,7242
22,Trans,NA,7485
22,Trans,NA,7603
22,Trans,NA,7659
22,Trans,NA,7743
22,Trans,NA,7796
22,Trans,NA,7822
22,Trans,NA,7821
22,Trans,NA,7801
22,Start,38,7766
22,Trans,NA,7801
22,Trans,NA,7821
22,Trans,NA,7822
22,Trans,NA,7796
22,Trans,NA,7743
22,Trans,NA,7659
22,Trans,NA,7603
22,Trans,NA,7485
22,Trans,NA,7242
22,Trans,NA,7241
22,Trans,NA,7078
22,Trans,NA,7077
22,Trans,NA,7125
22,Trans,NA,7191
22,Trans,NA,7232
22,Trans,NA,7231
22,Trans,NA,6979
22,Trans,NA,6980
22,Trans,NA,6704
22,Trans,NA,6703
22,Trans,NA,6599
22,Trans,NA,6427
22,Trans,NA,6428
22,Trans,NA,6483
22,Trans,NA,6505
22,Trans,NA,6537
22,Trans,NA,6643
22,Trans,NA,6715
22,Trans,NA,6925
22,Trans,NA,6924
22,Trans,NA,6786
22,Trans,NA,6785
22,Trans,NA,6602
22,Trans,NA,6867
22,Trans,NA,7030
22,Trans,NA,6612
22,Trans,NA,6254
22,Trans,NA,6255
22,Trans,NA,5908
22,Trans,NA,5818
22,Trans,NA,5817
22,Trans,NA,5756
22,Trans,NA,5709
22,Trans,NA,5695
22,Trans,NA,5601
22,Trans,NA,5600
22,Trans,NA,5527
22,Trans,NA,5316
22,Trans,NA,5148
22,Trans,NA,4844
22,Trans,NA,4730
22,Trans,NA,4704
22,Trans,NA,4322
22,Trans,NA,4323
22,Trans,NA,4185
22,Trans,NA,4070
22,Trans,NA,3960
22,Trans,NA,3821
22,Trans,NA,3378
22,Trans,NA,3379
22,Trans,NA,3216
22,Trans,NA,3146
22,Trans,NA,3183
22,Trans,NA,3296
22,Trans,NA,3295
22,Trans,NA,3343
22,Trans,NA,3342
22,Trans,NA,3369
22,Trans,NA,3370
22,Trans,NA,3401
22,Trans,NA,3321
22,End,NA,3320
3,Taxi,NA,7844
3,Trans,NA,6233
3,Trans,NA,6234
3,Trans,NA,6484
3,Trans,NA,6500
3,Trans,NA,6609
3,Trans,NA,6677
3,Trans,NA,6678
3,Trans,NA,6569
3,Trans,NA,6846
3,Trans,NA,6847
3,Trans,NA,6751
3,Trans,NA,6733
3,Trans,NA,6869
3,Trans,NA,7022
3,Trans,NA,7247
3,Trans,NA,7367
3,Trans,NA,7366
3,Trans,NA,7619
3,Trans,NA,7618
3,Trans,NA,7770
3,Trans,NA,7785
3,Trans,NA,7806
3,Trans,NA,7841
3,Start,39,7844
3,Trans,NA,7841
3,Trans,NA,7806
3,Trans,NA,7785
3,Trans,NA,7770
3,Trans,NA,7618
3,Trans,NA,7619
3,Trans,NA,7366
3,Trans,NA,7367
3,Trans,NA,7247
3,Trans,NA,7022
3,Trans,NA,6869
3,Trans,NA,6733
3,Trans,NA,6751
3,Trans,NA,6847
3,Trans,NA,6784
3,Trans,NA,6708
3,Trans,NA,6631
3,Trans,NA,6571
3,Trans,NA,6573
3,Trans,NA,6990
3,Trans,NA,7110
3,Trans,NA,7157
3,Trans,NA,7207
3,Trans,NA,7266
3,Trans,NA,7265
3,Trans,NA,7406
3,Trans,NA,7407
3,Trans,NA,7371
3,Trans,NA,7504
3,Trans,NA,7454
3,Trans,NA,7420
3,Trans,NA,7382
3,Trans,NA,7387
3,Trans,NA,7298
3,Trans,NA,7299
3,Trans,NA,7161
3,Trans,NA,7027
3,Trans,NA,7028
3,Trans,NA,6949
3,Trans,NA,6896
3,Trans,NA,6953
3,Trans,NA,6958
3,Trans,NA,6984
3,Trans,NA,6625
3,Trans,NA,6624
3,Trans,NA,6480
3,Trans,NA,6268
3,Trans,NA,6048
3,Trans,NA,5348
3,Trans,NA,5347
3,Trans,NA,5152
3,Trans,NA,4947
3,Trans,NA,4449
3,Trans,NA,4448
3,Trans,NA,4413
3,Trans,NA,4409
3,Trans,NA,4425
3,Trans,NA,4428
3,Trans,NA,4452
3,Trans,NA,4455
3,Trans,NA,4463
3,Trans,NA,4480
3,Trans,NA,4340
3,Trans,NA,4355
3,Trans,NA,4339
3,End,NA,4338
27,Taxi,NA,2670
27,Trans,NA,3307
27,Trans,NA,3357
27,Trans,NA,3355
27,Trans,NA,3389
27,Trans,NA,3390
27,Trans,NA,3426
27,Trans,NA,3427
27,Trans,NA,3331
27,Trans,NA,3274
27,Trans,NA,3275
27,Trans,NA,3229
27,Trans,NA,3180
27,Trans,NA,3117
27,Trans,NA,3057
27,Trans,NA,3046
27,Trans,NA,2969
27,Trans,NA,2940
27,Trans,NA,2908
27,Trans,NA,2878
27,Trans,NA,2838
27,Trans,NA,2817
27,Trans,NA,2816
27,Trans,NA,2759
27,Trans,NA,2708
27,Start,39,2634
27,Trans,NA,2633
27,Trans,NA,2642
27,Trans,NA,2639
27,Trans,NA,2682
27,Trans,NA,2683
27,Trans,NA,2700
27,Trans,NA,2716
27,Trans,NA,2747
27,Trans,NA,2875
27,Trans,NA,2906
27,Trans,NA,2626
27,Trans,NA,2606
27,Trans,NA,2607
27,Trans,NA,2643
27,Trans,NA,2731
27,Trans,NA,2754
27,Trans,NA,2942
27,Trans,NA,2943
27,Trans,NA,2974
27,Trans,NA,3146
27,Trans,NA,3216
27,Trans,NA,3379
27,Trans,NA,3415
27,Trans,NA,3626
27,Trans,NA,3760
27,Trans,NA,3761
27,Trans,NA,3882
27,Trans,NA,3890
27,End,NA,3927
29,Taxi,NA,4411
29,Trans,NA,5059
29,Trans,NA,5122
29,Trans,NA,5162
29,Trans,NA,5192
29,Trans,NA,5248
29,Trans,NA,5247
29,Trans,NA,5298
29,Trans,NA,5297
29,Trans,NA,5240
29,Trans,NA,5160
29,Trans,NA,5317
29,Trans,NA,5318
29,Trans,NA,5444
29,Trans,NA,5445
29,Trans,NA,5674
29,Trans,NA,5906
29,Trans,NA,5905
29,Trans,NA,6025
29,Trans,NA,6211
29,Trans,NA,6295
29,Trans,NA,6294
29,Trans,NA,6149
29,Trans,NA,6074
29,Trans,NA,6073
29,Trans,NA,5929
29,Trans,NA,5850
29,Trans,NA,5676
29,Trans,NA,5487
29,Trans,NA,5488
29,Trans,NA,5299
29,Trans,NA,5206
29,Trans,NA,5207
29,Trans,NA,5238
29,Trans,NA,5141
29,Trans,NA,4936
29,Trans,NA,4516
29,Start,39,4411
29,Trans,NA,4516
29,Trans,NA,4936
29,Trans,NA,5141
29,Trans,NA,5238
29,Trans,NA,5207
29,Trans,NA,5206
29,Trans,NA,5299
29,Trans,NA,5488
29,Trans,NA,5487
29,Trans,NA,5676
29,Trans,NA,5850
29,Trans,NA,5929
29,Trans,NA,6073
29,Trans,NA,6074
29,Trans,NA,6149
29,Trans,NA,6234
29,Trans,NA,6447
29,Trans,NA,6572
29,Trans,NA,6573
29,Trans,NA,6990
29,Trans,NA,7019
29,Trans,NA,7020
29,Trans,NA,7062
29,End,NA,7108
14,Taxi,NA,8348
14,Trans,NA,8526
14,Trans,NA,8527
14,Trans,NA,8573
14,Trans,NA,8623
14,Trans,NA,8465
14,Trans,NA,8292
14,Trans,NA,8373
14,Trans,NA,8374
14,Trans,NA,8391
14,Trans,NA,8329
14,Trans,NA,8349
14,Start,39,8386
14,Trans,NA,8483
14,Trans,NA,8673
14,Trans,NA,8750
14,Trans,NA,8748
14,Trans,NA,9067
14,Trans,NA,9257
14,Trans,NA,9363
14,Trans,NA,9413
14,Trans,NA,9412
14,Trans,NA,9394
14,Trans,NA,9462
14,Trans,NA,9502
14,Trans,NA,9501
14,Trans,NA,9518
14,Trans,NA,9547
14,Trans,NA,9565
14,Trans,NA,9582
14,Trans,NA,9583
14,Trans,NA,9621
14,Trans,NA,9668
14,Trans,NA,9701
14,Trans,NA,9725
14,Trans,NA,9726
14,Trans,NA,9782
14,Trans,NA,9839
14,Trans,NA,9854
14,Trans,NA,9890
14,Trans,NA,9891
14,Trans,NA,9862
14,Trans,NA,9829
14,Trans,NA,9808
14,End,NA,9799
5,Taxi,NA,2776
5,Trans,NA,1222
5,Trans,NA,1215
5,Trans,NA,1231
5,Trans,NA,1233
5,Trans,NA,1259
5,Trans,NA,1307
5,Trans,NA,1370
5,Trans,NA,1456
5,Trans,NA,1619
5,Trans,NA,1620
5,Trans,NA,1765
5,Trans,NA,1918
5,Trans,NA,1926
5,Trans,NA,1949
5,Trans,NA,1950
5,Trans,NA,2002
5,Trans,NA,2098
5,Trans,NA,2099
5,Trans,NA,2175
5,Trans,NA,2278
5,Trans,NA,2277
5,Trans,NA,2252
5,Trans,NA,2256
5,Trans,NA,2311
5,Trans,NA,2312
5,Trans,NA,2458
5,Trans,NA,2463
5,Trans,NA,2465
5,Trans,NA,2489
5,Trans,NA,2455
5,Trans,NA,2484
5,Trans,NA,2524
5,Trans,NA,2525
5,Trans,NA,2563
5,Trans,NA,2677
5,Trans,NA,2689
5,Trans,NA,2726
5,Trans,NA,2727
5,Trans,NA,2755
5,Trans,NA,2761
5,Trans,NA,2763
5,Trans,NA,2764
5,Trans,NA,2768
5,Start,41,2776
5,Trans,NA,2768
5,Trans,NA,2764
5,Trans,NA,2763
5,Trans,NA,2761
5,Trans,NA,2755
5,Trans,NA,2727
5,Trans,NA,2726
5,Trans,NA,2689
5,Trans,NA,2677
5,Trans,NA,2563
5,Trans,NA,2525
5,Trans,NA,2524
5,Trans,NA,2523
5,Trans,NA,2576
5,Trans,NA,2887
5,Trans,NA,3001
5,Trans,NA,3002
5,Trans,NA,2835
5,Trans,NA,2806
5,Trans,NA,2705
5,Trans,NA,2577
5,Trans,NA,2547
5,Trans,NA,2546
5,Trans,NA,2514
5,Trans,NA,2471
5,Trans,NA,2447
5,Trans,NA,2432
5,Trans,NA,2413
5,Trans,NA,2414
5,Trans,NA,2401
5,Trans,NA,2386
5,Trans,NA,2374
5,Trans,NA,2373
5,Trans,NA,2364
5,Trans,NA,2275
5,Trans,NA,2266
5,Trans,NA,2260
5,Trans,NA,2258
5,Trans,NA,2259
5,Trans,NA,2213
5,Trans,NA,2181
5,Trans,NA,2171
5,Trans,NA,2250
5,Trans,NA,2249
5,Trans,NA,2412
5,Trans,NA,2411
5,Trans,NA,2468
5,Trans,NA,2528
5,Trans,NA,2564
5,Trans,NA,2667
5,Trans,NA,2666
5,Trans,NA,2703
5,Trans,NA,2738
5,Trans,NA,2827
5,End,NA,2989
30,Taxi,NA,8070
30,Trans,NA,7978
30,Trans,NA,8097
30,Trans,NA,8211
30,Trans,NA,8212
30,Trans,NA,8344
30,Trans,NA,8478
30,Trans,NA,8443
30,Trans,NA,8442
30,Trans,NA,8380
30,Trans,NA,8195
30,Trans,NA,8203
30,Trans,NA,8204
30,Trans,NA,8206
30,Trans,NA,8144
30,Trans,NA,8101
30,Trans,NA,8061
30,Start,42,8070
30,Trans,NA,8061
30,Trans,NA,8101
30,Trans,NA,8144
30,Trans,NA,8206
30,Trans,NA,8205
30,Trans,NA,8336
30,Trans,NA,8355
30,Trans,NA,8394
30,Trans,NA,8396
30,Trans,NA,8539
30,Trans,NA,8538
30,Trans,NA,8626
30,Trans,NA,8756
30,Trans,NA,8754
30,Trans,NA,8800
30,Trans,NA,8863
30,Trans,NA,8913
30,Trans,NA,9052
30,Trans,NA,9053
30,Trans,NA,9203
30,Trans,NA,9202
30,Trans,NA,9295
30,Trans,NA,9377
30,End,NA,9361
18,Taxi,NA,2098
18,Trans,NA,3847
18,Trans,NA,3882
18,Trans,NA,3761
18,Trans,NA,3760
18,Trans,NA,3626
18,Trans,NA,3415
18,Trans,NA,3379
18,Trans,NA,3216
18,Trans,NA,3146
18,Trans,NA,2974
18,Trans,NA,2943
18,Trans,NA,2942
18,Trans,NA,2637
18,Trans,NA,2636
18,Trans,NA,2561
18,Trans,NA,2481
18,Trans,NA,2049
18,Trans,NA,2143
18,Trans,NA,2144
18,Trans,NA,2076
18,Trans,NA,2028
18,Trans,NA,2002
18,Start,42,2099
18,Trans,NA,2175
18,Trans,NA,2278
18,Trans,NA,2277
18,Trans,NA,2252
18,Trans,NA,2256
18,Trans,NA,2311
18,Trans,NA,2312
18,Trans,NA,2458
18,Trans,NA,2463
18,Trans,NA,2465
18,Trans,NA,2489
18,Trans,NA,2455
18,Trans,NA,2484
18,Trans,NA,2523
18,Trans,NA,2576
18,Trans,NA,2887
18,Trans,NA,3001
18,Trans,NA,3314
18,Trans,NA,3385
18,Trans,NA,3491
18,Trans,NA,3640
18,Trans,NA,3804
18,Trans,NA,4025
18,Trans,NA,4155
18,Trans,NA,4173
18,Trans,NA,4235
18,Trans,NA,4362
18,Trans,NA,4538
18,Trans,NA,4947
18,Trans,NA,5152
18,Trans,NA,5347
18,Trans,NA,5348
18,Trans,NA,6048
18,Trans,NA,6268
18,Trans,NA,6480
18,Trans,NA,6624
18,Trans,NA,6625
18,Trans,NA,6984
18,Trans,NA,6958
18,Trans,NA,6953
18,Trans,NA,6896
18,Trans,NA,6949
18,Trans,NA,7028
18,Trans,NA,7027
18,Trans,NA,7161
18,Trans,NA,7299
18,Trans,NA,7298
18,Trans,NA,7422
18,Trans,NA,7417
18,Trans,NA,7702
18,Trans,NA,7861
18,Trans,NA,7886
18,Trans,NA,7887
18,Trans,NA,7917
18,Trans,NA,7941
18,Trans,NA,8020
18,Trans,NA,8037
18,Trans,NA,8036
18,Trans,NA,8054
18,Trans,NA,8079
18,Trans,NA,8080
18,Trans,NA,8587
18,Trans,NA,8584
18,Trans,NA,9094
18,Trans,NA,9411
18,Trans,NA,9412
18,Trans,NA,9394
18,Trans,NA,9462
18,Trans,NA,9502
18,Trans,NA,9501
18,Trans,NA,9518
18,Trans,NA,9547
18,Trans,NA,9565
18,Trans,NA,9582
18,Trans,NA,9583
18,Trans,NA,9621
18,Trans,NA,9668
18,Trans,NA,9701
18,Trans,NA,9725
18,Trans,NA,9726
18,Trans,NA,9782
18,Trans,NA,9839
18,Trans,NA,9854
18,Trans,NA,9890
18,Trans,NA,9889
18,Trans,NA,9960
18,Trans,NA,9976
18,Trans,NA,9939
18,End,NA,9892
7,Taxi,NA,2925
7,Trans,NA,3390
7,Trans,NA,3426
7,Trans,NA,3427
7,Trans,NA,3331
7,Trans,NA,3274
7,Trans,NA,3275
7,Trans,NA,3229
7,Trans,NA,3180
7,Trans,NA,3117
7,Trans,NA,3057
7,Trans,NA,3046
7,Trans,NA,2969
7,Start,43,2925
7,Trans,NA,2940
7,Trans,NA,2908
7,Trans,NA,2878
7,Trans,NA,2838
7,Trans,NA,2817
7,Trans,NA,2816
7,Trans,NA,2759
7,Trans,NA,2708
7,Trans,NA,2670
7,Trans,NA,2634
7,Trans,NA,2633
7,Trans,NA,2642
7,Trans,NA,2639
7,Trans,NA,2682
7,Trans,NA,2683
7,Trans,NA,2700
7,Trans,NA,2716
7,Trans,NA,2747
7,Trans,NA,2875
7,Trans,NA,2970
7,Trans,NA,2995
7,Trans,NA,3066
7,Trans,NA,3224
7,Trans,NA,3365
7,Trans,NA,3436
7,Trans,NA,3550
7,Trans,NA,3623
7,Trans,NA,3624
7,Trans,NA,3951
7,Trans,NA,3999
7,Trans,NA,4045
7,Trans,NA,4114
7,Trans,NA,4178
7,Trans,NA,4276
7,Trans,NA,4303
7,Trans,NA,4304
7,Trans,NA,4426
7,Trans,NA,4475
7,Trans,NA,4474
7,Trans,NA,4700
7,Trans,NA,4746
7,Trans,NA,4745
7,Trans,NA,4797
7,Trans,NA,4938
7,Trans,NA,5078
7,Trans,NA,5086
7,Trans,NA,5087
7,Trans,NA,5196
7,Trans,NA,5195
7,Trans,NA,5112
7,Trans,NA,5079
7,Trans,NA,5140
7,Trans,NA,5139
7,End,NA,5435
28,Taxi,NA,7666
28,Trans,NA,9185
28,Trans,NA,9086
28,Trans,NA,8959
28,Trans,NA,8908
28,Trans,NA,8788
28,Trans,NA,8789
28,Trans,NA,8701
28,Trans,NA,8564
28,Trans,NA,8558
28,Trans,NA,8542
28,Trans,NA,8508
28,Trans,NA,8570
28,Trans,NA,8667
28,Trans,NA,8618
28,Trans,NA,8540
28,Trans,NA,8541
28,Trans,NA,8525
28,Trans,NA,8598
28,Trans,NA,8599
28,Trans,NA,8690
28,Trans,NA,8691
28,Trans,NA,8683
28,Trans,NA,8684
28,Trans,NA,8608
28,Trans,NA,8607
28,Trans,NA,8532
28,Trans,NA,8488
28,Trans,NA,8515
28,Trans,NA,8516
28,Trans,NA,8582
28,Trans,NA,8514
28,Trans,NA,8399
28,Trans,NA,8362
28,Trans,NA,8360
28,Trans,NA,8159
28,Trans,NA,8122
28,Trans,NA,8031
28,Trans,NA,7945
28,Trans,NA,7901
28,Trans,NA,7900
28,Trans,NA,7858
28,Trans,NA,7833
28,Trans,NA,7765
28,Start,46,7666
28,Trans,NA,7665
28,Trans,NA,7503
28,Trans,NA,7454
28,Trans,NA,7420
28,Trans,NA,7419
28,Trans,NA,7417
28,Trans,NA,7702
28,Trans,NA,7861
28,Trans,NA,7886
28,Trans,NA,7887
28,Trans,NA,7917
28,Trans,NA,7941
28,Trans,NA,8020
28,Trans,NA,8037
28,Trans,NA,8036
28,Trans,NA,8054
28,Trans,NA,8079
28,Trans,NA,8080
28,Trans,NA,8587
28,Trans,NA,8584
28,Trans,NA,9094
28,Trans,NA,9411
28,Trans,NA,9412
28,Trans,NA,9394
28,Trans,NA,9462
28,Trans,NA,9502
28,Trans,NA,9501
28,Trans,NA,9518
28,Trans,NA,9547
28,Trans,NA,9565
28,Trans,NA,9582
28,Trans,NA,9583
28,Trans,NA,9621
28,Trans,NA,9668
28,Trans,NA,9701
28,Trans,NA,9725
28,Trans,NA,9726
28,Trans,NA,9782
28,Trans,NA,9839
28,Trans,NA,9854
28,Trans,NA,9890
28,Trans,NA,9891
28,Trans,NA,9862
28,Trans,NA,9829
28,Trans,NA,9808
28,End,NA,9777
33,Taxi,NA,5736
33,Trans,NA,1754
33,Trans,NA,1755
33,Trans,NA,1851
33,Trans,NA,1885
33,Trans,NA,1992
33,Trans,NA,1975
33,Trans,NA,1980
33,Trans,NA,1974
33,Trans,NA,1973
33,Trans,NA,1950
33,Trans,NA,2028
33,Trans,NA,2076
33,Trans,NA,2144
33,Trans,NA,2143
33,Trans,NA,2049
33,Trans,NA,2481
33,Trans,NA,2561
33,Trans,NA,2636
33,Trans,NA,2637
33,Trans,NA,2942
33,Trans,NA,2943
33,Trans,NA,2974
33,Trans,NA,3146
33,Trans,NA,3216
33,Trans,NA,3379
33,Trans,NA,3378
33,Trans,NA,3821
33,Trans,NA,3960
33,Trans,NA,4070
33,Trans,NA,4185
33,Trans,NA,4323
33,Trans,NA,4322
33,Trans,NA,4704
33,Trans,NA,4730
33,Trans,NA,4843
33,Trans,NA,5457
33,Trans,NA,5584
33,Start,47,5736
33,Trans,NA,5584
33,Trans,NA,5457
33,Trans,NA,4843
33,Trans,NA,4730
33,Trans,NA,4704
33,Trans,NA,4322
33,Trans,NA,4323
33,Trans,NA,4185
33,Trans,NA,4070
33,Trans,NA,3960
33,Trans,NA,3821
33,Trans,NA,3378
33,Trans,NA,3379
33,Trans,NA,3216
33,Trans,NA,3146
33,Trans,NA,2974
33,Trans,NA,2943
33,Trans,NA,2942
33,Trans,NA,2637
33,Trans,NA,2636
33,Trans,NA,2561
33,Trans,NA,2481
33,Trans,NA,2049
33,Trans,NA,1946
33,Trans,NA,1947
33,Trans,NA,1909
33,Trans,NA,1865
33,Trans,NA,1795
33,Trans,NA,1722
33,Trans,NA,1655
33,Trans,NA,1567
33,Trans,NA,1568
33,Trans,NA,1451
33,Trans,NA,1394
33,Trans,NA,1381
33,Trans,NA,1310
33,Trans,NA,1312
33,Trans,NA,1216
33,Trans,NA,1208
33,Trans,NA,1203
33,Trans,NA,1197
33,Trans,NA,1189
33,Trans,NA,1185
33,Trans,NA,1179
33,Trans,NA,1175
33,Trans,NA,1166
33,Trans,NA,1164
33,Trans,NA,1153
33,Trans,NA,1116
33,Trans,NA,1084
33,Trans,NA,1052
33,Trans,NA,1041
33,Trans,NA,1040
33,Trans,NA,1025
33,Trans,NA,1001
33,Trans,NA,1006
33,Trans,NA,1007
33,Trans,NA,856
33,Trans,NA,837
33,Trans,NA,838
33,Trans,NA,756
33,Trans,NA,757
33,Trans,NA,619
33,Trans,NA,582
33,Trans,NA,551
33,Trans,NA,523
33,Trans,NA,505
33,Trans,NA,471
33,Trans,NA,449
33,Trans,NA,424
33,Trans,NA,423
33,Trans,NA,429
33,Trans,NA,433
33,Trans,NA,453
33,Trans,NA,487
33,Trans,NA,488
33,End,NA,498
9,Taxi,NA,7620
9,Trans,NA,9579
9,Trans,NA,9616
9,Trans,NA,9673
9,Trans,NA,9732
9,Trans,NA,9954
9,Trans,NA,9955
9,Trans,NA,10068
9,Trans,NA,10067
9,Trans,NA,10263
9,Trans,NA,10262
9,Trans,NA,10220
9,Trans,NA,10228
9,Trans,NA,10234
9,Trans,NA,10230
9,Trans,NA,10231
9,Trans,NA,10232
9,Trans,NA,10191
9,Trans,NA,10190
9,Trans,NA,10188
9,Trans,NA,10057
9,Trans,NA,10058
9,Trans,NA,9957
9,Trans,NA,9937
9,Trans,NA,9758
9,Trans,NA,9697
9,Trans,NA,9696
9,Trans,NA,9598
9,Trans,NA,9569
9,Trans,NA,9467
9,Trans,NA,9427
9,Trans,NA,9364
9,Trans,NA,9413
9,Trans,NA,9411
9,Trans,NA,9094
9,Trans,NA,8584
9,Trans,NA,8587
9,Trans,NA,8080
9,Trans,NA,8079
9,Trans,NA,8054
9,Trans,NA,8036
9,Trans,NA,8037
9,Trans,NA,8020
9,Trans,NA,7941
9,Trans,NA,7917
9,Trans,NA,7873
9,Trans,NA,7810
9,Trans,NA,7760
9,Trans,NA,7680
9,Trans,NA,7682
9,Start,47,7620
9,Trans,NA,7682
9,Trans,NA,7680
9,Trans,NA,7760
9,Trans,NA,7810
9,Trans,NA,7873
9,Trans,NA,7887
9,Trans,NA,7886
9,Trans,NA,7861
9,Trans,NA,7702
9,Trans,NA,7417
9,Trans,NA,7422
9,Trans,NA,7298
9,Trans,NA,7299
9,Trans,NA,7161
9,Trans,NA,7027
9,Trans,NA,7028
9,Trans,NA,6949
9,Trans,NA,6896
9,Trans,NA,6953
9,Trans,NA,6958
9,Trans,NA,6984
9,Trans,NA,6625
9,Trans,NA,6624
9,Trans,NA,6480
9,Trans,NA,6268
9,Trans,NA,6048
9,Trans,NA,5348
9,Trans,NA,5347
9,Trans,NA,5152
9,Trans,NA,4947
9,Trans,NA,4538
9,Trans,NA,4362
9,Trans,NA,4235
9,Trans,NA,4173
9,Trans,NA,4155
9,Trans,NA,4025
9,Trans,NA,3804
9,Trans,NA,3640
9,Trans,NA,3491
9,Trans,NA,3385
9,Trans,NA,3314
9,Trans,NA,3001
9,Trans,NA,2887
9,Trans,NA,2576
9,Trans,NA,2523
9,Trans,NA,2484
9,Trans,NA,2455
9,Trans,NA,2489
9,Trans,NA,2465
9,Trans,NA,2463
9,Trans,NA,2458
9,Trans,NA,2312
9,Trans,NA,2311
9,Trans,NA,2256
9,Trans,NA,2252
9,Trans,NA,2277
9,Trans,NA,2278
9,Trans,NA,2175
9,Trans,NA,2099
9,Trans,NA,2098
9,Trans,NA,2002
9,Trans,NA,1950
9,Trans,NA,1973
9,Trans,NA,1974
9,Trans,NA,1980
9,Trans,NA,1975
9,Trans,NA,1992
9,Trans,NA,1884
9,Trans,NA,1683
9,End,NA,1611
34,Taxi,NA,7050
34,Trans,NA,6961
34,Trans,NA,6995
34,Trans,NA,6996
34,Trans,NA,6956
34,Trans,NA,6997
34,Trans,NA,7033
34,Trans,NA,7054
34,Trans,NA,7056
34,Trans,NA,6927
34,Trans,NA,6983
34,Trans,NA,6981
34,Trans,NA,7023
34,Trans,NA,7049
34,Start,47,7050
34,Trans,NA,7049
34,Trans,NA,7023
34,Trans,NA,6982
34,Trans,NA,6778
34,Trans,NA,6779
34,Trans,NA,6651
34,Trans,NA,6652
34,Trans,NA,6617
34,Trans,NA,6566
34,Trans,NA,6496
34,Trans,NA,6478
34,Trans,NA,6479
34,Trans,NA,6435
34,Trans,NA,6412
34,Trans,NA,6382
34,Trans,NA,6369
34,Trans,NA,6328
34,Trans,NA,6298
34,Trans,NA,6274
34,Trans,NA,6275
34,End,NA,6212
32,Taxi,NA,800
32,Trans,NA,647
32,Trans,NA,675
32,Trans,NA,677
32,Trans,NA,662
32,Trans,NA,661
32,Trans,NA,650
32,Trans,NA,603
32,Trans,NA,602
32,Trans,NA,596
32,Trans,NA,586
32,Trans,NA,697
32,Trans,NA,643
32,Trans,NA,644
32,Trans,NA,617
32,Trans,NA,609
32,Trans,NA,637
32,Trans,NA,638
32,Trans,NA,645
32,Trans,NA,653
32,Trans,NA,686
32,Trans,NA,693
32,Trans,NA,694
32,Trans,NA,699
32,Trans,NA,711
32,Trans,NA,715
32,Trans,NA,733
32,Trans,NA,748
32,Trans,NA,758
32,Trans,NA,763
32,Trans,NA,744
32,Trans,NA,743
32,Trans,NA,764
32,Trans,NA,784
32,Trans,NA,808
32,Trans,NA,801
32,Start,47,800
32,Trans,NA,801
32,Trans,NA,808
32,Trans,NA,784
32,Trans,NA,764
32,Trans,NA,743
32,Trans,NA,744
32,Trans,NA,763
32,Trans,NA,758
32,Trans,NA,748
32,Trans,NA,733
32,Trans,NA,715
32,Trans,NA,711
32,Trans,NA,699
32,Trans,NA,694
32,Trans,NA,693
32,Trans,NA,686
32,Trans,NA,653
32,Trans,NA,645
32,Trans,NA,638
32,Trans,NA,637
32,Trans,NA,609
32,Trans,NA,617
32,Trans,NA,644
32,Trans,NA,643
32,Trans,NA,844
32,Trans,NA,1321
32,Trans,NA,1322
32,Trans,NA,1571
32,Trans,NA,1695
32,Trans,NA,1809
32,Trans,NA,1869
32,Trans,NA,1870
32,Trans,NA,1927
32,Trans,NA,1966
32,Trans,NA,1999
32,Trans,NA,2060
32,Trans,NA,2059
32,Trans,NA,2195
32,Trans,NA,2222
32,Trans,NA,2223
32,Trans,NA,2283
32,Trans,NA,2354
32,Trans,NA,2447
32,Trans,NA,2471
32,Trans,NA,2514
32,Trans,NA,2546
32,Trans,NA,2547
32,Trans,NA,2577
32,Trans,NA,2705
32,Trans,NA,2806
32,Trans,NA,2835
32,Trans,NA,3002
32,Trans,NA,3314
32,Trans,NA,3385
32,Trans,NA,3491
32,Trans,NA,3640
32,Trans,NA,3804
32,Trans,NA,4025
32,Trans,NA,4155
32,Trans,NA,4173
32,Trans,NA,4235
32,Trans,NA,4362
32,Trans,NA,4538
32,Trans,NA,4947
32,Trans,NA,5152
32,Trans,NA,5347
32,Trans,NA,5348
32,Trans,NA,6048
32,Trans,NA,6268
32,Trans,NA,6480
32,Trans,NA,6624
32,Trans,NA,6625
32,Trans,NA,6984
32,Trans,NA,6958
32,Trans,NA,6953
32,Trans,NA,6896
32,Trans,NA,6949
32,Trans,NA,7028
32,Trans,NA,7027
32,Trans,NA,7161
32,Trans,NA,7299
32,Trans,NA,7298
32,Trans,NA,7422
32,Trans,NA,7417
32,Trans,NA,7702
32,Trans,NA,7861
32,Trans,NA,7886
32,Trans,NA,7887
32,Trans,NA,7917
32,Trans,NA,7941
32,Trans,NA,8020
32,Trans,NA,8037
32,Trans,NA,8036
32,Trans,NA,8054
32,Trans,NA,8079
32,Trans,NA,8080
32,Trans,NA,8587
32,Trans,NA,8585
32,Trans,NA,8628
32,Trans,NA,8627
32,End,NA,8658
6,Taxi,NA,460
6,Trans,NA,1432
6,Trans,NA,1402
6,Trans,NA,1403
6,Trans,NA,1322
6,Trans,NA,1321
6,Trans,NA,844
6,Trans,NA,697
6,Trans,NA,581
6,Start,48,460
6,Trans,NA,581
6,Trans,NA,697
6,Trans,NA,844
6,Trans,NA,969
6,Trans,NA,970
6,Trans,NA,1132
6,Trans,NA,1160
6,Trans,NA,1161
6,Trans,NA,1169
6,Trans,NA,1193
6,Trans,NA,1202
6,Trans,NA,1224
6,Trans,NA,1223
6,Trans,NA,1239
6,Trans,NA,1231
6,Trans,NA,1233
6,Trans,NA,1259
6,Trans,NA,1307
6,Trans,NA,1370
6,Trans,NA,1456
6,Trans,NA,1619
6,Trans,NA,1620
6,Trans,NA,1765
6,Trans,NA,1918
6,Trans,NA,1926
6,Trans,NA,1949
6,Trans,NA,1950
6,Trans,NA,2028
6,Trans,NA,2076
6,Trans,NA,2144
6,Trans,NA,2187
6,Trans,NA,2313
6,Trans,NA,2398
6,Trans,NA,2473
6,Trans,NA,2472
6,Trans,NA,2554
6,Trans,NA,2626
6,End,NA,2691
31,Taxi,NA,5372
31,Trans,NA,5105
31,Trans,NA,5364
31,Trans,NA,5342
31,Trans,NA,5341
31,Trans,NA,5261
31,Trans,NA,5295
31,Trans,NA,5368
31,Trans,NA,5386
31,Trans,NA,5377
31,Trans,NA,5286
31,Start,48,5372
31,Trans,NA,5046
31,Trans,NA,4867
31,Trans,NA,4868
31,Trans,NA,4981
31,Trans,NA,5017
31,Trans,NA,5007
31,Trans,NA,5008
31,Trans,NA,4991
31,Trans,NA,4962
31,Trans,NA,4961
31,Trans,NA,4905
31,Trans,NA,4795
31,Trans,NA,4631
31,Trans,NA,4630
31,Trans,NA,4596
31,Trans,NA,4701
31,Trans,NA,4886
31,Trans,NA,5174
31,Trans,NA,5345
31,Trans,NA,5412
31,Trans,NA,5414
31,Trans,NA,5541
31,Trans,NA,5833
31,Trans,NA,5832
31,Trans,NA,5906
31,Trans,NA,5905
31,Trans,NA,6025
31,Trans,NA,6211
31,Trans,NA,6295
31,Trans,NA,6294
31,Trans,NA,6149
31,Trans,NA,6074
31,Trans,NA,6073
31,Trans,NA,5929
31,Trans,NA,5850
31,Trans,NA,5676
31,Trans,NA,5487
31,Trans,NA,5488
31,Trans,NA,5299
31,Trans,NA,5206
31,Trans,NA,5207
31,Trans,NA,5238
31,Trans,NA,5141
31,Trans,NA,4936
31,Trans,NA,4831
31,Trans,NA,4794
31,Trans,NA,4841
31,Trans,NA,4840
31,Trans,NA,4971
31,Trans,NA,4972
31,Trans,NA,5080
31,End,NA,5133
8,Taxi,NA,8729
8,Trans,NA,5145
8,Trans,NA,5213
8,Trans,NA,5321
8,Trans,NA,5299
8,Trans,NA,5488
8,Trans,NA,5487
8,Trans,NA,5676
8,Trans,NA,5850
8,Trans,NA,5929
8,Trans,NA,6073
8,Trans,NA,6074
8,Trans,NA,6149
8,Trans,NA,6234
8,Trans,NA,6447
8,Trans,NA,6572
8,Trans,NA,6573
8,Trans,NA,6990
8,Trans,NA,7110
8,Trans,NA,7157
8,Trans,NA,7207
8,Trans,NA,7266
8,Trans,NA,7265
8,Trans,NA,7406
8,Trans,NA,7407
8,Trans,NA,7371
8,Trans,NA,7504
8,Trans,NA,7454
8,Trans,NA,7420
8,Trans,NA,7419
8,Trans,NA,7417
8,Trans,NA,7702
8,Trans,NA,7861
8,Trans,NA,7886
8,Trans,NA,7887
8,Trans,NA,7918
8,Trans,NA,8125
8,Trans,NA,8200
8,Trans,NA,8199
8,Trans,NA,8345
8,Trans,NA,8385
8,Trans,NA,8483
8,Trans,NA,8673
8,Trans,NA,8750
8,Trans,NA,8749
8,Trans,NA,8728
8,Start,51,8729
8,Trans,NA,8728
8,Trans,NA,8749
8,Trans,NA,8750
8,Trans,NA,8673
8,Trans,NA,8485
8,Trans,NA,8446
8,Trans,NA,8445
8,Trans,NA,8417
8,Trans,NA,8401
8,Trans,NA,8374
8,Trans,NA,8373
8,Trans,NA,8292
8,Trans,NA,8465
8,Trans,NA,8623
8,Trans,NA,8573
8,Trans,NA,8527
8,Trans,NA,8526
8,Trans,NA,8524
8,Trans,NA,8566
8,Trans,NA,8517
8,Trans,NA,8528
8,Trans,NA,8530
8,Trans,NA,8643
8,Trans,NA,8715
8,Trans,NA,8716
8,Trans,NA,8674
8,Trans,NA,8675
8,Trans,NA,8516
8,Trans,NA,8515
8,Trans,NA,8381
8,Trans,NA,8140
8,Trans,NA,7996
8,Trans,NA,7955
8,Trans,NA,7756
8,Trans,NA,7757
8,Trans,NA,7776
8,Trans,NA,7793
8,Trans,NA,7788
8,Trans,NA,7787
8,Trans,NA,7770
8,Trans,NA,7786
8,Trans,NA,7758
8,Trans,NA,7669
8,Trans,NA,7668
8,End,NA,7583
17,Taxi,NA,10754
17,Trans,NA,11022
17,Trans,NA,11023
17,Trans,NA,10987
17,Trans,NA,10940
17,Trans,NA,10939
17,Trans,NA,10907
17,Trans,NA,10855
17,Trans,NA,10846
17,Trans,NA,10755
17,Start,53,10754
17,Trans,NA,10753
17,Trans,NA,10612
17,Trans,NA,10556
17,Trans,NA,10533
17,Trans,NA,10438
17,Trans,NA,10439
17,Trans,NA,10391
17,Trans,NA,10349
17,Trans,NA,10327
17,Trans,NA,10301
17,Trans,NA,10300
17,Trans,NA,10244
17,Trans,NA,10174
17,Trans,NA,10103
17,Trans,NA,10070
17,Trans,NA,10078
17,Trans,NA,10077
17,Trans,NA,9992
17,Trans,NA,9947
17,Trans,NA,9758
17,Trans,NA,9697
17,Trans,NA,9696
17,Trans,NA,9598
17,Trans,NA,9569
17,Trans,NA,9407
17,Trans,NA,9308
17,Trans,NA,9363
17,Trans,NA,9413
17,Trans,NA,9411
17,Trans,NA,9094
17,Trans,NA,8584
17,Trans,NA,8585
17,Trans,NA,8628
17,Trans,NA,8627
17,Trans,NA,8656
17,Trans,NA,8606
17,Trans,NA,8482
17,Trans,NA,8444
17,Trans,NA,8442
17,Trans,NA,8380
17,Trans,NA,8195
17,Trans,NA,8149
17,Trans,NA,8148
17,Trans,NA,8090
17,Trans,NA,8059
17,Trans,NA,8030
17,Trans,NA,7995
17,Trans,NA,7920
17,Trans,NA,7860
17,Trans,NA,7796
17,Trans,NA,7743
17,Trans,NA,7659
17,Trans,NA,7603
17,Trans,NA,7484
17,End,NA,7428
37,Taxi,NA,5221
37,Trans,NA,5874
37,Trans,NA,5840
37,Trans,NA,5839
37,Trans,NA,5769
37,Trans,NA,5713
37,Trans,NA,5678
37,Trans,NA,5605
37,Trans,NA,5467
37,Trans,NA,5484
37,Trans,NA,5379
37,Trans,NA,5378
37,Trans,NA,5209
37,Trans,NA,5264
37,Trans,NA,5239
37,Trans,NA,5156
37,Start,54,5221
37,Trans,NA,5156
37,Trans,NA,5239
37,Trans,NA,5264
37,Trans,NA,5209
37,Trans,NA,5210
37,Trans,NA,5095
37,Trans,NA,4975
37,Trans,NA,4895
37,Trans,NA,4896
37,Trans,NA,4651
37,Trans,NA,4650
37,Trans,NA,4552
37,Trans,NA,4402
37,Trans,NA,4374
37,Trans,NA,4375
37,Trans,NA,4326
37,Trans,NA,4324
37,Trans,NA,4323
37,Trans,NA,4185
37,Trans,NA,4070
37,Trans,NA,3960
37,Trans,NA,3821
37,Trans,NA,3378
37,Trans,NA,3379
37,Trans,NA,3216
37,Trans,NA,3146
37,Trans,NA,2974
37,Trans,NA,2943
37,Trans,NA,2942
37,Trans,NA,2637
37,Trans,NA,2636
37,Trans,NA,2561
37,Trans,NA,2481
37,Trans,NA,2049
37,Trans,NA,2048
37,Trans,NA,1978
37,Trans,NA,2025
37,Trans,NA,2024
37,Trans,NA,2078
37,Trans,NA,2007
37,Trans,NA,1957
37,Trans,NA,2062
37,Trans,NA,2116
37,Trans,NA,2150
37,Trans,NA,2152
37,End,NA,2208
24,Taxi,NA,10459
24,Trans,NA,5021
24,Trans,NA,5075
24,Trans,NA,5122
24,Trans,NA,5162
24,Trans,NA,5192
24,Trans,NA,5248
24,Trans,NA,5247
24,Trans,NA,5298
24,Trans,NA,5355
24,Trans,NA,5413
24,Trans,NA,5412
24,Trans,NA,5345
24,Trans,NA,5174
24,Trans,NA,5275
24,Trans,NA,5491
24,Trans,NA,5876
24,Trans,NA,6061
24,Trans,NA,6548
24,Trans,NA,7164
24,Trans,NA,7165
24,Trans,NA,7469
24,Trans,NA,7746
24,Trans,NA,7980
24,Trans,NA,8139
24,Trans,NA,8377
24,Trans,NA,8594
24,Trans,NA,8732
24,Trans,NA,8862
24,Trans,NA,9141
24,Trans,NA,9142
24,Trans,NA,9322
24,Trans,NA,9494
24,Trans,NA,9575
24,Trans,NA,9606
24,Trans,NA,9607
24,Trans,NA,9699
24,Trans,NA,10090
24,Trans,NA,10166
24,Trans,NA,10246
24,Trans,NA,10220
24,Trans,NA,10228
24,Trans,NA,10234
24,Trans,NA,10230
24,Trans,NA,10231
24,Trans,NA,10256
24,Trans,NA,10288
24,Trans,NA,10287
24,Trans,NA,10341
24,Trans,NA,10342
24,Trans,NA,10390
24,Trans,NA,10389
24,Trans,NA,10401
24,Trans,NA,10402
24,Trans,NA,10427
24,Start,54,10459
24,Trans,NA,10427
24,Trans,NA,10402
24,Trans,NA,10401
24,Trans,NA,10389
24,Trans,NA,10390
24,Trans,NA,10342
24,Trans,NA,10341
24,Trans,NA,10287
24,Trans,NA,10288
24,Trans,NA,10256
24,Trans,NA,10231
24,Trans,NA,10230
24,Trans,NA,10234
24,Trans,NA,10228
24,Trans,NA,10220
24,Trans,NA,10246
24,Trans,NA,10166
24,Trans,NA,10090
24,Trans,NA,9699
24,Trans,NA,9607
24,Trans,NA,9606
24,Trans,NA,9575
24,Trans,NA,9494
24,Trans,NA,9322
24,Trans,NA,9142
24,Trans,NA,9141
24,Trans,NA,8862
24,Trans,NA,8732
24,Trans,NA,8594
24,Trans,NA,8377
24,Trans,NA,8139
24,Trans,NA,7980
24,Trans,NA,7746
24,Trans,NA,7469
24,Trans,NA,7165
24,Trans,NA,7164
24,Trans,NA,6548
24,Trans,NA,6061
24,Trans,NA,5876
24,Trans,NA,5491
24,Trans,NA,5275
24,Trans,NA,4886
24,Trans,NA,4701
24,Trans,NA,4596
24,Trans,NA,4630
24,Trans,NA,4631
24,Trans,NA,4795
24,Trans,NA,4905
24,Trans,NA,4961
24,Trans,NA,4962
24,Trans,NA,4991
24,Trans,NA,5008
24,Trans,NA,5007
24,Trans,NA,4882
24,Trans,NA,4698
24,Trans,NA,4697
24,Trans,NA,4499
24,Trans,NA,4500
24,Trans,NA,4492
24,Trans,NA,4285
24,Trans,NA,4225
24,Trans,NA,4073
24,Trans,NA,4008
24,Trans,NA,3855
24,Trans,NA,3854
24,Trans,NA,3719
24,Trans,NA,3544
24,Trans,NA,3408
24,Trans,NA,3407
24,Trans,NA,3160
24,End,NA,3159
1,Taxi,NA,9154
1,Trans,NA,3677
1,Trans,NA,3466
1,Trans,NA,3467
1,Trans,NA,3399
1,Trans,NA,3403
1,Trans,NA,3404
1,Trans,NA,3424
1,Trans,NA,3430
1,Trans,NA,3354
1,Trans,NA,3341
1,Trans,NA,3299
1,Trans,NA,3280
1,Trans,NA,3273
1,Trans,NA,3272
1,Trans,NA,3260
1,Trans,NA,3287
1,Trans,NA,3349
1,Trans,NA,3416
1,Trans,NA,3641
1,Trans,NA,3804
1,Trans,NA,4025
1,Trans,NA,4155
1,Trans,NA,4173
1,Trans,NA,4235
1,Trans,NA,4362
1,Trans,NA,4538
1,Trans,NA,4947
1,Trans,NA,5152
1,Trans,NA,5347
1,Trans,NA,5348
1,Trans,NA,6048
1,Trans,NA,6268
1,Trans,NA,6480
1,Trans,NA,6624
1,Trans,NA,6625
1,Trans,NA,6984
1,Trans,NA,6958
1,Trans,NA,6953
1,Trans,NA,6896
1,Trans,NA,6949
1,Trans,NA,7028
1,Trans,NA,7027
1,Trans,NA,7161
1,Trans,NA,7299
1,Trans,NA,7298
1,Trans,NA,7422
1,Trans,NA,7417
1,Trans,NA,7702
1,Trans,NA,7861
1,Trans,NA,7886
1,Trans,NA,7887
1,Trans,NA,7917
1,Trans,NA,7941
1,Trans,NA,8020
1,Trans,NA,8037
1,Trans,NA,8036
1,Trans,NA,8054
1,Trans,NA,8079
1,Trans,NA,8080
1,Trans,NA,8587
1,Trans,NA,8584
1,Trans,NA,9094
1,Trans,NA,9411
1,Trans,NA,9412
1,Trans,NA,9394
1,Trans,NA,9462
1,Trans,NA,9502
1,Trans,NA,9501
1,Trans,NA,9518
1,Trans,NA,9499
1,Trans,NA,9514
1,Trans,NA,9512
1,Trans,NA,9429
1,Trans,NA,9404
1,Trans,NA,9384
1,Trans,NA,9390
1,Trans,NA,9247
1,Trans,NA,9177
1,Trans,NA,9178
1,Trans,NA,9168
1,Trans,NA,9156
1,Start,55,9154
1,Trans,NA,9156
1,Trans,NA,9168
1,Trans,NA,9178
1,Trans,NA,9177
1,Trans,NA,9247
1,Trans,NA,9390
1,Trans,NA,9384
1,Trans,NA,9404
1,Trans,NA,9429
1,Trans,NA,9512
1,Trans,NA,9514
1,Trans,NA,9499
1,Trans,NA,9547
1,Trans,NA,9565
1,Trans,NA,9582
1,Trans,NA,9583
1,Trans,NA,9621
1,Trans,NA,9718
1,Trans,NA,9719
1,Trans,NA,9826
1,Trans,NA,9876
1,Trans,NA,9922
1,Trans,NA,9921
1,Trans,NA,9965
1,Trans,NA,10065
1,Trans,NA,10175
1,Trans,NA,10244
1,Trans,NA,10300
1,Trans,NA,10301
1,Trans,NA,10327
1,Trans,NA,10349
1,Trans,NA,10391
1,Trans,NA,10439
1,Trans,NA,10438
1,Trans,NA,10533
1,Trans,NA,10556
1,Trans,NA,10612
1,Trans,NA,10753
1,Trans,NA,10755
1,Trans,NA,10846
1,Trans,NA,10926
1,Trans,NA,10927
1,Trans,NA,10941
1,Trans,NA,10977
1,Trans,NA,10976
1,Trans,NA,10952
1,Trans,NA,10935
1,Trans,NA,10953
1,End,NA,10949
11,Taxi,NA,5862
11,Trans,NA,1099
11,Trans,NA,1136
11,Trans,NA,1144
11,Trans,NA,1143
11,Trans,NA,1153
11,Trans,NA,1164
11,Trans,NA,1166
11,Trans,NA,1175
11,Trans,NA,1179
11,Trans,NA,1185
11,Trans,NA,1189
11,Trans,NA,1197
11,Trans,NA,1203
11,Trans,NA,1208
11,Trans,NA,1216
11,Trans,NA,1312
11,Trans,NA,1310
11,Trans,NA,1381
11,Trans,NA,1394
11,Trans,NA,1451
11,Trans,NA,1568
11,Trans,NA,1567
11,Trans,NA,1655
11,Trans,NA,1722
11,Trans,NA,1795
11,Trans,NA,1865
11,Trans,NA,1909
11,Trans,NA,1947
11,Trans,NA,1946
11,Trans,NA,2049
11,Trans,NA,2481
11,Trans,NA,2561
11,Trans,NA,2636
11,Trans,NA,2637
11,Trans,NA,2942
11,Trans,NA,2943
11,Trans,NA,2974
11,Trans,NA,3146
11,Trans,NA,3216
11,Trans,NA,3379
11,Trans,NA,3378
11,Trans,NA,3821
11,Trans,NA,3960
11,Trans,NA,4070
11,Trans,NA,4185
11,Trans,NA,4323
11,Trans,NA,4322
11,Trans,NA,4704
11,Trans,NA,4730
11,Trans,NA,4844
11,Trans,NA,5148
11,Trans,NA,5316
11,Trans,NA,5527
11,Trans,NA,5600
11,Trans,NA,5601
11,Trans,NA,5695
11,Trans,NA,5709
11,Trans,NA,5756
11,Trans,NA,5817
11,Trans,NA,5818
11,Trans,NA,5908
11,Trans,NA,6255
11,Trans,NA,6254
11,Trans,NA,6612
11,Trans,NA,7030
11,Trans,NA,6867
11,Trans,NA,6602
11,Trans,NA,6785
11,Trans,NA,6786
11,Trans,NA,6924
11,Trans,NA,6925
11,Trans,NA,6715
11,Trans,NA,6643
11,Trans,NA,6584
11,Trans,NA,6457
11,Trans,NA,6458
11,Trans,NA,6378
11,Trans,NA,6320
11,Trans,NA,6264
11,Trans,NA,6263
11,Trans,NA,6164
11,Trans,NA,6163
11,Trans,NA,6127
11,Trans,NA,6107
11,Trans,NA,6012
11,Trans,NA,5918
11,Start,56,5862
11,Trans,NA,5918
11,Trans,NA,6012
11,Trans,NA,6107
11,Trans,NA,6159
11,Trans,NA,6215
11,Trans,NA,6310
11,Trans,NA,6426
11,Trans,NA,6427
11,Trans,NA,6599
11,Trans,NA,6703
11,Trans,NA,6704
11,Trans,NA,6980
11,Trans,NA,6979
11,Trans,NA,7231
11,Trans,NA,7355
11,Trans,NA,7453
11,Trans,NA,7475
11,Trans,NA,7840
11,Trans,NA,7839
11,Trans,NA,7935
11,Trans,NA,7997
11,Trans,NA,8103
11,Trans,NA,8188
11,Trans,NA,8331
11,Trans,NA,8378
11,Trans,NA,8434
11,Trans,NA,8494
11,Trans,NA,8513
11,Trans,NA,8679
11,Trans,NA,8724
11,Trans,NA,8776
11,Trans,NA,8766
11,Trans,NA,8765
11,Trans,NA,8762
11,Trans,NA,8761
11,Trans,NA,8756
11,Trans,NA,8655
11,Trans,NA,8657
11,Trans,NA,8627
11,Trans,NA,8628
11,Trans,NA,8585
11,Trans,NA,8584
11,Trans,NA,9094
11,Trans,NA,9411
11,Trans,NA,9412
11,Trans,NA,9394
11,Trans,NA,9462
11,Trans,NA,9502
11,Trans,NA,9501
11,Trans,NA,9518
11,Trans,NA,9547
11,Trans,NA,9565
11,Trans,NA,9582
11,Trans,NA,9583
11,Trans,NA,9621
11,Trans,NA,9718
11,Trans,NA,9717
11,End,NA,9737
2,Taxi,NA,1376
2,Trans,NA,1160
2,Trans,NA,1132
2,Trans,NA,970
2,Trans,NA,969
2,Trans,NA,1321
2,Trans,NA,1322
2,Trans,NA,1403
2,Trans,NA,1404
2,Trans,NA,1349
2,Trans,NA,1378
2,Start,56,1376
2,Trans,NA,1378
2,Trans,NA,1349
2,Trans,NA,1404
2,Trans,NA,1403
2,Trans,NA,1571
2,Trans,NA,1695
2,Trans,NA,1809
2,Trans,NA,1869
2,Trans,NA,1870
2,Trans,NA,1927
2,Trans,NA,1966
2,Trans,NA,1999
2,Trans,NA,2060
2,Trans,NA,2059
2,Trans,NA,2195
2,Trans,NA,2222
2,Trans,NA,2223
2,Trans,NA,2283
2,Trans,NA,2354
2,Trans,NA,2447
2,Trans,NA,2471
2,Trans,NA,2514
2,Trans,NA,2546
2,Trans,NA,2547
2,Trans,NA,2577
2,Trans,NA,2705
2,Trans,NA,2806
2,Trans,NA,2835
2,Trans,NA,3002
2,Trans,NA,3001
2,Trans,NA,2887
2,Trans,NA,2576
2,Trans,NA,2523
2,Trans,NA,2484
2,Trans,NA,2455
2,Trans,NA,2489
2,Trans,NA,2649
2,Trans,NA,2760
2,Trans,NA,2898
2,Trans,NA,2899
2,Trans,NA,2941
2,Trans,NA,2939
2,Trans,NA,2932
2,Trans,NA,2933
2,Trans,NA,2964
2,Trans,NA,2993
2,Trans,NA,3032
2,Trans,NA,3053
2,Trans,NA,3075
2,End,NA,3097
20,Taxi,NA,7276
20,Trans,NA,6072
20,Trans,NA,5837
20,Trans,NA,5942
20,Trans,NA,5943
20,Trans,NA,6051
20,Trans,NA,6156
20,Trans,NA,6243
20,Trans,NA,6305
20,Trans,NA,6337
20,Trans,NA,6816
20,Trans,NA,6949
20,Trans,NA,7028
20,Trans,NA,7027
20,Trans,NA,7161
20,Trans,NA,7299
20,Trans,NA,7298
20,Trans,NA,7422
20,Trans,NA,7417
20,Trans,NA,7399
20,Trans,NA,7398
20,Trans,NA,7370
20,Trans,NA,7339
20,Trans,NA,7304
20,Trans,NA,7305
20,Start,58,7276
20,Trans,NA,7305
20,Trans,NA,7304
20,Trans,NA,7339
20,Trans,NA,7370
20,Trans,NA,7398
20,Trans,NA,7399
20,Trans,NA,7417
20,Trans,NA,7422
20,Trans,NA,7298
20,Trans,NA,7299
20,Trans,NA,7161
20,Trans,NA,7027
20,Trans,NA,7028
20,Trans,NA,6949
20,Trans,NA,6896
20,Trans,NA,6953
20,Trans,NA,6958
20,Trans,NA,6984
20,Trans,NA,6625
20,Trans,NA,6624
20,Trans,NA,6480
20,Trans,NA,6268
20,Trans,NA,6048
20,Trans,NA,5348
20,Trans,NA,5347
20,Trans,NA,5152
20,Trans,NA,4947
20,Trans,NA,4538
20,Trans,NA,4362
20,Trans,NA,4235
20,Trans,NA,4173
20,Trans,NA,4155
20,Trans,NA,4025
20,Trans,NA,3804
20,Trans,NA,3640
20,Trans,NA,3491
20,Trans,NA,3385
20,Trans,NA,3314
20,Trans,NA,3002
20,Trans,NA,2835
20,Trans,NA,2806
20,Trans,NA,2705
20,Trans,NA,2577
20,Trans,NA,2547
20,Trans,NA,2546
20,Trans,NA,2514
20,Trans,NA,2471
20,Trans,NA,2447
20,Trans,NA,2354
20,Trans,NA,2283
20,Trans,NA,2223
20,Trans,NA,2222
20,Trans,NA,2195
20,Trans,NA,2059
20,Trans,NA,2060
20,Trans,NA,1999
20,Trans,NA,1966
20,Trans,NA,1927
20,Trans,NA,1858
20,Trans,NA,1859
20,Trans,NA,1776
20,Trans,NA,1775
20,Trans,NA,1674
20,Trans,NA,1673
20,Trans,NA,1607
20,Trans,NA,1606
20,Trans,NA,1564
20,Trans,NA,1401
20,Trans,NA,1296
20,Trans,NA,1276
20,Trans,NA,1277
20,Trans,NA,1251
20,End,NA,1210
