10,Taxi,NA,5244
10,Trans,NA,5151
10,Trans,NA,5154
10,Trans,NA,5272
10,Trans,NA,5271
10,Trans,NA,5370
10,Trans,NA,5344
10,Trans,NA,5556
10,Trans,NA,5646
10,Trans,NA,5809
10,Trans,NA,5808
10,Trans,NA,6055
10,Trans,NA,6233
10,Trans,NA,6234
10,Trans,NA,6447
10,Trans,NA,6572
10,Trans,NA,6573
10,Trans,NA,6990
10,Trans,NA,7110
10,Trans,NA,7157
10,Trans,NA,7207
10,Trans,NA,7266
10,Trans,NA,7283
10,Start,1,7283
10,Trans,NA,7266
10,Trans,NA,7207
10,Trans,NA,7157
10,Trans,NA,7110
10,Trans,NA,6990
10,Trans,NA,6573
10,Trans,NA,6572
10,Trans,NA,6447
10,Trans,NA,6234
10,Trans,NA,6294
10,Trans,NA,6295
10,Trans,NA,6211
10,Trans,NA,6025
10,Trans,NA,5905
10,Trans,NA,5906
10,Trans,NA,5832
10,Trans,NA,5833
10,Trans,NA,5541
10,Trans,NA,5414
10,Trans,NA,5412
10,Trans,NA,5345
10,Trans,NA,5174
10,Trans,NA,4885
10,Trans,NA,4547
10,Trans,NA,4113
10,Trans,NA,4000
10,Trans,NA,3939
10,Trans,NA,3905
10,Trans,NA,3860
10,Trans,NA,3796
10,Trans,NA,3706
10,Trans,NA,3613
10,Trans,NA,3458
10,Trans,NA,3382
10,Trans,NA,3250
10,Trans,NA,3249
10,Trans,NA,3124
10,Trans,NA,2961
10,Trans,NA,2803
10,Trans,NA,2802
10,Trans,NA,2635
10,Trans,NA,2478
10,Trans,NA,2429
10,Trans,NA,2125
10,Trans,NA,2124
10,Trans,NA,1951
10,Trans,NA,1895
10,Trans,NA,1726
10,Trans,NA,1725
10,Trans,NA,1733
10,Trans,NA,1732
10,Trans,NA,1698
10,Trans,NA,1658
10,Trans,NA,1648
10,Trans,NA,1647
10,Trans,NA,1652
10,Trans,NA,1656
10,Trans,NA,1695
10,Trans,NA,1571
10,Trans,NA,1322
10,Trans,NA,1321
10,Trans,NA,844
10,Trans,NA,697
10,Trans,NA,586
10,Trans,NA,596
10,Trans,NA,602
10,Trans,NA,603
10,Trans,NA,650
10,Trans,NA,661
10,Trans,NA,662
10,Trans,NA,677
10,Trans,NA,675
10,Trans,NA,673
10,Trans,NA,674
10,Trans,NA,680
10,Trans,NA,672
10,Trans,NA,619
10,Trans,NA,582
10,Trans,NA,551
10,Trans,NA,523
10,Trans,NA,505
10,Trans,NA,471
10,Trans,NA,449
10,Trans,NA,424
10,Trans,NA,425
10,Trans,NA,384
10,Trans,NA,341
10,Trans,NA,332
10,Trans,NA,322
10,Trans,NA,310
10,Trans,NA,297
10,Trans,NA,289
10,Trans,NA,274
10,Trans,NA,270
10,Trans,NA,262
10,Trans,NA,252
10,Trans,NA,233
10,Trans,NA,232
10,Trans,NA,203
10,Trans,NA,204
10,Trans,NA,162
10,Trans,NA,181
10,Trans,NA,182
10,Trans,NA,133
10,Trans,NA,132
10,Trans,NA,104
10,Trans,NA,64
10,Trans,NA,63
10,Trans,NA,58
10,Trans,NA,52
10,Trans,NA,37
10,Trans,NA,84
10,Trans,NA,65
10,Trans,NA,66
10,Trans,NA,57
10,End,NA,101
24,Taxi,NA,6079
24,Trans,NA,6036
24,Trans,NA,5964
24,Trans,NA,6021
24,Trans,NA,6004
24,Trans,NA,5922
24,Start,2,5922
24,Trans,NA,6004
24,Trans,NA,6021
24,Trans,NA,5964
24,Trans,NA,6036
24,Trans,NA,6081
24,Trans,NA,6137
24,Trans,NA,6201
24,Trans,NA,6252
24,Trans,NA,6319
24,Trans,NA,6378
24,Trans,NA,6458
24,Trans,NA,6457
24,Trans,NA,6584
24,Trans,NA,6537
24,Trans,NA,6505
24,Trans,NA,6483
24,Trans,NA,6428
24,Trans,NA,6427
24,Trans,NA,6599
24,Trans,NA,6703
24,Trans,NA,6704
24,Trans,NA,6980
24,Trans,NA,6979
24,Trans,NA,7231
24,Trans,NA,7232
24,Trans,NA,7191
24,Trans,NA,7125
24,Trans,NA,7077
24,Trans,NA,7080
24,Trans,NA,7039
24,Trans,NA,7014
24,Trans,NA,6995
24,Trans,NA,6996
24,Trans,NA,6956
24,Trans,NA,6997
24,Trans,NA,7090
24,Trans,NA,7163
24,Trans,NA,7196
24,Trans,NA,7194
24,Trans,NA,7270
24,Trans,NA,7198
24,Trans,NA,7254
24,Trans,NA,7375
24,Trans,NA,7374
24,Trans,NA,7292
24,Trans,NA,7291
24,Trans,NA,7338
24,Trans,NA,7339
24,Trans,NA,7370
24,Trans,NA,7398
24,Trans,NA,7399
24,Trans,NA,7417
24,Trans,NA,7419
24,Trans,NA,7420
24,Trans,NA,7454
24,Trans,NA,7503
24,Trans,NA,7665
24,Trans,NA,7765
24,Trans,NA,7833
24,Trans,NA,7858
24,Trans,NA,7900
24,Trans,NA,7901
24,Trans,NA,7945
24,Trans,NA,8031
24,Trans,NA,8122
24,Trans,NA,8159
24,Trans,NA,8360
24,Trans,NA,8362
24,Trans,NA,8399
24,Trans,NA,8514
24,Trans,NA,8582
24,Trans,NA,8675
24,Trans,NA,8674
24,Trans,NA,8707
24,Trans,NA,9005
24,Trans,NA,9006
24,Trans,NA,9389
24,Trans,NA,9387
24,Trans,NA,9571
24,Trans,NA,9678
24,Trans,NA,9677
24,Trans,NA,9654
24,Trans,NA,9477
24,End,NA,9313
1,Taxi,NA,4290
1,Trans,NA,4338
1,Trans,NA,4339
1,Trans,NA,4355
1,Trans,NA,4340
1,Trans,NA,4480
1,Trans,NA,4463
1,Trans,NA,4455
1,Trans,NA,4452
1,Trans,NA,4428
1,Trans,NA,4425
1,Trans,NA,4409
1,Trans,NA,4413
1,Trans,NA,4448
1,Trans,NA,4449
1,Trans,NA,4947
1,Trans,NA,5152
1,Trans,NA,5347
1,Trans,NA,5407
1,Trans,NA,5433
1,Trans,NA,5474
1,Trans,NA,5529
1,Trans,NA,5528
1,Trans,NA,5693
1,Trans,NA,5692
1,Trans,NA,5757
1,Trans,NA,5925
1,Trans,NA,6022
1,Trans,NA,6024
1,Start,2,6024
1,Trans,NA,6022
1,Trans,NA,5925
1,Trans,NA,5757
1,Trans,NA,5752
1,Trans,NA,5823
1,Trans,NA,5786
1,Trans,NA,6048
1,Trans,NA,6268
1,Trans,NA,6480
1,Trans,NA,6624
1,Trans,NA,6625
1,Trans,NA,6984
1,Trans,NA,6958
1,Trans,NA,6953
1,Trans,NA,6896
1,Trans,NA,6949
1,Trans,NA,7028
1,Trans,NA,7029
1,Trans,NA,7013
1,Trans,NA,7106
1,Trans,NA,7103
1,Trans,NA,7102
1,End,NA,7047
22,Taxi,NA,3431
22,Trans,NA,3432
22,Trans,NA,3402
22,Trans,NA,3417
22,Trans,NA,3418
22,Trans,NA,3520
22,Trans,NA,3583
22,Trans,NA,3802
22,Trans,NA,3897
22,Trans,NA,3896
22,Trans,NA,3975
22,Trans,NA,4018
22,Trans,NA,4082
22,Trans,NA,4088
22,Start,2,4067
22,Trans,NA,4066
22,Trans,NA,4069
22,Trans,NA,4183
22,Trans,NA,4200
22,Trans,NA,4199
22,Trans,NA,4403
22,Trans,NA,4374
22,Trans,NA,4375
22,Trans,NA,4326
22,Trans,NA,4324
22,Trans,NA,4322
22,Trans,NA,4704
22,Trans,NA,4730
22,Trans,NA,4844
22,Trans,NA,5148
22,Trans,NA,5316
22,Trans,NA,5527
22,Trans,NA,5600
22,Trans,NA,5601
22,Trans,NA,5695
22,Trans,NA,5709
22,Trans,NA,5756
22,Trans,NA,5817
22,Trans,NA,5818
22,Trans,NA,5908
22,Trans,NA,6255
22,Trans,NA,6254
22,Trans,NA,6612
22,Trans,NA,7030
22,Trans,NA,6867
22,Trans,NA,6602
22,Trans,NA,6785
22,Trans,NA,6786
22,Trans,NA,6924
22,Trans,NA,6925
22,Trans,NA,6715
22,Trans,NA,6643
22,Trans,NA,6537
22,Trans,NA,6505
22,Trans,NA,6483
22,Trans,NA,6428
22,Trans,NA,6427
22,Trans,NA,6599
22,Trans,NA,6703
22,Trans,NA,6704
22,Trans,NA,6980
22,Trans,NA,6979
22,Trans,NA,7231
22,Trans,NA,7355
22,Trans,NA,7453
22,Trans,NA,7475
22,Trans,NA,7840
22,Trans,NA,7839
22,Trans,NA,7935
22,Trans,NA,7997
22,Trans,NA,8103
22,Trans,NA,8188
22,Trans,NA,8331
22,Trans,NA,8378
22,Trans,NA,8434
22,Trans,NA,8494
22,Trans,NA,8513
22,Trans,NA,8679
22,Trans,NA,8724
22,Trans,NA,8776
22,Trans,NA,8766
22,Trans,NA,8765
22,Trans,NA,8762
22,Trans,NA,8761
22,Trans,NA,8756
22,Trans,NA,8655
22,Trans,NA,8657
22,Trans,NA,8627
22,Trans,NA,8628
22,Trans,NA,8585
22,Trans,NA,8584
22,Trans,NA,9094
22,Trans,NA,9411
22,Trans,NA,9413
22,Trans,NA,9363
22,Trans,NA,9308
22,Trans,NA,9407
22,Trans,NA,9569
22,Trans,NA,9598
22,Trans,NA,9696
22,Trans,NA,9697
22,Trans,NA,9758
22,Trans,NA,9947
22,Trans,NA,9992
22,Trans,NA,10077
22,Trans,NA,10156
22,Trans,NA,10157
22,Trans,NA,10278
22,Trans,NA,10277
22,Trans,NA,10267
22,Trans,NA,10283
22,Trans,NA,10319
22,Trans,NA,10320
22,Trans,NA,10354
22,Trans,NA,10360
22,Trans,NA,10394
22,Trans,NA,10463
22,Trans,NA,10464
22,Trans,NA,10503
22,Trans,NA,10577
22,Trans,NA,10645
22,Trans,NA,10715
22,Trans,NA,10802
22,Trans,NA,10849
22,Trans,NA,10924
22,Trans,NA,10925
22,Trans,NA,10890
22,End,NA,10889
29,Taxi,NA,5059
29,Trans,NA,5122
29,Trans,NA,5162
29,Trans,NA,5192
29,Trans,NA,5248
29,Trans,NA,5247
29,Trans,NA,5298
29,Trans,NA,5297
29,Trans,NA,5240
29,Trans,NA,5160
29,Trans,NA,5317
29,Trans,NA,5318
29,Trans,NA,5083
29,Trans,NA,4952
29,Trans,NA,4953
29,Trans,NA,4973
29,Start,4,4973
29,Trans,NA,4953
29,Trans,NA,4952
29,Trans,NA,5083
29,Trans,NA,5318
29,Trans,NA,5317
29,Trans,NA,5330
29,Trans,NA,5542
29,Trans,NA,5414
29,Trans,NA,5412
29,Trans,NA,5345
29,Trans,NA,5174
29,Trans,NA,4886
29,Trans,NA,4701
29,Trans,NA,4596
29,Trans,NA,4630
29,Trans,NA,4631
29,Trans,NA,4795
29,Trans,NA,4905
29,Trans,NA,4961
29,Trans,NA,4962
29,Trans,NA,4991
29,Trans,NA,5008
29,Trans,NA,5007
29,Trans,NA,4882
29,Trans,NA,4698
29,Trans,NA,4697
29,Trans,NA,4499
29,Trans,NA,4500
29,Trans,NA,4491
29,Trans,NA,4415
29,Trans,NA,4433
29,Trans,NA,4419
29,Trans,NA,4420
29,Trans,NA,4468
29,End,NA,4506
11,Taxi,NA,8901
11,Trans,NA,8767
11,Trans,NA,8765
11,Trans,NA,8762
11,Trans,NA,8761
11,Trans,NA,8756
11,Trans,NA,8655
11,Trans,NA,8657
11,Trans,NA,8627
11,Trans,NA,8628
11,Trans,NA,8585
11,Trans,NA,8584
11,Trans,NA,9094
11,Trans,NA,9411
11,Trans,NA,9412
11,Trans,NA,9394
11,Trans,NA,9462
11,Trans,NA,9502
11,Trans,NA,9501
11,Trans,NA,9518
11,Trans,NA,9547
11,Trans,NA,9565
11,Trans,NA,9582
11,Trans,NA,9584
11,Start,6,9584
11,Trans,NA,9582
11,Trans,NA,9565
11,Trans,NA,9547
11,Trans,NA,9518
11,Trans,NA,9501
11,Trans,NA,9502
11,Trans,NA,9462
11,Trans,NA,9394
11,Trans,NA,9412
11,Trans,NA,9413
11,Trans,NA,9363
11,Trans,NA,9308
11,Trans,NA,9407
11,Trans,NA,9569
11,Trans,NA,9598
11,Trans,NA,9696
11,Trans,NA,9697
11,Trans,NA,9758
11,Trans,NA,9937
11,Trans,NA,9957
11,Trans,NA,10058
11,Trans,NA,10057
11,Trans,NA,10188
11,Trans,NA,10190
11,Trans,NA,10191
11,Trans,NA,10232
11,Trans,NA,10231
11,Trans,NA,10230
11,Trans,NA,10234
11,Trans,NA,10228
11,Trans,NA,10220
11,Trans,NA,10245
11,Trans,NA,10296
11,Trans,NA,10324
11,Trans,NA,10380
11,Trans,NA,10398
11,Trans,NA,10406
11,Trans,NA,10405
11,Trans,NA,10495
11,Trans,NA,10497
11,Trans,NA,10551
11,Trans,NA,10552
11,Trans,NA,10557
11,Trans,NA,10515
11,End,NA,10454
5,Taxi,NA,2549
5,Trans,NA,2613
5,Trans,NA,2619
5,Trans,NA,2598
5,Trans,NA,2532
5,Trans,NA,2499
5,Trans,NA,2528
5,Trans,NA,2480
5,Trans,NA,2479
5,Trans,NA,2442
5,Trans,NA,2475
5,Trans,NA,2736
5,Trans,NA,2792
5,Trans,NA,2938
5,Trans,NA,2952
5,Trans,NA,3098
5,Trans,NA,3099
5,Trans,NA,3182
5,Trans,NA,3203
5,Trans,NA,3202
5,Trans,NA,3248
5,Trans,NA,3294
5,Start,7,3294
5,Trans,NA,3333
5,Trans,NA,3334
5,Trans,NA,3478
5,Trans,NA,3475
5,Trans,NA,3521
5,Trans,NA,3564
5,Trans,NA,3776
5,Trans,NA,3856
5,Trans,NA,3893
5,Trans,NA,3892
5,Trans,NA,3873
5,Trans,NA,3865
5,Trans,NA,3855
5,Trans,NA,4008
5,Trans,NA,4073
5,Trans,NA,4225
5,Trans,NA,4285
5,Trans,NA,4492
5,Trans,NA,4500
5,Trans,NA,4499
5,Trans,NA,4697
5,Trans,NA,4698
5,Trans,NA,4882
5,Trans,NA,5007
5,Trans,NA,5008
5,Trans,NA,4991
5,Trans,NA,4962
5,Trans,NA,4961
5,Trans,NA,4905
5,Trans,NA,4795
5,Trans,NA,4631
5,Trans,NA,4630
5,Trans,NA,4596
5,Trans,NA,4701
5,Trans,NA,4886
5,Trans,NA,5275
5,Trans,NA,5491
5,Trans,NA,5876
5,Trans,NA,6061
5,Trans,NA,6548
5,Trans,NA,7164
5,Trans,NA,7165
5,Trans,NA,7469
5,Trans,NA,7746
5,Trans,NA,7980
5,Trans,NA,8139
5,Trans,NA,8377
5,Trans,NA,8594
5,Trans,NA,8732
5,Trans,NA,8862
5,Trans,NA,9141
5,Trans,NA,9142
5,Trans,NA,9322
5,Trans,NA,9494
5,Trans,NA,9575
5,Trans,NA,9606
5,Trans,NA,9607
5,Trans,NA,9699
5,Trans,NA,10090
5,Trans,NA,10166
5,Trans,NA,10246
5,Trans,NA,10245
5,Trans,NA,10296
5,Trans,NA,10324
5,Trans,NA,10523
5,Trans,NA,10486
5,Trans,NA,10487
5,Trans,NA,10548
5,Trans,NA,10549
5,Trans,NA,10637
5,Trans,NA,10636
5,Trans,NA,10671
5,End,NA,10794
47,Taxi,NA,4023
47,Trans,NA,4090
47,Trans,NA,4164
47,Trans,NA,4207
47,Trans,NA,4206
47,Trans,NA,4180
47,Trans,NA,4138
47,Trans,NA,4097
47,Trans,NA,4096
47,Trans,NA,4028
47,Trans,NA,4027
47,Trans,NA,4034
47,Start,7,4109
47,Trans,NA,4163
47,Trans,NA,4222
47,Trans,NA,4309
47,Trans,NA,4310
47,Trans,NA,4357
47,Trans,NA,4382
47,Trans,NA,4383
47,Trans,NA,4451
47,Trans,NA,4593
47,Trans,NA,4594
47,Trans,NA,4668
47,Trans,NA,4731
47,Trans,NA,4720
47,Trans,NA,4707
47,Trans,NA,4710
47,Trans,NA,4709
47,Trans,NA,4745
47,Trans,NA,4797
47,Trans,NA,4938
47,Trans,NA,5078
47,Trans,NA,5086
47,Trans,NA,5087
47,Trans,NA,5196
47,Trans,NA,5195
47,Trans,NA,5112
47,Trans,NA,5079
47,Trans,NA,4890
47,Trans,NA,4865
47,Trans,NA,4864
47,Trans,NA,4576
47,Trans,NA,4536
47,Trans,NA,4498
47,Trans,NA,4479
47,Trans,NA,4463
47,Trans,NA,4455
47,Trans,NA,4452
47,Trans,NA,4428
47,Trans,NA,4425
47,Trans,NA,4409
47,Trans,NA,4413
47,Trans,NA,4448
47,Trans,NA,4449
47,Trans,NA,4947
47,Trans,NA,5152
47,Trans,NA,5347
47,Trans,NA,5348
47,Trans,NA,6048
47,Trans,NA,6268
47,Trans,NA,6480
47,Trans,NA,6624
47,Trans,NA,6625
47,Trans,NA,6984
47,Trans,NA,6958
47,Trans,NA,6953
47,Trans,NA,6896
47,Trans,NA,6949
47,Trans,NA,7028
47,Trans,NA,7027
47,Trans,NA,7161
47,Trans,NA,7299
47,Trans,NA,7298
47,Trans,NA,7387
47,Trans,NA,7382
47,Trans,NA,7420
47,Trans,NA,7454
47,Trans,NA,7503
47,Trans,NA,7665
47,Trans,NA,7765
47,Trans,NA,7833
47,Trans,NA,7858
47,Trans,NA,7900
47,Trans,NA,7901
47,Trans,NA,7945
47,Trans,NA,8031
47,Trans,NA,8122
47,Trans,NA,8158
47,Trans,NA,8092
47,Trans,NA,8065
47,Trans,NA,8042
47,Trans,NA,8000
47,Trans,NA,7947
47,Trans,NA,7916
47,Trans,NA,7871
47,Trans,NA,7829
47,Trans,NA,7830
47,End,NA,7774
44,Taxi,NA,9979
44,Trans,NA,9980
44,Trans,NA,9930
44,Trans,NA,9850
44,Trans,NA,9851
44,Trans,NA,9833
44,Trans,NA,9806
44,Trans,NA,9818
44,Trans,NA,9783
44,Trans,NA,9751
44,Trans,NA,9898
44,Trans,NA,9897
44,Trans,NA,10012
44,Trans,NA,10037
44,Start,8,10037
44,Trans,NA,10012
44,Trans,NA,9897
44,Trans,NA,9898
44,Trans,NA,9750
44,Trans,NA,9653
44,Trans,NA,9592
44,Trans,NA,9550
44,Trans,NA,9548
44,Trans,NA,9503
44,Trans,NA,9505
44,Trans,NA,9472
44,Trans,NA,9441
44,Trans,NA,9432
44,Trans,NA,9425
44,Trans,NA,9426
44,Trans,NA,9403
44,Trans,NA,9377
44,Trans,NA,9295
44,Trans,NA,9202
44,Trans,NA,9203
44,Trans,NA,9053
44,Trans,NA,9052
44,Trans,NA,8913
44,Trans,NA,8863
44,Trans,NA,8800
44,Trans,NA,8754
44,Trans,NA,8756
44,Trans,NA,8655
44,Trans,NA,8657
44,Trans,NA,8627
44,Trans,NA,8628
44,Trans,NA,8585
44,Trans,NA,8584
44,Trans,NA,9094
44,Trans,NA,9411
44,Trans,NA,9413
44,Trans,NA,9363
44,Trans,NA,9308
44,Trans,NA,9407
44,Trans,NA,9569
44,Trans,NA,9598
44,Trans,NA,9696
44,Trans,NA,9697
44,Trans,NA,9758
44,Trans,NA,9937
44,Trans,NA,9957
44,Trans,NA,10058
44,Trans,NA,10057
44,Trans,NA,10188
44,Trans,NA,10190
44,Trans,NA,10191
44,Trans,NA,10232
44,Trans,NA,10231
44,Trans,NA,10230
44,Trans,NA,10234
44,Trans,NA,10228
44,Trans,NA,10220
44,Trans,NA,10246
44,Trans,NA,10166
44,Trans,NA,10090
44,Trans,NA,9699
44,Trans,NA,9646
44,Trans,NA,9647
44,Trans,NA,9572
44,Trans,NA,9419
44,Trans,NA,9418
44,Trans,NA,9351
44,Trans,NA,9290
44,Trans,NA,9131
44,Trans,NA,8976
44,Trans,NA,8943
44,End,NA,8940
8,Taxi,NA,8281
8,Trans,NA,8233
8,Trans,NA,8234
8,Trans,NA,8169
8,Trans,NA,8239
8,Trans,NA,8269
8,Trans,NA,8199
8,Trans,NA,8198
8,Trans,NA,8193
8,Start,11,8193
8,Trans,NA,8198
8,Trans,NA,8199
8,Trans,NA,8345
8,Trans,NA,8385
8,Trans,NA,8483
8,Trans,NA,8673
8,Trans,NA,8750
8,Trans,NA,8748
8,Trans,NA,9067
8,Trans,NA,9257
8,Trans,NA,9363
8,Trans,NA,9413
8,Trans,NA,9412
8,Trans,NA,9394
8,Trans,NA,9462
8,Trans,NA,9502
8,Trans,NA,9501
8,Trans,NA,9518
8,Trans,NA,9547
8,Trans,NA,9565
8,Trans,NA,9582
8,Trans,NA,9583
8,Trans,NA,9621
8,Trans,NA,9668
8,Trans,NA,9701
8,Trans,NA,9725
8,Trans,NA,9726
8,Trans,NA,9782
8,Trans,NA,9839
8,Trans,NA,9854
8,Trans,NA,9890
8,Trans,NA,9891
8,Trans,NA,9862
8,Trans,NA,9863
8,Trans,NA,9893
8,Trans,NA,9936
8,Trans,NA,9959
8,Trans,NA,9938
8,Trans,NA,9953
8,Trans,NA,9961
8,Trans,NA,9931
8,Trans,NA,9929
8,End,NA,9914
42,Taxi,NA,263
42,Trans,NA,259
42,Trans,NA,273
42,Trans,NA,260
42,Trans,NA,261
42,Trans,NA,270
42,Trans,NA,262
42,Trans,NA,252
42,Trans,NA,233
42,Trans,NA,232
42,Trans,NA,203
42,Trans,NA,204
42,Trans,NA,162
42,Trans,NA,181
42,Trans,NA,182
42,Trans,NA,133
42,Trans,NA,132
42,Trans,NA,104
42,Trans,NA,64
42,Trans,NA,63
42,Trans,NA,58
42,Trans,NA,52
42,Trans,NA,36
42,Trans,NA,23
42,Trans,NA,14
42,Trans,NA,28
42,Trans,NA,39
42,Trans,NA,40
42,Trans,NA,32
42,Trans,NA,29
42,Trans,NA,17
42,Trans,NA,13
42,Start,13,13
42,Trans,NA,17
42,Trans,NA,29
42,Trans,NA,32
42,Trans,NA,40
42,Trans,NA,39
42,Trans,NA,28
42,Trans,NA,14
42,Trans,NA,23
42,Trans,NA,36
42,Trans,NA,52
42,Trans,NA,58
42,Trans,NA,63
42,Trans,NA,64
42,Trans,NA,104
42,Trans,NA,132
42,Trans,NA,133
42,Trans,NA,182
42,Trans,NA,181
42,Trans,NA,162
42,Trans,NA,204
42,Trans,NA,203
42,Trans,NA,232
42,Trans,NA,233
42,Trans,NA,252
42,Trans,NA,262
42,Trans,NA,270
42,Trans,NA,274
42,Trans,NA,289
42,Trans,NA,297
42,Trans,NA,310
42,Trans,NA,322
42,Trans,NA,332
42,Trans,NA,341
42,Trans,NA,384
42,Trans,NA,425
42,Trans,NA,424
42,Trans,NA,449
42,Trans,NA,471
42,Trans,NA,505
42,Trans,NA,523
42,Trans,NA,551
42,Trans,NA,582
42,Trans,NA,619
42,Trans,NA,757
42,Trans,NA,756
42,Trans,NA,838
42,Trans,NA,837
42,Trans,NA,856
42,Trans,NA,1007
42,Trans,NA,1006
42,Trans,NA,1001
42,Trans,NA,1025
42,Trans,NA,1040
42,Trans,NA,1041
42,Trans,NA,1052
42,Trans,NA,1084
42,Trans,NA,1116
42,Trans,NA,1153
42,Trans,NA,1164
42,Trans,NA,1166
42,Trans,NA,1175
42,Trans,NA,1179
42,Trans,NA,1185
42,Trans,NA,1189
42,Trans,NA,1197
42,Trans,NA,1203
42,Trans,NA,1208
42,Trans,NA,1216
42,Trans,NA,1312
42,Trans,NA,1310
42,Trans,NA,1381
42,Trans,NA,1394
42,Trans,NA,1451
42,Trans,NA,1568
42,Trans,NA,1567
42,Trans,NA,1655
42,Trans,NA,1722
42,Trans,NA,1795
42,Trans,NA,1865
42,Trans,NA,1909
42,Trans,NA,1947
42,Trans,NA,1946
42,Trans,NA,2049
42,Trans,NA,2481
42,Trans,NA,2561
42,Trans,NA,2636
42,Trans,NA,2637
42,Trans,NA,2942
42,Trans,NA,2943
42,Trans,NA,2974
42,Trans,NA,3146
42,Trans,NA,3216
42,Trans,NA,3379
42,Trans,NA,3378
42,Trans,NA,3821
42,Trans,NA,3960
42,Trans,NA,4070
42,Trans,NA,4185
42,Trans,NA,4323
42,Trans,NA,4322
42,Trans,NA,4704
42,Trans,NA,4730
42,Trans,NA,4844
42,Trans,NA,5148
42,Trans,NA,5316
42,Trans,NA,5527
42,Trans,NA,5600
42,Trans,NA,5601
42,Trans,NA,5695
42,Trans,NA,5709
42,Trans,NA,5756
42,Trans,NA,5817
42,Trans,NA,5818
42,Trans,NA,5908
42,Trans,NA,6255
42,Trans,NA,6254
42,Trans,NA,6612
42,Trans,NA,7030
42,Trans,NA,6867
42,Trans,NA,6602
42,Trans,NA,6785
42,Trans,NA,6786
42,Trans,NA,6924
42,Trans,NA,6925
42,Trans,NA,6715
42,Trans,NA,6642
42,Trans,NA,6557
42,Trans,NA,6637
42,Trans,NA,6732
42,Trans,NA,6781
42,Trans,NA,6828
42,End,NA,6870
30,Taxi,NA,7978
30,Trans,NA,8097
30,Trans,NA,8211
30,Trans,NA,8212
30,Trans,NA,8344
30,Trans,NA,8479
30,Trans,NA,8627
30,Trans,NA,8657
30,Trans,NA,8655
30,Trans,NA,8756
30,Trans,NA,8761
30,Trans,NA,8762
30,Trans,NA,8765
30,Trans,NA,8766
30,Trans,NA,8883
30,Trans,NA,8969
30,Start,17,8969
30,Trans,NA,8883
30,Trans,NA,8766
30,Trans,NA,8765
30,Trans,NA,8762
30,Trans,NA,8761
30,Trans,NA,8756
30,Trans,NA,8655
30,Trans,NA,8657
30,Trans,NA,8627
30,Trans,NA,8628
30,Trans,NA,8585
30,Trans,NA,8584
30,Trans,NA,9094
30,Trans,NA,9411
30,Trans,NA,9413
30,Trans,NA,9363
30,Trans,NA,9308
30,Trans,NA,9407
30,Trans,NA,9569
30,Trans,NA,9598
30,Trans,NA,9696
30,Trans,NA,9697
30,Trans,NA,9758
30,Trans,NA,9937
30,Trans,NA,9957
30,Trans,NA,10058
30,Trans,NA,10057
30,Trans,NA,10188
30,Trans,NA,10190
30,Trans,NA,10191
30,Trans,NA,10232
30,Trans,NA,10231
30,Trans,NA,10230
30,Trans,NA,10234
30,Trans,NA,10228
30,Trans,NA,10220
30,Trans,NA,10262
30,Trans,NA,10263
30,Trans,NA,10067
30,Trans,NA,10068
30,Trans,NA,9955
30,Trans,NA,9954
30,Trans,NA,9732
30,Trans,NA,9673
30,Trans,NA,9616
30,End,NA,9579
18,Taxi,NA,10720
18,Trans,NA,10799
18,Trans,NA,10839
18,Trans,NA,10875
18,Trans,NA,10923
18,Trans,NA,10924
18,Trans,NA,10849
18,Trans,NA,10803
18,Trans,NA,10723
18,Trans,NA,10626
18,Trans,NA,10699
18,Trans,NA,10700
18,Trans,NA,10753
18,Trans,NA,10612
18,Trans,NA,10556
18,Trans,NA,10533
18,Trans,NA,10438
18,Trans,NA,10439
18,Trans,NA,10391
18,Trans,NA,10349
18,Trans,NA,10327
18,Trans,NA,10330
18,Trans,NA,10333
18,Trans,NA,10334
18,Trans,NA,10269
18,Trans,NA,10297
18,Trans,NA,10312
18,Trans,NA,10345
18,Trans,NA,10366
18,Trans,NA,10365
18,Trans,NA,10364
18,Trans,NA,10363
18,Trans,NA,10362
18,Start,19,10362
18,Trans,NA,10363
18,Trans,NA,10364
18,Trans,NA,10365
18,Trans,NA,10366
18,Trans,NA,10345
18,Trans,NA,10312
18,Trans,NA,10297
18,Trans,NA,10269
18,Trans,NA,10260
18,Trans,NA,10201
18,Trans,NA,10174
18,Trans,NA,10103
18,Trans,NA,10070
18,Trans,NA,10078
18,Trans,NA,10077
18,Trans,NA,9992
18,Trans,NA,9947
18,Trans,NA,9758
18,Trans,NA,9697
18,Trans,NA,9696
18,Trans,NA,9598
18,Trans,NA,9569
18,Trans,NA,9407
18,Trans,NA,9308
18,Trans,NA,9363
18,Trans,NA,9413
18,Trans,NA,9411
18,Trans,NA,9094
18,Trans,NA,8584
18,Trans,NA,8587
18,Trans,NA,8080
18,Trans,NA,8079
18,Trans,NA,8054
18,Trans,NA,8036
18,Trans,NA,8037
18,Trans,NA,8020
18,Trans,NA,7941
18,Trans,NA,7917
18,Trans,NA,7887
18,Trans,NA,7886
18,Trans,NA,7861
18,Trans,NA,7702
18,Trans,NA,7417
18,Trans,NA,7422
18,Trans,NA,7298
18,Trans,NA,7299
18,Trans,NA,7161
18,Trans,NA,7027
18,Trans,NA,7028
18,Trans,NA,6949
18,Trans,NA,6896
18,Trans,NA,6953
18,Trans,NA,6958
18,Trans,NA,6984
18,Trans,NA,6625
18,Trans,NA,6624
18,Trans,NA,6480
18,Trans,NA,6268
18,Trans,NA,6048
18,Trans,NA,5348
18,Trans,NA,5347
18,Trans,NA,5152
18,Trans,NA,4947
18,Trans,NA,4538
18,Trans,NA,4362
18,Trans,NA,4235
18,Trans,NA,4173
18,Trans,NA,4155
18,Trans,NA,4025
18,Trans,NA,3804
18,Trans,NA,3640
18,Trans,NA,3491
18,Trans,NA,3385
18,Trans,NA,3314
18,Trans,NA,3001
18,Trans,NA,2887
18,Trans,NA,2576
18,Trans,NA,2523
18,Trans,NA,2484
18,Trans,NA,2455
18,Trans,NA,2489
18,Trans,NA,2465
18,Trans,NA,2463
18,Trans,NA,2458
18,Trans,NA,2312
18,Trans,NA,2311
18,Trans,NA,2256
18,Trans,NA,2252
18,Trans,NA,2277
18,Trans,NA,2278
18,Trans,NA,2177
18,Trans,NA,2145
18,Trans,NA,2144
18,Trans,NA,2076
18,Trans,NA,2028
18,Trans,NA,1950
18,Trans,NA,1949
18,Trans,NA,1926
18,Trans,NA,1918
18,Trans,NA,1765
18,Trans,NA,1620
18,Trans,NA,1619
18,Trans,NA,1456
18,Trans,NA,1370
18,Trans,NA,1307
18,Trans,NA,1259
18,Trans,NA,1233
18,Trans,NA,1231
18,Trans,NA,1215
18,End,NA,1222
50,Taxi,NA,6501
50,Trans,NA,6555
50,Trans,NA,6642
50,Trans,NA,6715
50,Trans,NA,6925
50,Trans,NA,6924
50,Trans,NA,6786
50,Trans,NA,6785
50,Trans,NA,6602
50,Trans,NA,6867
50,Trans,NA,7030
50,Trans,NA,6612
50,Trans,NA,6254
50,Trans,NA,5743
50,Start,24,5743
50,Trans,NA,6254
50,Trans,NA,6612
50,Trans,NA,7030
50,Trans,NA,6867
50,Trans,NA,6602
50,Trans,NA,6785
50,Trans,NA,6786
50,Trans,NA,6924
50,Trans,NA,6925
50,Trans,NA,6715
50,Trans,NA,6643
50,Trans,NA,6537
50,Trans,NA,6505
50,Trans,NA,6483
50,Trans,NA,6428
50,Trans,NA,6427
50,Trans,NA,6599
50,Trans,NA,6703
50,Trans,NA,6704
50,Trans,NA,6980
50,Trans,NA,6979
50,Trans,NA,7231
50,Trans,NA,7232
50,Trans,NA,7191
50,Trans,NA,7125
50,Trans,NA,7077
50,Trans,NA,7080
50,Trans,NA,7039
50,Trans,NA,7014
50,Trans,NA,6995
50,Trans,NA,6996
50,Trans,NA,6956
50,Trans,NA,6997
50,Trans,NA,7090
50,Trans,NA,7163
50,Trans,NA,7196
50,Trans,NA,7194
50,Trans,NA,7270
50,Trans,NA,7198
50,Trans,NA,7254
50,Trans,NA,7375
50,Trans,NA,7374
50,Trans,NA,7292
50,Trans,NA,7291
50,Trans,NA,7338
50,Trans,NA,7339
50,Trans,NA,7389
50,Trans,NA,7388
50,Trans,NA,7443
50,Trans,NA,7465
50,Trans,NA,7552
50,Trans,NA,7634
50,Trans,NA,7723
50,Trans,NA,7722
50,Trans,NA,7769
50,Trans,NA,7886
50,Trans,NA,7943
50,Trans,NA,7985
50,Trans,NA,7984
50,Trans,NA,8035
50,Trans,NA,8164
50,Trans,NA,8163
50,Trans,NA,8273
50,Trans,NA,8373
50,Trans,NA,8292
50,Trans,NA,8465
50,Trans,NA,8623
50,Trans,NA,8573
50,Trans,NA,8527
50,End,NA,8526
28,Taxi,NA,9185
28,Trans,NA,9086
28,Trans,NA,9183
28,Trans,NA,9182
28,Trans,NA,9332
28,Trans,NA,9375
28,Trans,NA,9320
28,Trans,NA,9322
28,Trans,NA,9494
28,Trans,NA,9575
28,Trans,NA,9606
28,Trans,NA,9607
28,Trans,NA,9699
28,Trans,NA,10090
28,Trans,NA,10166
28,Trans,NA,10246
28,Trans,NA,10220
28,Trans,NA,10228
28,Trans,NA,10234
28,Trans,NA,10230
28,Trans,NA,10231
28,Trans,NA,10256
28,Trans,NA,10288
28,Trans,NA,10287
28,Trans,NA,10341
28,Trans,NA,10342
28,Trans,NA,10390
28,Trans,NA,10389
28,Trans,NA,10401
28,Trans,NA,10402
28,Trans,NA,10407
28,Trans,NA,10421
28,Trans,NA,10394
28,Trans,NA,10360
28,Trans,NA,10354
28,Start,25,10354
28,Trans,NA,10360
28,Trans,NA,10394
28,Trans,NA,10421
28,Trans,NA,10407
28,Trans,NA,10402
28,Trans,NA,10401
28,Trans,NA,10389
28,Trans,NA,10390
28,Trans,NA,10342
28,Trans,NA,10341
28,Trans,NA,10287
28,Trans,NA,10288
28,Trans,NA,10256
28,Trans,NA,10231
28,Trans,NA,10230
28,Trans,NA,10234
28,Trans,NA,10228
28,Trans,NA,10187
28,Trans,NA,10186
28,Trans,NA,10106
28,Trans,NA,10107
28,Trans,NA,10054
28,Trans,NA,10014
28,Trans,NA,9999
28,Trans,NA,9998
28,Trans,NA,9913
28,Trans,NA,9776
28,Trans,NA,9677
28,Trans,NA,9678
28,Trans,NA,9571
28,Trans,NA,9387
28,Trans,NA,9389
28,Trans,NA,9006
28,Trans,NA,9005
28,Trans,NA,8707
28,Trans,NA,8674
28,Trans,NA,8675
28,Trans,NA,8516
28,Trans,NA,8515
28,Trans,NA,8381
28,Trans,NA,8140
28,Trans,NA,7996
28,Trans,NA,7955
28,Trans,NA,7756
28,Trans,NA,7461
28,Trans,NA,7307
28,Trans,NA,7200
28,Trans,NA,7068
28,Trans,NA,7069
28,Trans,NA,6846
28,Trans,NA,6569
28,Trans,NA,6678
28,Trans,NA,6677
28,Trans,NA,6609
28,Trans,NA,6500
28,Trans,NA,6484
28,Trans,NA,6234
28,End,NA,6233
21,Taxi,NA,10242
21,Trans,NA,10210
21,Trans,NA,10213
21,Trans,NA,10189
21,Trans,NA,10178
21,Trans,NA,10177
21,Trans,NA,10159
21,Trans,NA,10051
21,Trans,NA,10050
21,Trans,NA,10043
21,Trans,NA,10016
21,Trans,NA,10017
21,Trans,NA,9944
21,Trans,NA,9943
21,Trans,NA,9883
21,Trans,NA,9882
21,Trans,NA,9854
21,Trans,NA,9840
21,Trans,NA,9924
21,Trans,NA,9925
21,Trans,NA,9965
21,Trans,NA,10065
21,Trans,NA,10175
21,Trans,NA,10244
21,Trans,NA,10300
21,Trans,NA,10301
21,Trans,NA,10327
21,Trans,NA,10349
21,Trans,NA,10391
21,Trans,NA,10453
21,Trans,NA,10452
21,Start,26,10452
21,Trans,NA,10453
21,Trans,NA,10391
21,Trans,NA,10349
21,Trans,NA,10327
21,Trans,NA,10301
21,Trans,NA,10300
21,Trans,NA,10244
21,Trans,NA,10174
21,Trans,NA,10103
21,Trans,NA,10070
21,Trans,NA,10078
21,Trans,NA,10077
21,Trans,NA,9992
21,Trans,NA,9947
21,Trans,NA,9758
21,Trans,NA,9697
21,Trans,NA,9696
21,Trans,NA,9598
21,Trans,NA,9569
21,Trans,NA,9407
21,Trans,NA,9308
21,Trans,NA,9363
21,Trans,NA,9413
21,Trans,NA,9411
21,Trans,NA,9094
21,Trans,NA,8584
21,Trans,NA,8585
21,Trans,NA,8628
21,Trans,NA,8627
21,Trans,NA,8657
21,Trans,NA,8655
21,Trans,NA,8756
21,Trans,NA,8761
21,Trans,NA,8762
21,Trans,NA,8765
21,Trans,NA,8766
21,Trans,NA,8776
21,Trans,NA,8724
21,Trans,NA,8679
21,Trans,NA,8513
21,Trans,NA,8494
21,Trans,NA,8434
21,Trans,NA,8378
21,Trans,NA,8331
21,Trans,NA,8188
21,Trans,NA,8103
21,Trans,NA,7997
21,Trans,NA,7935
21,Trans,NA,7839
21,Trans,NA,7840
21,Trans,NA,7475
21,Trans,NA,7453
21,Trans,NA,7355
21,Trans,NA,7231
21,Trans,NA,6979
21,Trans,NA,6980
21,Trans,NA,6704
21,Trans,NA,6703
21,Trans,NA,6599
21,Trans,NA,6427
21,Trans,NA,6428
21,Trans,NA,6483
21,Trans,NA,6505
21,Trans,NA,6537
21,Trans,NA,6643
21,Trans,NA,6715
21,Trans,NA,6925
21,Trans,NA,6924
21,Trans,NA,6786
21,Trans,NA,6785
21,Trans,NA,6602
21,Trans,NA,6867
21,Trans,NA,7030
21,Trans,NA,6612
21,Trans,NA,6254
21,Trans,NA,6255
21,Trans,NA,5908
21,Trans,NA,5818
21,Trans,NA,5817
21,Trans,NA,5756
21,Trans,NA,5709
21,Trans,NA,5695
21,Trans,NA,5601
21,Trans,NA,5600
21,Trans,NA,5527
21,Trans,NA,5316
21,Trans,NA,5148
21,Trans,NA,4844
21,Trans,NA,4730
21,Trans,NA,4704
21,Trans,NA,4322
21,Trans,NA,4323
21,Trans,NA,4185
21,Trans,NA,4070
21,Trans,NA,3960
21,Trans,NA,3821
21,Trans,NA,3378
21,Trans,NA,3415
21,Trans,NA,3626
21,Trans,NA,3760
21,Trans,NA,3761
21,Trans,NA,3882
21,End,NA,3847
9,Taxi,NA,7004
9,Trans,NA,7035
9,Trans,NA,7180
9,Trans,NA,7181
9,Trans,NA,7238
9,Trans,NA,7427
9,Trans,NA,7555
9,Trans,NA,7724
9,Trans,NA,7726
9,Trans,NA,7856
9,Trans,NA,7914
9,Trans,NA,8114
9,Trans,NA,8112
9,Trans,NA,8416
9,Trans,NA,8565
9,Trans,NA,8564
9,Trans,NA,8701
9,Trans,NA,8789
9,Trans,NA,8788
9,Start,26,8862
9,Trans,NA,8732
9,Trans,NA,8594
9,Trans,NA,8377
9,Trans,NA,8139
9,Trans,NA,7980
9,Trans,NA,7746
9,Trans,NA,7469
9,Trans,NA,7165
9,Trans,NA,7164
9,Trans,NA,6548
9,Trans,NA,6061
9,Trans,NA,5876
9,Trans,NA,5491
9,Trans,NA,5275
9,Trans,NA,4885
9,Trans,NA,4547
9,Trans,NA,4113
9,Trans,NA,4000
9,Trans,NA,3939
9,Trans,NA,3905
9,Trans,NA,3860
9,Trans,NA,3796
9,Trans,NA,3706
9,Trans,NA,3613
9,Trans,NA,3458
9,Trans,NA,3382
9,Trans,NA,3250
9,Trans,NA,3249
9,Trans,NA,3124
9,Trans,NA,2961
9,Trans,NA,2803
9,Trans,NA,2802
9,Trans,NA,2635
9,Trans,NA,2478
9,Trans,NA,2429
9,Trans,NA,2275
9,Trans,NA,2364
9,Trans,NA,2373
9,Trans,NA,2374
9,Trans,NA,2386
9,Trans,NA,2401
9,Trans,NA,2414
9,Trans,NA,2413
9,Trans,NA,2432
9,Trans,NA,2447
9,Trans,NA,2471
9,Trans,NA,2514
9,Trans,NA,2546
9,Trans,NA,2547
9,Trans,NA,2577
9,Trans,NA,2705
9,Trans,NA,2806
9,Trans,NA,2835
9,Trans,NA,3002
9,Trans,NA,3001
9,Trans,NA,2887
9,Trans,NA,2576
9,Trans,NA,2523
9,Trans,NA,2484
9,Trans,NA,2455
9,Trans,NA,2489
9,Trans,NA,2649
9,Trans,NA,2760
9,Trans,NA,2898
9,Trans,NA,2899
9,Trans,NA,2983
9,Trans,NA,3157
9,Trans,NA,3139
9,Trans,NA,3131
9,Trans,NA,3132
9,Trans,NA,3104
9,Trans,NA,3084
9,Trans,NA,3074
9,Trans,NA,3056
9,Trans,NA,3043
9,Trans,NA,3000
9,Trans,NA,2965
9,Trans,NA,2881
9,Trans,NA,2854
9,Trans,NA,2878
9,Trans,NA,2908
9,Trans,NA,2940
9,Trans,NA,2969
9,Trans,NA,3046
9,Trans,NA,3057
9,Trans,NA,3117
9,Trans,NA,3180
9,Trans,NA,3229
9,Trans,NA,3275
9,Trans,NA,3274
9,Trans,NA,3331
9,Trans,NA,3427
9,Trans,NA,3426
9,End,NA,3390
8,Taxi,NA,9914
8,Trans,NA,9929
8,Trans,NA,9931
8,Trans,NA,9979
8,Trans,NA,9980
8,Trans,NA,9930
8,Trans,NA,9850
8,Trans,NA,9851
8,Trans,NA,9833
8,Trans,NA,9806
8,Trans,NA,9818
8,Trans,NA,9783
8,Trans,NA,9751
8,Trans,NA,9898
8,Trans,NA,9897
8,Trans,NA,10013
8,Trans,NA,10059
8,Trans,NA,10127
8,Trans,NA,10126
8,Trans,NA,10099
8,Trans,NA,10071
8,Trans,NA,10063
8,Trans,NA,10055
8,Trans,NA,10082
8,Trans,NA,10102
8,Trans,NA,10101
8,Trans,NA,10128
8,Trans,NA,10139
8,Start,26,10139
8,Trans,NA,10128
8,Trans,NA,10101
8,Trans,NA,10102
8,Trans,NA,10082
8,Trans,NA,10055
8,Trans,NA,10063
8,Trans,NA,10071
8,Trans,NA,10099
8,Trans,NA,10126
8,Trans,NA,10127
8,Trans,NA,10059
8,Trans,NA,10013
8,Trans,NA,9897
8,Trans,NA,9898
8,Trans,NA,9750
8,Trans,NA,9653
8,Trans,NA,9592
8,Trans,NA,9550
8,Trans,NA,9548
8,Trans,NA,9503
8,Trans,NA,9505
8,Trans,NA,9472
8,Trans,NA,9441
8,Trans,NA,9432
8,Trans,NA,9425
8,Trans,NA,9426
8,Trans,NA,9403
8,Trans,NA,9377
8,Trans,NA,9295
8,Trans,NA,9202
8,Trans,NA,9203
8,Trans,NA,9053
8,Trans,NA,9052
8,Trans,NA,8913
8,Trans,NA,8863
8,Trans,NA,8800
8,Trans,NA,8754
8,Trans,NA,8756
8,Trans,NA,8655
8,Trans,NA,8657
8,Trans,NA,8627
8,Trans,NA,8628
8,Trans,NA,8585
8,Trans,NA,8587
8,Trans,NA,8080
8,Trans,NA,8079
8,Trans,NA,8054
8,Trans,NA,8036
8,Trans,NA,8037
8,Trans,NA,8020
8,Trans,NA,7941
8,Trans,NA,7917
8,Trans,NA,7887
8,Trans,NA,7886
8,Trans,NA,7861
8,Trans,NA,7702
8,Trans,NA,7417
8,Trans,NA,7422
8,Trans,NA,7298
8,Trans,NA,7299
8,Trans,NA,7161
8,Trans,NA,7027
8,Trans,NA,7028
8,Trans,NA,6949
8,Trans,NA,6896
8,Trans,NA,6953
8,Trans,NA,6958
8,Trans,NA,6984
8,Trans,NA,6625
8,Trans,NA,6624
8,Trans,NA,6480
8,Trans,NA,6268
8,Trans,NA,6048
8,Trans,NA,5348
8,Trans,NA,5347
8,Trans,NA,5152
8,Trans,NA,4947
8,Trans,NA,4538
8,Trans,NA,4362
8,Trans,NA,4235
8,Trans,NA,4173
8,Trans,NA,4155
8,Trans,NA,4025
8,Trans,NA,3804
8,Trans,NA,3641
8,Trans,NA,3416
8,Trans,NA,3349
8,Trans,NA,3287
8,Trans,NA,3260
8,Trans,NA,3272
8,Trans,NA,3273
8,Trans,NA,3280
8,Trans,NA,3299
8,Trans,NA,3341
8,Trans,NA,3354
8,Trans,NA,3430
8,Trans,NA,3424
8,Trans,NA,3404
8,Trans,NA,3403
8,Trans,NA,3399
8,Trans,NA,3467
8,Trans,NA,3466
8,End,NA,3677
4,Taxi,NA,8852
4,Trans,NA,8851
4,Trans,NA,8970
4,Trans,NA,9057
4,Trans,NA,8953
4,Trans,NA,8952
4,Trans,NA,8876
4,Trans,NA,8909
4,Trans,NA,9081
4,Trans,NA,9080
4,Trans,NA,9313
4,Trans,NA,9477
4,Trans,NA,9654
4,Trans,NA,9776
4,Trans,NA,9913
4,Trans,NA,9998
4,Trans,NA,9999
4,Trans,NA,10014
4,Trans,NA,10054
4,Trans,NA,10081
4,Trans,NA,10137
4,Trans,NA,10167
4,Trans,NA,10155
4,Trans,NA,10154
4,Trans,NA,10124
4,Trans,NA,10191
4,Trans,NA,10190
4,Trans,NA,10188
4,Trans,NA,10057
4,Trans,NA,10058
4,Trans,NA,9957
4,Trans,NA,9937
4,Trans,NA,9947
4,Trans,NA,9992
4,Trans,NA,10077
4,Trans,NA,10078
4,Trans,NA,10070
4,Trans,NA,10103
4,Trans,NA,10174
4,Trans,NA,10244
4,Trans,NA,10300
4,Trans,NA,10301
4,Trans,NA,10327
4,Trans,NA,10349
4,Trans,NA,10391
4,Trans,NA,10453
4,Trans,NA,10452
4,Trans,NA,10546
4,Trans,NA,10562
4,Trans,NA,10564
4,Trans,NA,10579
4,Trans,NA,10598
4,Start,27,10598
4,Trans,NA,10579
4,Trans,NA,10564
4,Trans,NA,10562
4,Trans,NA,10546
4,Trans,NA,10452
4,Trans,NA,10453
4,Trans,NA,10391
4,Trans,NA,10349
4,Trans,NA,10327
4,Trans,NA,10301
4,Trans,NA,10300
4,Trans,NA,10244
4,Trans,NA,10174
4,Trans,NA,10103
4,Trans,NA,10070
4,Trans,NA,10078
4,Trans,NA,10077
4,Trans,NA,9992
4,Trans,NA,9947
4,Trans,NA,9758
4,Trans,NA,9697
4,Trans,NA,9696
4,Trans,NA,9598
4,Trans,NA,9569
4,Trans,NA,9407
4,Trans,NA,9308
4,Trans,NA,9363
4,Trans,NA,9413
4,Trans,NA,9411
4,Trans,NA,9094
4,Trans,NA,8584
4,Trans,NA,8587
4,Trans,NA,8080
4,Trans,NA,8079
4,Trans,NA,8054
4,Trans,NA,8036
4,Trans,NA,8037
4,Trans,NA,8020
4,Trans,NA,7941
4,Trans,NA,7917
4,Trans,NA,7887
4,Trans,NA,7886
4,Trans,NA,7861
4,Trans,NA,7702
4,Trans,NA,7417
4,Trans,NA,7419
4,Trans,NA,7420
4,Trans,NA,7454
4,Trans,NA,7504
4,Trans,NA,7371
4,Trans,NA,7407
4,Trans,NA,7406
4,Trans,NA,7265
4,Trans,NA,7266
4,Trans,NA,7207
4,Trans,NA,7157
4,Trans,NA,7110
4,Trans,NA,6990
4,Trans,NA,6573
4,Trans,NA,6572
4,Trans,NA,6447
4,Trans,NA,6234
4,Trans,NA,6149
4,Trans,NA,6074
4,Trans,NA,6073
4,Trans,NA,5929
4,Trans,NA,5850
4,Trans,NA,5676
4,Trans,NA,5487
4,Trans,NA,5488
4,Trans,NA,5299
4,Trans,NA,5321
4,Trans,NA,5213
4,End,NA,5145
22,Taxi,NA,10889
22,Trans,NA,10890
22,Trans,NA,10901
22,Trans,NA,10886
22,Trans,NA,10879
22,Trans,NA,10878
22,Trans,NA,10842
22,Trans,NA,10819
22,Trans,NA,10754
22,Trans,NA,10753
22,Trans,NA,10612
22,Trans,NA,10643
22,Trans,NA,10651
22,Start,28,10651
22,Trans,NA,10643
22,Trans,NA,10556
22,Trans,NA,10533
22,Trans,NA,10438
22,Trans,NA,10439
22,Trans,NA,10391
22,Trans,NA,10349
22,Trans,NA,10327
22,Trans,NA,10301
22,Trans,NA,10300
22,Trans,NA,10244
22,Trans,NA,10174
22,Trans,NA,10103
22,Trans,NA,10070
22,Trans,NA,10078
22,Trans,NA,10077
22,Trans,NA,9992
22,Trans,NA,9947
22,Trans,NA,9758
22,Trans,NA,9697
22,Trans,NA,9696
22,Trans,NA,9598
22,Trans,NA,9569
22,Trans,NA,9407
22,Trans,NA,9308
22,Trans,NA,9363
22,Trans,NA,9413
22,Trans,NA,9411
22,Trans,NA,9094
22,Trans,NA,8584
22,Trans,NA,8587
22,Trans,NA,8080
22,Trans,NA,8079
22,Trans,NA,8054
22,Trans,NA,8036
22,Trans,NA,8037
22,Trans,NA,8020
22,Trans,NA,7941
22,Trans,NA,7917
22,Trans,NA,7887
22,Trans,NA,7886
22,Trans,NA,7861
22,Trans,NA,7702
22,Trans,NA,7417
22,Trans,NA,7422
22,Trans,NA,7298
22,Trans,NA,7299
22,Trans,NA,7161
22,Trans,NA,7027
22,Trans,NA,7028
22,Trans,NA,6949
22,Trans,NA,6816
22,Trans,NA,6337
22,Trans,NA,6305
22,Trans,NA,6243
22,End,NA,6244
48,Taxi,NA,7081
48,Trans,NA,7012
48,Trans,NA,6901
48,Trans,NA,6910
48,Trans,NA,6917
48,Trans,NA,6947
48,Trans,NA,6999
48,Trans,NA,6967
48,Trans,NA,6966
48,Trans,NA,7247
48,Trans,NA,7367
48,Trans,NA,7366
48,Trans,NA,7619
48,Trans,NA,7618
48,Trans,NA,7787
48,Trans,NA,7788
48,Trans,NA,7795
48,Trans,NA,7903
48,Trans,NA,7957
48,Start,30,7957
48,Trans,NA,7903
48,Trans,NA,7795
48,Trans,NA,7793
48,Trans,NA,7776
48,Trans,NA,7757
48,Trans,NA,7461
48,Trans,NA,7307
48,Trans,NA,7200
48,Trans,NA,7068
48,Trans,NA,7069
48,Trans,NA,6846
48,Trans,NA,6475
48,Trans,NA,6476
48,Trans,NA,6232
48,Trans,NA,6231
48,Trans,NA,5905
48,Trans,NA,5906
48,Trans,NA,5832
48,Trans,NA,5833
48,Trans,NA,5541
48,Trans,NA,5414
48,Trans,NA,5412
48,Trans,NA,5345
48,Trans,NA,5174
48,Trans,NA,4885
48,Trans,NA,4547
48,Trans,NA,4113
48,Trans,NA,4000
48,Trans,NA,3939
48,Trans,NA,3905
48,Trans,NA,3860
48,Trans,NA,3796
48,Trans,NA,3706
48,Trans,NA,3613
48,Trans,NA,3458
48,Trans,NA,3382
48,Trans,NA,3250
48,Trans,NA,3249
48,Trans,NA,3124
48,Trans,NA,2961
48,Trans,NA,2803
48,Trans,NA,2802
48,Trans,NA,2635
48,Trans,NA,2478
48,Trans,NA,2429
48,Trans,NA,2125
48,Trans,NA,2124
48,Trans,NA,1951
48,Trans,NA,1895
48,Trans,NA,1726
48,Trans,NA,1725
48,Trans,NA,1733
48,Trans,NA,1732
48,Trans,NA,1698
48,Trans,NA,1658
48,Trans,NA,1648
48,Trans,NA,1647
48,Trans,NA,1652
48,Trans,NA,1656
48,Trans,NA,1695
48,Trans,NA,1571
48,Trans,NA,1403
48,Trans,NA,1402
48,End,NA,1432
34,Taxi,NA,6961
34,Trans,NA,6995
34,Trans,NA,6996
34,Trans,NA,6956
34,Trans,NA,6997
34,Trans,NA,7090
34,Trans,NA,7163
34,Trans,NA,7196
34,Trans,NA,7428
34,Trans,NA,7484
34,Trans,NA,7603
34,Trans,NA,7621
34,Trans,NA,7637
34,Trans,NA,7636
34,Trans,NA,7672
34,Trans,NA,7772
34,Trans,NA,7868
34,Trans,NA,7878
34,Trans,NA,7879
34,Trans,NA,7897
34,Trans,NA,7898
34,Trans,NA,7937
34,Trans,NA,8001
34,Trans,NA,8053
34,Trans,NA,8088
34,Trans,NA,8089
34,Trans,NA,8171
34,Trans,NA,8223
34,Trans,NA,8226
34,Trans,NA,8225
34,Trans,NA,8220
34,Start,31,8220
34,Trans,NA,8225
34,Trans,NA,8226
34,Trans,NA,8223
34,Trans,NA,8171
34,Trans,NA,8089
34,Trans,NA,8088
34,Trans,NA,8053
34,Trans,NA,8001
34,Trans,NA,7937
34,Trans,NA,7898
34,Trans,NA,7897
34,Trans,NA,7879
34,Trans,NA,7878
34,Trans,NA,7868
34,Trans,NA,7772
34,Trans,NA,7672
34,Trans,NA,7636
34,Trans,NA,7637
34,Trans,NA,7621
34,Trans,NA,7579
34,Trans,NA,7533
34,Trans,NA,7532
34,Trans,NA,7539
34,Trans,NA,7518
34,Trans,NA,7375
34,Trans,NA,7374
34,Trans,NA,7292
34,Trans,NA,7291
34,Trans,NA,7338
34,Trans,NA,7339
34,Trans,NA,7370
34,Trans,NA,7398
34,Trans,NA,7399
34,Trans,NA,7417
34,Trans,NA,7419
34,Trans,NA,7420
34,Trans,NA,7454
34,Trans,NA,7504
34,Trans,NA,7371
34,Trans,NA,7407
34,Trans,NA,7406
34,Trans,NA,7265
34,Trans,NA,7266
34,Trans,NA,7207
34,Trans,NA,7157
34,Trans,NA,7110
34,Trans,NA,6990
34,Trans,NA,6573
34,Trans,NA,6572
34,Trans,NA,6447
34,Trans,NA,6234
34,Trans,NA,6294
34,Trans,NA,6295
34,Trans,NA,6211
34,Trans,NA,6025
34,Trans,NA,5905
34,Trans,NA,5906
34,Trans,NA,5832
34,Trans,NA,5833
34,Trans,NA,5541
34,Trans,NA,5414
34,Trans,NA,5412
34,Trans,NA,5345
34,Trans,NA,5174
34,Trans,NA,4886
34,Trans,NA,4701
34,Trans,NA,4596
34,Trans,NA,4630
34,Trans,NA,4631
34,Trans,NA,4795
34,Trans,NA,4905
34,Trans,NA,4961
34,Trans,NA,4962
34,Trans,NA,4991
34,Trans,NA,5008
34,Trans,NA,5007
34,Trans,NA,5017
34,Trans,NA,4981
34,Trans,NA,4868
34,End,NA,4755
24,Taxi,NA,9080
24,Trans,NA,9081
24,Trans,NA,8914
24,Trans,NA,8802
24,Trans,NA,8690
24,Trans,NA,8691
24,Trans,NA,8686
24,Trans,NA,8523
24,Trans,NA,8300
24,Start,31,8302
24,Trans,NA,8303
24,Trans,NA,8351
24,Trans,NA,8488
24,Trans,NA,8381
24,Trans,NA,8140
24,Trans,NA,7996
24,Trans,NA,7955
24,Trans,NA,7756
24,Trans,NA,7461
24,Trans,NA,7307
24,Trans,NA,7200
24,Trans,NA,7068
24,Trans,NA,7069
24,Trans,NA,6846
24,Trans,NA,6475
24,Trans,NA,6476
24,Trans,NA,6232
24,Trans,NA,6231
24,Trans,NA,5905
24,Trans,NA,5906
24,Trans,NA,5832
24,Trans,NA,5833
24,Trans,NA,5541
24,Trans,NA,5414
24,Trans,NA,5412
24,Trans,NA,5345
24,Trans,NA,5174
24,Trans,NA,4885
24,Trans,NA,4547
24,Trans,NA,4113
24,Trans,NA,4000
24,Trans,NA,3939
24,Trans,NA,3905
24,Trans,NA,3860
24,Trans,NA,3796
24,Trans,NA,3706
24,Trans,NA,3613
24,Trans,NA,3458
24,Trans,NA,3382
24,Trans,NA,3250
24,Trans,NA,3249
24,Trans,NA,3124
24,Trans,NA,2961
24,Trans,NA,2803
24,Trans,NA,2802
24,Trans,NA,2635
24,Trans,NA,2478
24,Trans,NA,2429
24,Trans,NA,2125
24,Trans,NA,2124
24,Trans,NA,1951
24,Trans,NA,1895
24,Trans,NA,1726
24,Trans,NA,1725
24,Trans,NA,1733
24,Trans,NA,1732
24,Trans,NA,1698
24,Trans,NA,1658
24,Trans,NA,1648
24,Trans,NA,1647
24,Trans,NA,1652
24,Trans,NA,1656
24,Trans,NA,1695
24,Trans,NA,1571
24,Trans,NA,1322
24,Trans,NA,1321
24,Trans,NA,844
24,Trans,NA,696
24,Trans,NA,785
24,Trans,NA,843
24,Trans,NA,841
24,Trans,NA,916
24,Trans,NA,917
24,Trans,NA,929
24,Trans,NA,1029
24,Trans,NA,1039
24,Trans,NA,1057
24,Trans,NA,1091
24,End,NA,1092
49,Taxi,NA,6559
49,Trans,NA,6610
49,Trans,NA,6684
49,Trans,NA,6982
49,Trans,NA,6981
49,Trans,NA,7156
49,Trans,NA,7155
49,Trans,NA,7275
49,Trans,NA,7292
49,Trans,NA,7291
49,Trans,NA,7338
49,Trans,NA,7339
49,Trans,NA,7389
49,Trans,NA,7388
49,Trans,NA,7443
49,Trans,NA,7465
49,Trans,NA,7552
49,Trans,NA,7634
49,Trans,NA,7723
49,Trans,NA,7722
49,Trans,NA,7769
49,Trans,NA,7887
49,Trans,NA,7917
49,Trans,NA,7941
49,Trans,NA,8020
49,Trans,NA,8037
49,Trans,NA,8036
49,Trans,NA,8054
49,Trans,NA,8079
49,Trans,NA,8080
49,Trans,NA,8587
49,Trans,NA,8585
49,Trans,NA,8628
49,Trans,NA,8627
49,Trans,NA,8658
49,Trans,NA,8743
49,Trans,NA,8777
49,Trans,NA,8846
49,Trans,NA,8887
49,Trans,NA,8954
49,Trans,NA,8955
49,Trans,NA,9023
49,Start,31,9023
49,Trans,NA,8955
49,Trans,NA,8954
49,Trans,NA,8887
49,Trans,NA,8846
49,Trans,NA,8777
49,Trans,NA,8743
49,Trans,NA,8658
49,Trans,NA,8627
49,Trans,NA,8628
49,Trans,NA,8585
49,Trans,NA,8587
49,Trans,NA,8080
49,Trans,NA,8079
49,Trans,NA,8054
49,Trans,NA,8036
49,Trans,NA,8037
49,Trans,NA,8020
49,Trans,NA,7941
49,Trans,NA,7917
49,Trans,NA,7887
49,Trans,NA,7886
49,Trans,NA,7861
49,Trans,NA,7702
49,Trans,NA,7417
49,Trans,NA,7419
49,Trans,NA,7420
49,Trans,NA,7454
49,Trans,NA,7503
49,Trans,NA,7665
49,Trans,NA,7765
49,Trans,NA,7833
49,Trans,NA,7858
49,Trans,NA,7900
49,Trans,NA,7901
49,Trans,NA,7945
49,Trans,NA,8031
49,Trans,NA,8122
49,Trans,NA,8158
49,Trans,NA,8064
49,Trans,NA,8045
49,Trans,NA,8044
49,Trans,NA,8066
49,Trans,NA,8068
49,Trans,NA,8026
49,Trans,NA,8058
49,Trans,NA,8141
49,Trans,NA,8142
49,Trans,NA,8190
49,End,NA,8194
14,Taxi,NA,4964
14,Trans,NA,4988
14,Trans,NA,5096
14,Trans,NA,5210
14,Trans,NA,5209
14,Trans,NA,5264
14,Trans,NA,5239
14,Trans,NA,5190
14,Trans,NA,5115
14,Trans,NA,5135
14,Trans,NA,5178
14,Trans,NA,4924
14,Trans,NA,4923
14,Trans,NA,4939
14,Start,32,4939
14,Trans,NA,4923
14,Trans,NA,4854
14,Trans,NA,4781
14,Trans,NA,4732
14,Trans,NA,4731
14,Trans,NA,4720
14,Trans,NA,4706
14,Trans,NA,4640
14,Trans,NA,4431
14,Trans,NA,4378
14,Trans,NA,4298
14,Trans,NA,4306
14,Trans,NA,4303
14,Trans,NA,4276
14,Trans,NA,4178
14,Trans,NA,4114
14,Trans,NA,4045
14,Trans,NA,3999
14,Trans,NA,3951
14,Trans,NA,3624
14,Trans,NA,3623
14,Trans,NA,3550
14,Trans,NA,3436
14,Trans,NA,3365
14,Trans,NA,3224
14,Trans,NA,3094
14,Trans,NA,3093
14,Trans,NA,3055
14,Trans,NA,3054
14,Trans,NA,3177
14,Trans,NA,3175
14,Trans,NA,3191
14,Trans,NA,3190
14,Trans,NA,3199
14,Trans,NA,3217
14,Trans,NA,3241
14,Trans,NA,3242
14,End,NA,3269
31,Taxi,NA,5104
31,Trans,NA,4962
31,Trans,NA,4961
31,Trans,NA,4905
31,Trans,NA,4795
31,Trans,NA,4631
31,Trans,NA,4630
31,Trans,NA,4596
31,Trans,NA,4701
31,Trans,NA,4886
31,Trans,NA,5174
31,Trans,NA,5345
31,Trans,NA,5412
31,Trans,NA,5415
31,Trans,NA,5705
31,Trans,NA,6060
31,Trans,NA,6115
31,Trans,NA,6187
31,Trans,NA,6186
31,Trans,NA,6461
31,Trans,NA,6659
31,Trans,NA,6657
31,Trans,NA,7072
31,Trans,NA,7035
31,Trans,NA,7004
31,Trans,NA,6964
31,Trans,NA,6965
31,Trans,NA,6934
31,Trans,NA,6935
31,Trans,NA,6839
31,Trans,NA,6857
31,Trans,NA,6863
31,Trans,NA,6916
31,Trans,NA,6917
31,Trans,NA,6919
31,Trans,NA,6887
31,Start,32,6887
31,Trans,NA,6919
31,Trans,NA,6917
31,Trans,NA,6916
31,Trans,NA,6863
31,Trans,NA,6857
31,Trans,NA,6839
31,Trans,NA,6935
31,Trans,NA,6934
31,Trans,NA,6965
31,Trans,NA,6964
31,Trans,NA,7004
31,Trans,NA,7035
31,Trans,NA,7072
31,Trans,NA,6657
31,Trans,NA,6659
31,Trans,NA,6461
31,Trans,NA,6186
31,Trans,NA,6187
31,Trans,NA,6115
31,Trans,NA,6060
31,Trans,NA,5705
31,Trans,NA,5415
31,Trans,NA,5412
31,Trans,NA,5345
31,Trans,NA,5174
31,Trans,NA,4885
31,Trans,NA,4547
31,Trans,NA,4113
31,Trans,NA,4000
31,Trans,NA,3939
31,Trans,NA,3905
31,Trans,NA,3860
31,Trans,NA,3796
31,Trans,NA,3706
31,Trans,NA,3613
31,Trans,NA,3458
31,Trans,NA,3382
31,Trans,NA,3250
31,Trans,NA,3249
31,Trans,NA,3124
31,Trans,NA,2961
31,Trans,NA,2803
31,Trans,NA,2802
31,Trans,NA,2635
31,Trans,NA,2478
31,Trans,NA,2429
31,Trans,NA,2125
31,Trans,NA,2124
31,Trans,NA,1951
31,Trans,NA,1895
31,Trans,NA,1726
31,Trans,NA,1725
31,Trans,NA,1733
31,Trans,NA,1732
31,Trans,NA,1698
31,Trans,NA,1658
31,Trans,NA,1648
31,Trans,NA,1647
31,Trans,NA,1652
31,Trans,NA,1656
31,Trans,NA,1695
31,Trans,NA,1571
31,Trans,NA,1322
31,Trans,NA,1321
31,Trans,NA,969
31,Trans,NA,970
31,Trans,NA,1132
31,End,NA,1160
43,Taxi,NA,5017
43,Trans,NA,5007
43,Trans,NA,5008
43,Trans,NA,4991
43,Trans,NA,4962
43,Trans,NA,4961
43,Trans,NA,4905
43,Trans,NA,4795
43,Trans,NA,4631
43,Trans,NA,4630
43,Trans,NA,4596
43,Trans,NA,4701
43,Trans,NA,4886
43,Trans,NA,5174
43,Trans,NA,5345
43,Trans,NA,5412
43,Trans,NA,5414
43,Trans,NA,5541
43,Trans,NA,5833
43,Trans,NA,5832
43,Trans,NA,5875
43,Trans,NA,6059
43,Trans,NA,6142
43,Trans,NA,6442
43,Trans,NA,6869
43,Trans,NA,7022
43,Trans,NA,7247
43,Trans,NA,7212
43,Start,32,7213
43,Trans,NA,7089
43,Trans,NA,6972
43,Trans,NA,7069
43,Trans,NA,6784
43,Trans,NA,6708
43,Trans,NA,6631
43,Trans,NA,6571
43,Trans,NA,6573
43,Trans,NA,6990
43,Trans,NA,7110
43,Trans,NA,7157
43,Trans,NA,7207
43,Trans,NA,7266
43,Trans,NA,7265
43,Trans,NA,7406
43,Trans,NA,7407
43,Trans,NA,7371
43,Trans,NA,7504
43,Trans,NA,7454
43,Trans,NA,7420
43,Trans,NA,7382
43,Trans,NA,7387
43,Trans,NA,7298
43,Trans,NA,7299
43,Trans,NA,7161
43,Trans,NA,7027
43,Trans,NA,7028
43,Trans,NA,6949
43,Trans,NA,6896
43,Trans,NA,6953
43,Trans,NA,6958
43,Trans,NA,6984
43,Trans,NA,6625
43,Trans,NA,6624
43,Trans,NA,6480
43,Trans,NA,6268
43,Trans,NA,6048
43,Trans,NA,5348
43,Trans,NA,5347
43,Trans,NA,5152
43,Trans,NA,4947
43,Trans,NA,4538
43,Trans,NA,4362
43,Trans,NA,4235
43,Trans,NA,4173
43,Trans,NA,4155
43,Trans,NA,4025
43,Trans,NA,3804
43,Trans,NA,3640
43,Trans,NA,3491
43,Trans,NA,3385
43,Trans,NA,3314
43,Trans,NA,3001
43,Trans,NA,2887
43,Trans,NA,2576
43,Trans,NA,2523
43,Trans,NA,2484
43,Trans,NA,2455
43,Trans,NA,2489
43,Trans,NA,2465
43,Trans,NA,2463
43,Trans,NA,2458
43,Trans,NA,2312
43,Trans,NA,2311
43,Trans,NA,2256
43,Trans,NA,2252
43,Trans,NA,2277
43,Trans,NA,2278
43,Trans,NA,2177
43,Trans,NA,2145
43,Trans,NA,2143
43,Trans,NA,1946
43,End,NA,1947
25,Taxi,NA,4697
25,Trans,NA,4698
25,Trans,NA,4882
25,Trans,NA,5007
25,Trans,NA,5008
25,Trans,NA,4991
25,Trans,NA,4962
25,Trans,NA,4961
25,Trans,NA,4905
25,Trans,NA,4795
25,Trans,NA,4631
25,Trans,NA,4630
25,Trans,NA,4596
25,Trans,NA,4701
25,Trans,NA,4886
25,Trans,NA,5174
25,Trans,NA,5345
25,Trans,NA,5412
25,Trans,NA,5415
25,Trans,NA,5705
25,Trans,NA,6060
25,Trans,NA,6115
25,Trans,NA,6187
25,Trans,NA,6186
25,Trans,NA,6461
25,Trans,NA,6462
25,Trans,NA,6424
25,Trans,NA,6411
25,Start,33,6411
25,Trans,NA,6424
25,Trans,NA,6462
25,Trans,NA,6461
25,Trans,NA,6186
25,Trans,NA,6187
25,Trans,NA,6115
25,Trans,NA,6060
25,Trans,NA,5705
25,Trans,NA,5415
25,Trans,NA,5412
25,Trans,NA,5345
25,Trans,NA,5174
25,Trans,NA,4885
25,Trans,NA,4547
25,Trans,NA,4113
25,Trans,NA,4000
25,Trans,NA,3939
25,Trans,NA,3905
25,Trans,NA,3860
25,Trans,NA,3796
25,Trans,NA,3706
25,Trans,NA,3613
25,Trans,NA,3458
25,Trans,NA,3382
25,Trans,NA,3250
25,Trans,NA,3249
25,Trans,NA,3124
25,Trans,NA,2961
25,Trans,NA,2803
25,Trans,NA,2802
25,Trans,NA,2635
25,Trans,NA,2478
25,Trans,NA,2429
25,Trans,NA,2275
25,Trans,NA,2364
25,Trans,NA,2373
25,Trans,NA,2374
25,Trans,NA,2386
25,Trans,NA,2401
25,Trans,NA,2414
25,Trans,NA,2413
25,Trans,NA,2432
25,Trans,NA,2447
25,Trans,NA,2471
25,Trans,NA,2514
25,Trans,NA,2546
25,Trans,NA,2547
25,Trans,NA,2577
25,Trans,NA,2705
25,Trans,NA,2806
25,Trans,NA,2835
25,Trans,NA,3002
25,Trans,NA,3001
25,Trans,NA,2887
25,Trans,NA,2576
25,Trans,NA,2523
25,Trans,NA,2484
25,Trans,NA,2455
25,Trans,NA,2489
25,Trans,NA,2465
25,Trans,NA,2463
25,Trans,NA,2458
25,Trans,NA,2312
25,Trans,NA,2311
25,Trans,NA,2256
25,Trans,NA,2252
25,Trans,NA,2277
25,Trans,NA,2278
25,Trans,NA,2177
25,Trans,NA,2145
25,Trans,NA,2143
25,Trans,NA,2049
25,Trans,NA,2481
25,Trans,NA,2561
25,Trans,NA,2636
25,Trans,NA,2637
25,Trans,NA,2942
25,Trans,NA,2943
25,Trans,NA,2974
25,Trans,NA,3146
25,Trans,NA,3216
25,Trans,NA,3379
25,Trans,NA,3415
25,Trans,NA,3626
25,Trans,NA,3760
25,Trans,NA,3761
25,End,NA,3954
15,Taxi,NA,6488
15,Trans,NA,6516
15,Trans,NA,6579
15,Trans,NA,6545
15,Trans,NA,6473
15,Trans,NA,6439
15,Trans,NA,6440
15,Trans,NA,6369
15,Trans,NA,6382
15,Trans,NA,6412
15,Start,33,6435
15,Trans,NA,6479
15,Trans,NA,6478
15,Trans,NA,6496
15,Trans,NA,6566
15,Trans,NA,6617
15,Trans,NA,6652
15,Trans,NA,6651
15,Trans,NA,6779
15,Trans,NA,6778
15,Trans,NA,6982
15,Trans,NA,6981
15,Trans,NA,7156
15,Trans,NA,7155
15,Trans,NA,7275
15,Trans,NA,7292
15,Trans,NA,7291
15,Trans,NA,7338
15,Trans,NA,7339
15,Trans,NA,7370
15,Trans,NA,7398
15,Trans,NA,7399
15,Trans,NA,7417
15,Trans,NA,7419
15,Trans,NA,7420
15,Trans,NA,7454
15,Trans,NA,7504
15,Trans,NA,7371
15,Trans,NA,7407
15,Trans,NA,7406
15,Trans,NA,7265
15,Trans,NA,7266
15,Trans,NA,7207
15,Trans,NA,7157
15,Trans,NA,7110
15,Trans,NA,6990
15,Trans,NA,6573
15,Trans,NA,6572
15,Trans,NA,6447
15,Trans,NA,6234
15,Trans,NA,6294
15,Trans,NA,6295
15,Trans,NA,6211
15,Trans,NA,6025
15,Trans,NA,5905
15,Trans,NA,5906
15,Trans,NA,5674
15,Trans,NA,5445
15,Trans,NA,5444
15,Trans,NA,5318
15,Trans,NA,5317
15,Trans,NA,5160
15,Trans,NA,5240
15,Trans,NA,5297
15,Trans,NA,5298
15,Trans,NA,5247
15,Trans,NA,5248
15,Trans,NA,5192
15,Trans,NA,5162
15,Trans,NA,5122
15,Trans,NA,5075
15,End,NA,5021
2,Taxi,NA,2538
2,Trans,NA,2563
2,Trans,NA,2525
2,Trans,NA,2524
2,Trans,NA,2523
2,Trans,NA,2576
2,Trans,NA,2887
2,Trans,NA,3001
2,Trans,NA,3002
2,Trans,NA,2835
2,Trans,NA,2806
2,Trans,NA,2705
2,Trans,NA,2577
2,Trans,NA,2547
2,Trans,NA,2546
2,Trans,NA,2514
2,Trans,NA,2471
2,Trans,NA,2447
2,Trans,NA,2354
2,Trans,NA,2283
2,Trans,NA,2229
2,Trans,NA,2284
2,Trans,NA,2286
2,Trans,NA,2194
2,Trans,NA,2165
2,Trans,NA,2119
2,Trans,NA,2100
2,Trans,NA,2054
2,Trans,NA,2027
2,Trans,NA,2026
2,Trans,NA,2066
2,Start,33,2066
2,Trans,NA,2026
2,Trans,NA,2027
2,Trans,NA,2054
2,Trans,NA,2100
2,Trans,NA,2119
2,Trans,NA,2165
2,Trans,NA,2194
2,Trans,NA,2286
2,Trans,NA,2284
2,Trans,NA,2229
2,Trans,NA,2283
2,Trans,NA,2354
2,Trans,NA,2432
2,Trans,NA,2413
2,Trans,NA,2414
2,Trans,NA,2401
2,Trans,NA,2386
2,Trans,NA,2374
2,Trans,NA,2373
2,Trans,NA,2364
2,Trans,NA,2275
2,Trans,NA,2429
2,Trans,NA,2478
2,Trans,NA,2635
2,Trans,NA,2802
2,Trans,NA,2803
2,Trans,NA,2961
2,Trans,NA,3124
2,Trans,NA,3249
2,Trans,NA,3250
2,Trans,NA,3382
2,Trans,NA,3458
2,Trans,NA,3613
2,Trans,NA,3706
2,Trans,NA,3796
2,Trans,NA,3860
2,Trans,NA,3905
2,Trans,NA,3939
2,Trans,NA,4000
2,Trans,NA,4113
2,Trans,NA,4547
2,Trans,NA,4885
2,Trans,NA,5275
2,Trans,NA,5491
2,Trans,NA,5876
2,Trans,NA,6061
2,Trans,NA,6548
2,Trans,NA,7164
2,Trans,NA,7165
2,Trans,NA,7469
2,Trans,NA,7746
2,Trans,NA,7980
2,Trans,NA,8139
2,Trans,NA,8377
2,Trans,NA,8594
2,Trans,NA,8732
2,Trans,NA,8862
2,Trans,NA,9141
2,Trans,NA,9142
2,Trans,NA,9322
2,Trans,NA,9494
2,Trans,NA,9575
2,Trans,NA,9606
2,Trans,NA,9607
2,Trans,NA,9699
2,Trans,NA,10090
2,Trans,NA,10166
2,Trans,NA,10246
2,Trans,NA,10245
2,Trans,NA,10296
2,Trans,NA,10324
2,Trans,NA,10523
2,Trans,NA,10486
2,Trans,NA,10487
2,Trans,NA,10409
2,Trans,NA,10410
2,Trans,NA,10411
2,Trans,NA,10447
2,Trans,NA,10522
2,Trans,NA,10679
2,Trans,NA,10779
2,Trans,NA,10835
2,Trans,NA,10874
2,Trans,NA,10875
2,Trans,NA,10923
2,Trans,NA,10922
2,Trans,NA,10980
2,Trans,NA,10988
2,Trans,NA,11067
2,Trans,NA,11029
2,Trans,NA,11028
2,Trans,NA,10983
2,Trans,NA,10976
2,Trans,NA,10971
2,End,NA,10985
32,Taxi,NA,647
32,Trans,NA,673
32,Trans,NA,674
32,Trans,NA,680
32,Trans,NA,672
32,Trans,NA,619
32,Trans,NA,582
32,Trans,NA,551
32,Trans,NA,523
32,Trans,NA,505
32,Trans,NA,471
32,Trans,NA,449
32,Trans,NA,424
32,Trans,NA,425
32,Trans,NA,384
32,Trans,NA,341
32,Trans,NA,332
32,Trans,NA,322
32,Trans,NA,310
32,Trans,NA,297
32,Trans,NA,289
32,Trans,NA,274
32,Trans,NA,261
32,Trans,NA,260
32,Trans,NA,273
32,Start,34,273
32,Trans,NA,260
32,Trans,NA,261
32,Trans,NA,274
32,Trans,NA,289
32,Trans,NA,297
32,Trans,NA,310
32,Trans,NA,322
32,Trans,NA,332
32,Trans,NA,341
32,Trans,NA,384
32,Trans,NA,425
32,Trans,NA,424
32,Trans,NA,449
32,Trans,NA,471
32,Trans,NA,505
32,Trans,NA,523
32,Trans,NA,551
32,Trans,NA,582
32,Trans,NA,619
32,Trans,NA,672
32,Trans,NA,680
32,Trans,NA,674
32,Trans,NA,673
32,Trans,NA,675
32,Trans,NA,677
32,Trans,NA,662
32,Trans,NA,661
32,Trans,NA,650
32,Trans,NA,603
32,Trans,NA,602
32,Trans,NA,596
32,Trans,NA,586
32,Trans,NA,697
32,Trans,NA,844
32,Trans,NA,1321
32,Trans,NA,1322
32,Trans,NA,1571
32,Trans,NA,1695
32,Trans,NA,1809
32,Trans,NA,1869
32,Trans,NA,1870
32,Trans,NA,1927
32,Trans,NA,1966
32,Trans,NA,1999
32,Trans,NA,2060
32,Trans,NA,2059
32,Trans,NA,2195
32,Trans,NA,2222
32,Trans,NA,2223
32,Trans,NA,2283
32,Trans,NA,2354
32,Trans,NA,2447
32,Trans,NA,2471
32,Trans,NA,2514
32,Trans,NA,2546
32,Trans,NA,2547
32,Trans,NA,2577
32,Trans,NA,2705
32,Trans,NA,2806
32,Trans,NA,2835
32,Trans,NA,3002
32,Trans,NA,3314
32,Trans,NA,3385
32,Trans,NA,3491
32,Trans,NA,3640
32,Trans,NA,3804
32,Trans,NA,4025
32,Trans,NA,4155
32,Trans,NA,4173
32,Trans,NA,4235
32,Trans,NA,4362
32,Trans,NA,4538
32,Trans,NA,4947
32,Trans,NA,5152
32,Trans,NA,5347
32,Trans,NA,5348
32,Trans,NA,5787
32,Trans,NA,5795
32,Trans,NA,5829
32,Trans,NA,5802
32,End,NA,6072
37,Taxi,NA,5915
37,Trans,NA,5963
37,Trans,NA,6032
37,Trans,NA,6093
37,Trans,NA,6122
37,Trans,NA,6223
37,Trans,NA,6222
37,Trans,NA,6426
37,Trans,NA,6427
37,Trans,NA,6599
37,Trans,NA,6703
37,Trans,NA,6704
37,Trans,NA,6980
37,Trans,NA,6979
37,Trans,NA,7231
37,Trans,NA,7355
37,Trans,NA,7453
37,Trans,NA,7475
37,Trans,NA,7840
37,Trans,NA,7839
37,Trans,NA,7935
37,Trans,NA,7997
37,Trans,NA,8103
37,Trans,NA,8188
37,Trans,NA,8331
37,Trans,NA,8378
37,Trans,NA,8434
37,Trans,NA,8494
37,Trans,NA,8513
37,Trans,NA,8679
37,Trans,NA,8678
37,Trans,NA,8696
37,Trans,NA,8695
37,Trans,NA,8704
37,Trans,NA,8717
37,Trans,NA,8554
37,Trans,NA,8560
37,Trans,NA,8562
37,Trans,NA,8722
37,Trans,NA,8733
37,Trans,NA,8934
37,Trans,NA,8932
37,Trans,NA,8990
37,Trans,NA,9157
37,Trans,NA,9249
37,Trans,NA,9300
37,Trans,NA,9299
37,Trans,NA,9335
37,Trans,NA,9366
37,Trans,NA,9379
37,Trans,NA,9437
37,Trans,NA,9447
37,Trans,NA,9538
37,Trans,NA,9557
37,Trans,NA,9653
37,Trans,NA,9750
37,Trans,NA,9898
37,Trans,NA,9897
37,Trans,NA,10013
37,Trans,NA,10059
37,Trans,NA,10127
37,Trans,NA,10126
37,Trans,NA,10099
37,Trans,NA,10071
37,Trans,NA,10063
37,Trans,NA,10055
37,Trans,NA,10082
37,Trans,NA,10102
37,Trans,NA,10101
37,Start,35,10101
37,Trans,NA,10102
37,Trans,NA,10082
37,Trans,NA,10055
37,Trans,NA,10063
37,Trans,NA,10071
37,Trans,NA,10099
37,Trans,NA,10126
37,Trans,NA,10127
37,Trans,NA,10059
37,Trans,NA,10013
37,Trans,NA,9897
37,Trans,NA,9898
37,Trans,NA,9750
37,Trans,NA,9653
37,Trans,NA,9592
37,Trans,NA,9550
37,Trans,NA,9548
37,Trans,NA,9503
37,Trans,NA,9505
37,Trans,NA,9472
37,Trans,NA,9441
37,Trans,NA,9432
37,Trans,NA,9425
37,Trans,NA,9426
37,Trans,NA,9403
37,Trans,NA,9377
37,Trans,NA,9295
37,Trans,NA,9202
37,Trans,NA,9203
37,Trans,NA,9053
37,Trans,NA,9052
37,Trans,NA,8913
37,Trans,NA,8863
37,Trans,NA,8800
37,Trans,NA,8754
37,Trans,NA,8756
37,Trans,NA,8655
37,Trans,NA,8657
37,Trans,NA,8627
37,Trans,NA,8628
37,Trans,NA,8585
37,Trans,NA,8584
37,Trans,NA,9094
37,Trans,NA,9411
37,Trans,NA,9413
37,Trans,NA,9363
37,Trans,NA,9308
37,Trans,NA,9407
37,Trans,NA,9569
37,Trans,NA,9598
37,Trans,NA,9696
37,Trans,NA,9697
37,Trans,NA,9758
37,Trans,NA,9937
37,Trans,NA,9957
37,Trans,NA,10058
37,Trans,NA,10057
37,Trans,NA,10188
37,Trans,NA,10190
37,Trans,NA,10191
37,Trans,NA,10124
37,Trans,NA,10154
37,Trans,NA,10155
37,Trans,NA,10167
37,Trans,NA,10137
37,Trans,NA,10081
37,Trans,NA,10054
37,Trans,NA,10014
37,Trans,NA,9999
37,Trans,NA,9998
37,Trans,NA,9913
37,Trans,NA,9776
37,Trans,NA,9677
37,Trans,NA,9678
37,Trans,NA,9571
37,End,NA,9387
45,Taxi,NA,1151
45,Trans,NA,1135
45,Trans,NA,1134
45,Trans,NA,1105
45,Start,35,1106
45,Trans,NA,1157
45,Trans,NA,1167
45,Trans,NA,1172
45,Trans,NA,1173
45,Trans,NA,1182
45,Trans,NA,1196
45,Trans,NA,1233
45,Trans,NA,1259
45,Trans,NA,1307
45,Trans,NA,1370
45,Trans,NA,1456
45,Trans,NA,1619
45,Trans,NA,1620
45,Trans,NA,1765
45,Trans,NA,1918
45,Trans,NA,1926
45,Trans,NA,1949
45,Trans,NA,1950
45,Trans,NA,2028
45,Trans,NA,2076
45,Trans,NA,2144
45,Trans,NA,2143
45,Trans,NA,2049
45,Trans,NA,2481
45,Trans,NA,2561
45,Trans,NA,2636
45,Trans,NA,2637
45,Trans,NA,2942
45,Trans,NA,2943
45,Trans,NA,2974
45,Trans,NA,3146
45,Trans,NA,3216
45,Trans,NA,3379
45,Trans,NA,3378
45,Trans,NA,3821
45,Trans,NA,3960
45,Trans,NA,4070
45,Trans,NA,4185
45,Trans,NA,4323
45,Trans,NA,4324
45,Trans,NA,4326
45,Trans,NA,4375
45,Trans,NA,4374
45,Trans,NA,4402
45,Trans,NA,4552
45,Trans,NA,4650
45,Trans,NA,4651
45,Trans,NA,4896
45,Trans,NA,4895
45,Trans,NA,4879
45,Trans,NA,4894
45,Trans,NA,4893
45,Trans,NA,4851
45,Trans,NA,4834
45,Trans,NA,4833
45,Trans,NA,4732
45,Trans,NA,4731
45,Trans,NA,4720
45,Trans,NA,4707
45,Trans,NA,4710
45,Trans,NA,4709
45,Trans,NA,4745
45,Trans,NA,4797
45,Trans,NA,4938
45,Trans,NA,5078
45,Trans,NA,5086
45,Trans,NA,5087
45,Trans,NA,5196
45,Trans,NA,5265
45,Trans,NA,5339
45,End,NA,5471
47,Taxi,NA,7774
47,Trans,NA,7830
47,Trans,NA,7829
47,Trans,NA,7871
47,Trans,NA,7916
47,Trans,NA,7947
47,Trans,NA,8000
47,Trans,NA,8042
47,Trans,NA,8065
47,Trans,NA,8092
47,Trans,NA,8158
47,Trans,NA,8122
47,Trans,NA,8031
47,Trans,NA,7945
47,Trans,NA,7901
47,Trans,NA,7900
47,Trans,NA,7858
47,Trans,NA,7833
47,Trans,NA,7763
47,Trans,NA,7691
47,Start,37,7691
47,Trans,NA,7763
47,Trans,NA,7765
47,Trans,NA,7665
47,Trans,NA,7503
47,Trans,NA,7454
47,Trans,NA,7420
47,Trans,NA,7382
47,Trans,NA,7387
47,Trans,NA,7298
47,Trans,NA,7299
47,Trans,NA,7161
47,Trans,NA,7027
47,Trans,NA,7028
47,Trans,NA,6949
47,Trans,NA,6896
47,Trans,NA,6953
47,Trans,NA,6958
47,Trans,NA,6984
47,Trans,NA,6625
47,Trans,NA,6624
47,Trans,NA,6480
47,Trans,NA,6268
47,Trans,NA,6048
47,Trans,NA,5348
47,Trans,NA,5347
47,Trans,NA,5152
47,Trans,NA,4947
47,Trans,NA,4538
47,Trans,NA,4362
47,Trans,NA,4235
47,Trans,NA,4173
47,Trans,NA,4155
47,Trans,NA,4025
47,Trans,NA,3804
47,Trans,NA,3640
47,Trans,NA,3491
47,Trans,NA,3385
47,Trans,NA,3314
47,Trans,NA,3002
47,Trans,NA,2835
47,Trans,NA,2806
47,Trans,NA,2705
47,Trans,NA,2577
47,Trans,NA,2547
47,Trans,NA,2546
47,Trans,NA,2514
47,Trans,NA,2471
47,Trans,NA,2447
47,Trans,NA,2354
47,Trans,NA,2283
47,Trans,NA,2223
47,Trans,NA,2222
47,Trans,NA,2195
47,Trans,NA,2059
47,Trans,NA,2060
47,Trans,NA,1999
47,Trans,NA,1966
47,Trans,NA,1927
47,Trans,NA,1858
47,Trans,NA,1859
47,Trans,NA,1776
47,Trans,NA,1775
47,Trans,NA,1735
47,Trans,NA,1734
47,Trans,NA,1730
47,Trans,NA,1651
47,Trans,NA,1638
47,End,NA,1639
26,Taxi,NA,2743
26,Trans,NA,2752
26,Trans,NA,2753
26,Trans,NA,2766
26,Start,37,2766
26,Trans,NA,2753
26,Trans,NA,2752
26,Trans,NA,2742
26,Trans,NA,2740
26,Trans,NA,2741
26,Trans,NA,2673
26,Trans,NA,2621
26,Trans,NA,2568
26,Trans,NA,2580
26,Trans,NA,2623
26,Trans,NA,2622
26,Trans,NA,2634
26,Trans,NA,2633
26,Trans,NA,2642
26,Trans,NA,2639
26,Trans,NA,2682
26,Trans,NA,2683
26,Trans,NA,2700
26,Trans,NA,2716
26,Trans,NA,2747
26,Trans,NA,2875
26,Trans,NA,2906
26,Trans,NA,2626
26,Trans,NA,2554
26,Trans,NA,2472
26,Trans,NA,2473
26,Trans,NA,2398
26,Trans,NA,2303
26,Trans,NA,2276
26,Trans,NA,2277
26,Trans,NA,2252
26,Trans,NA,2256
26,Trans,NA,2311
26,Trans,NA,2312
26,Trans,NA,2458
26,Trans,NA,2463
26,Trans,NA,2465
26,Trans,NA,2489
26,Trans,NA,2455
26,Trans,NA,2484
26,Trans,NA,2523
26,Trans,NA,2576
26,Trans,NA,2887
26,Trans,NA,3001
26,Trans,NA,3314
26,Trans,NA,3385
26,Trans,NA,3491
26,Trans,NA,3640
26,Trans,NA,3804
26,Trans,NA,4025
26,Trans,NA,4155
26,Trans,NA,4173
26,Trans,NA,4235
26,Trans,NA,4362
26,Trans,NA,4538
26,Trans,NA,4947
26,Trans,NA,5152
26,Trans,NA,5347
26,Trans,NA,5407
26,Trans,NA,5433
26,Trans,NA,5474
26,Trans,NA,5529
26,Trans,NA,5528
26,Trans,NA,5693
26,Trans,NA,5692
26,Trans,NA,5757
26,Trans,NA,5925
26,Trans,NA,6022
26,Trans,NA,6024
26,Trans,NA,6019
26,Trans,NA,5979
26,Trans,NA,5978
26,End,NA,5879
23,Taxi,NA,2463
23,Trans,NA,2458
23,Trans,NA,2312
23,Trans,NA,2311
23,Trans,NA,2256
23,Trans,NA,2252
23,Trans,NA,2277
23,Trans,NA,2276
23,Trans,NA,2303
23,Trans,NA,2313
23,Trans,NA,2193
23,Start,38,2193
23,Trans,NA,2187
23,Trans,NA,2143
23,Trans,NA,2049
23,Trans,NA,2481
23,Trans,NA,2561
23,Trans,NA,2636
23,Trans,NA,2637
23,Trans,NA,2942
23,Trans,NA,2943
23,Trans,NA,2974
23,Trans,NA,3146
23,Trans,NA,3216
23,Trans,NA,3379
23,Trans,NA,3378
23,Trans,NA,3821
23,Trans,NA,3960
23,Trans,NA,4070
23,Trans,NA,4185
23,Trans,NA,4323
23,Trans,NA,4324
23,Trans,NA,4326
23,Trans,NA,4375
23,Trans,NA,4374
23,Trans,NA,4402
23,Trans,NA,4552
23,Trans,NA,4650
23,Trans,NA,4651
23,Trans,NA,4896
23,Trans,NA,4895
23,Trans,NA,4878
23,Trans,NA,4827
23,Trans,NA,4694
23,Trans,NA,4481
23,Trans,NA,4289
23,End,NA,4119
26,Taxi,NA,5879
26,Trans,NA,5978
26,Trans,NA,5979
26,Trans,NA,6019
26,Trans,NA,6024
26,Trans,NA,6022
26,Trans,NA,5925
26,Trans,NA,5757
26,Trans,NA,5752
26,Trans,NA,5823
26,Trans,NA,5786
26,Trans,NA,6048
26,Trans,NA,6268
26,Trans,NA,6480
26,Trans,NA,6624
26,Trans,NA,6625
26,Trans,NA,6984
26,Trans,NA,6958
26,Trans,NA,6953
26,Trans,NA,6896
26,Trans,NA,6949
26,Trans,NA,7028
26,Trans,NA,7027
26,Trans,NA,7161
26,Trans,NA,7299
26,Trans,NA,7298
26,Trans,NA,7422
26,Trans,NA,7417
26,Trans,NA,7399
26,Trans,NA,7398
26,Trans,NA,7370
26,Trans,NA,7339
26,Trans,NA,7338
26,Trans,NA,7291
26,Trans,NA,7292
26,Trans,NA,7374
26,Trans,NA,7375
26,Trans,NA,7518
26,Trans,NA,7539
26,Trans,NA,7532
26,Trans,NA,7533
26,Trans,NA,7579
26,Trans,NA,7659
26,Trans,NA,7743
26,Trans,NA,7796
26,Trans,NA,7822
26,Trans,NA,7821
26,Trans,NA,7801
26,Trans,NA,7766
26,Start,38,7766
26,Trans,NA,7801
26,Trans,NA,7821
26,Trans,NA,7822
26,Trans,NA,7796
26,Trans,NA,7743
26,Trans,NA,7659
26,Trans,NA,7603
26,Trans,NA,7485
26,Trans,NA,7242
26,Trans,NA,7241
26,Trans,NA,7078
26,Trans,NA,7077
26,Trans,NA,7125
26,Trans,NA,7191
26,Trans,NA,7232
26,Trans,NA,7231
26,Trans,NA,6979
26,Trans,NA,6980
26,Trans,NA,6704
26,Trans,NA,6703
26,Trans,NA,6599
26,Trans,NA,6427
26,Trans,NA,6428
26,Trans,NA,6483
26,Trans,NA,6505
26,Trans,NA,6537
26,Trans,NA,6643
26,Trans,NA,6715
26,Trans,NA,6925
26,Trans,NA,6924
26,Trans,NA,6786
26,Trans,NA,6785
26,Trans,NA,6602
26,Trans,NA,6867
26,Trans,NA,7030
26,Trans,NA,6612
26,Trans,NA,6254
26,Trans,NA,6255
26,Trans,NA,5908
26,Trans,NA,5818
26,Trans,NA,5817
26,Trans,NA,5756
26,Trans,NA,5709
26,Trans,NA,5695
26,Trans,NA,5601
26,Trans,NA,5600
26,Trans,NA,5527
26,Trans,NA,5316
26,Trans,NA,5148
26,Trans,NA,4844
26,Trans,NA,4730
26,Trans,NA,4704
26,Trans,NA,4322
26,Trans,NA,4323
26,Trans,NA,4185
26,Trans,NA,4070
26,Trans,NA,3960
26,Trans,NA,3821
26,Trans,NA,3378
26,Trans,NA,3379
26,Trans,NA,3216
26,Trans,NA,3146
26,Trans,NA,3183
26,Trans,NA,3296
26,Trans,NA,3295
26,Trans,NA,3343
26,Trans,NA,3342
26,Trans,NA,3369
26,Trans,NA,3370
26,Trans,NA,3401
26,Trans,NA,3321
26,End,NA,3320
15,Taxi,NA,5021
15,Trans,NA,5075
15,Trans,NA,5122
15,Trans,NA,5162
15,Trans,NA,5192
15,Trans,NA,5248
15,Trans,NA,5247
15,Trans,NA,5298
15,Trans,NA,5297
15,Trans,NA,5240
15,Trans,NA,5160
15,Trans,NA,5317
15,Trans,NA,5318
15,Trans,NA,5444
15,Trans,NA,5445
15,Trans,NA,5674
15,Trans,NA,5875
15,Trans,NA,6059
15,Trans,NA,6142
15,Trans,NA,6442
15,Trans,NA,6869
15,Trans,NA,7022
15,Trans,NA,7247
15,Trans,NA,7367
15,Trans,NA,7366
15,Trans,NA,7619
15,Trans,NA,7618
15,Trans,NA,7770
15,Trans,NA,7785
15,Trans,NA,7806
15,Trans,NA,7841
15,Trans,NA,7844
15,Start,39,7844
15,Trans,NA,7841
15,Trans,NA,7806
15,Trans,NA,7785
15,Trans,NA,7770
15,Trans,NA,7618
15,Trans,NA,7619
15,Trans,NA,7366
15,Trans,NA,7367
15,Trans,NA,7247
15,Trans,NA,7022
15,Trans,NA,6869
15,Trans,NA,6733
15,Trans,NA,6751
15,Trans,NA,6847
15,Trans,NA,6784
15,Trans,NA,6708
15,Trans,NA,6631
15,Trans,NA,6571
15,Trans,NA,6573
15,Trans,NA,6990
15,Trans,NA,7110
15,Trans,NA,7157
15,Trans,NA,7207
15,Trans,NA,7266
15,Trans,NA,7265
15,Trans,NA,7406
15,Trans,NA,7407
15,Trans,NA,7371
15,Trans,NA,7504
15,Trans,NA,7454
15,Trans,NA,7420
15,Trans,NA,7382
15,Trans,NA,7387
15,Trans,NA,7298
15,Trans,NA,7299
15,Trans,NA,7161
15,Trans,NA,7027
15,Trans,NA,7028
15,Trans,NA,6949
15,Trans,NA,6896
15,Trans,NA,6953
15,Trans,NA,6958
15,Trans,NA,6984
15,Trans,NA,6625
15,Trans,NA,6624
15,Trans,NA,6480
15,Trans,NA,6268
15,Trans,NA,6048
15,Trans,NA,5348
15,Trans,NA,5347
15,Trans,NA,5152
15,Trans,NA,4947
15,Trans,NA,4449
15,Trans,NA,4448
15,Trans,NA,4413
15,Trans,NA,4409
15,Trans,NA,4425
15,Trans,NA,4428
15,Trans,NA,4452
15,Trans,NA,4455
15,Trans,NA,4463
15,Trans,NA,4480
15,Trans,NA,4340
15,Trans,NA,4355
15,Trans,NA,4339
15,End,NA,4338
36,Taxi,NA,2460
36,Trans,NA,2529
36,Trans,NA,2530
36,Trans,NA,2565
36,Trans,NA,2581
36,Trans,NA,2604
36,Trans,NA,2632
36,Trans,NA,2634
36,Start,39,2634
36,Trans,NA,2633
36,Trans,NA,2642
36,Trans,NA,2639
36,Trans,NA,2682
36,Trans,NA,2683
36,Trans,NA,2700
36,Trans,NA,2716
36,Trans,NA,2747
36,Trans,NA,2875
36,Trans,NA,2906
36,Trans,NA,2626
36,Trans,NA,2606
36,Trans,NA,2607
36,Trans,NA,2643
36,Trans,NA,2731
36,Trans,NA,2754
36,Trans,NA,2942
36,Trans,NA,2943
36,Trans,NA,2974
36,Trans,NA,3146
36,Trans,NA,3216
36,Trans,NA,3379
36,Trans,NA,3415
36,Trans,NA,3626
36,Trans,NA,3760
36,Trans,NA,3761
36,Trans,NA,3882
36,Trans,NA,3890
36,End,NA,3927
7,Taxi,NA,1712
7,Trans,NA,1726
7,Trans,NA,1895
7,Trans,NA,1951
7,Trans,NA,2124
7,Trans,NA,2125
7,Trans,NA,2429
7,Trans,NA,2478
7,Trans,NA,2635
7,Trans,NA,2802
7,Trans,NA,2803
7,Trans,NA,2961
7,Trans,NA,3124
7,Trans,NA,3249
7,Trans,NA,3250
7,Trans,NA,3382
7,Trans,NA,3458
7,Trans,NA,3613
7,Trans,NA,3706
7,Trans,NA,3796
7,Trans,NA,3860
7,Trans,NA,3905
7,Trans,NA,3939
7,Trans,NA,4000
7,Trans,NA,4113
7,Trans,NA,4547
7,Trans,NA,4885
7,Trans,NA,5174
7,Trans,NA,5345
7,Trans,NA,5412
7,Trans,NA,5414
7,Trans,NA,5541
7,Trans,NA,5833
7,Trans,NA,5832
7,Trans,NA,5906
7,Trans,NA,5905
7,Trans,NA,6025
7,Trans,NA,6211
7,Trans,NA,6295
7,Trans,NA,6294
7,Trans,NA,6149
7,Trans,NA,6074
7,Trans,NA,6073
7,Trans,NA,5929
7,Trans,NA,5850
7,Trans,NA,5676
7,Trans,NA,5487
7,Trans,NA,5488
7,Trans,NA,5299
7,Trans,NA,5206
7,Trans,NA,5207
7,Trans,NA,5238
7,Trans,NA,5141
7,Trans,NA,4936
7,Trans,NA,4516
7,Trans,NA,4411
7,Start,39,4411
7,Trans,NA,4516
7,Trans,NA,4936
7,Trans,NA,5141
7,Trans,NA,5238
7,Trans,NA,5207
7,Trans,NA,5206
7,Trans,NA,5299
7,Trans,NA,5488
7,Trans,NA,5487
7,Trans,NA,5676
7,Trans,NA,5850
7,Trans,NA,5929
7,Trans,NA,6073
7,Trans,NA,6074
7,Trans,NA,6149
7,Trans,NA,6234
7,Trans,NA,6447
7,Trans,NA,6572
7,Trans,NA,6573
7,Trans,NA,6990
7,Trans,NA,7019
7,Trans,NA,7020
7,Trans,NA,7062
7,End,NA,7108
50,Taxi,NA,8526
50,Trans,NA,8527
50,Trans,NA,8573
50,Trans,NA,8623
50,Trans,NA,8465
50,Trans,NA,8292
50,Trans,NA,8373
50,Trans,NA,8374
50,Trans,NA,8401
50,Trans,NA,8417
50,Trans,NA,8445
50,Trans,NA,8446
50,Trans,NA,8422
50,Trans,NA,8421
50,Start,39,8386
50,Trans,NA,8483
50,Trans,NA,8673
50,Trans,NA,8750
50,Trans,NA,8748
50,Trans,NA,9067
50,Trans,NA,9257
50,Trans,NA,9363
50,Trans,NA,9413
50,Trans,NA,9412
50,Trans,NA,9394
50,Trans,NA,9462
50,Trans,NA,9502
50,Trans,NA,9501
50,Trans,NA,9518
50,Trans,NA,9547
50,Trans,NA,9565
50,Trans,NA,9582
50,Trans,NA,9583
50,Trans,NA,9621
50,Trans,NA,9668
50,Trans,NA,9701
50,Trans,NA,9725
50,Trans,NA,9726
50,Trans,NA,9782
50,Trans,NA,9839
50,Trans,NA,9854
50,Trans,NA,9890
50,Trans,NA,9891
50,Trans,NA,9862
50,Trans,NA,9829
50,Trans,NA,9808
50,End,NA,9799
33,Taxi,NA,1754
33,Trans,NA,1755
33,Trans,NA,1851
33,Trans,NA,1885
33,Trans,NA,1992
33,Trans,NA,1975
33,Trans,NA,1980
33,Trans,NA,1974
33,Trans,NA,1973
33,Trans,NA,1950
33,Trans,NA,2028
33,Trans,NA,2076
33,Trans,NA,2144
33,Trans,NA,2145
33,Trans,NA,2177
33,Trans,NA,2278
33,Trans,NA,2277
33,Trans,NA,2252
33,Trans,NA,2256
33,Trans,NA,2311
33,Trans,NA,2312
33,Trans,NA,2458
33,Trans,NA,2463
33,Trans,NA,2465
33,Trans,NA,2489
33,Trans,NA,2455
33,Trans,NA,2484
33,Trans,NA,2524
33,Trans,NA,2525
33,Trans,NA,2563
33,Trans,NA,2677
33,Trans,NA,2689
33,Trans,NA,2726
33,Trans,NA,2727
33,Trans,NA,2755
33,Trans,NA,2761
33,Trans,NA,2763
33,Trans,NA,2764
33,Trans,NA,2768
33,Trans,NA,2776
33,Start,41,2776
33,Trans,NA,2768
33,Trans,NA,2764
33,Trans,NA,2763
33,Trans,NA,2761
33,Trans,NA,2755
33,Trans,NA,2727
33,Trans,NA,2726
33,Trans,NA,2689
33,Trans,NA,2677
33,Trans,NA,2563
33,Trans,NA,2525
33,Trans,NA,2524
33,Trans,NA,2523
33,Trans,NA,2576
33,Trans,NA,2887
33,Trans,NA,3001
33,Trans,NA,3002
33,Trans,NA,2835
33,Trans,NA,2806
33,Trans,NA,2705
33,Trans,NA,2577
33,Trans,NA,2547
33,Trans,NA,2546
33,Trans,NA,2514
33,Trans,NA,2471
33,Trans,NA,2447
33,Trans,NA,2432
33,Trans,NA,2413
33,Trans,NA,2414
33,Trans,NA,2401
33,Trans,NA,2386
33,Trans,NA,2374
33,Trans,NA,2373
33,Trans,NA,2364
33,Trans,NA,2275
33,Trans,NA,2266
33,Trans,NA,2260
33,Trans,NA,2258
33,Trans,NA,2259
33,Trans,NA,2213
33,Trans,NA,2181
33,Trans,NA,2171
33,Trans,NA,2250
33,Trans,NA,2249
33,Trans,NA,2412
33,Trans,NA,2411
33,Trans,NA,2468
33,Trans,NA,2528
33,Trans,NA,2564
33,Trans,NA,2667
33,Trans,NA,2666
33,Trans,NA,2703
33,Trans,NA,2738
33,Trans,NA,2827
33,End,NA,2989
17,Taxi,NA,4996
17,Trans,NA,4909
17,Trans,NA,4937
17,Trans,NA,4797
17,Trans,NA,4745
17,Trans,NA,4709
17,Trans,NA,4710
17,Trans,NA,4707
17,Trans,NA,4720
17,Trans,NA,4731
17,Trans,NA,4732
17,Trans,NA,4833
17,Trans,NA,4834
17,Trans,NA,4851
17,Trans,NA,4893
17,Trans,NA,4894
17,Trans,NA,4879
17,Trans,NA,4975
17,Trans,NA,5095
17,Trans,NA,5210
17,Trans,NA,5378
17,Trans,NA,5379
17,Trans,NA,5484
17,Trans,NA,5467
17,Trans,NA,5605
17,Trans,NA,5678
17,Trans,NA,5713
17,Trans,NA,5769
17,Trans,NA,5839
17,Trans,NA,5840
17,Trans,NA,5874
17,Trans,NA,5915
17,Trans,NA,5963
17,Trans,NA,6032
17,Trans,NA,6093
17,Trans,NA,6122
17,Trans,NA,6223
17,Trans,NA,6222
17,Trans,NA,6426
17,Trans,NA,6427
17,Trans,NA,6599
17,Trans,NA,6703
17,Trans,NA,6704
17,Trans,NA,6980
17,Trans,NA,6979
17,Trans,NA,7231
17,Trans,NA,7232
17,Trans,NA,7191
17,Trans,NA,7125
17,Trans,NA,7077
17,Trans,NA,7078
17,Trans,NA,7241
17,Trans,NA,7242
17,Trans,NA,7483
17,Trans,NA,7516
17,Trans,NA,7515
17,Trans,NA,7636
17,Trans,NA,7672
17,Trans,NA,7772
17,Trans,NA,7868
17,Trans,NA,7867
17,Trans,NA,7967
17,Trans,NA,8024
17,Trans,NA,8061
17,Trans,NA,8070
17,Start,42,8070
17,Trans,NA,8061
17,Trans,NA,8101
17,Trans,NA,8144
17,Trans,NA,8206
17,Trans,NA,8205
17,Trans,NA,8336
17,Trans,NA,8355
17,Trans,NA,8394
17,Trans,NA,8396
17,Trans,NA,8539
17,Trans,NA,8538
17,Trans,NA,8626
17,Trans,NA,8756
17,Trans,NA,8754
17,Trans,NA,8800
17,Trans,NA,8863
17,Trans,NA,8913
17,Trans,NA,9052
17,Trans,NA,9053
17,Trans,NA,9203
17,Trans,NA,9202
17,Trans,NA,9295
17,Trans,NA,9377
17,End,NA,9361
3,Taxi,NA,1215
3,Trans,NA,1231
3,Trans,NA,1233
3,Trans,NA,1259
3,Trans,NA,1307
3,Trans,NA,1370
3,Trans,NA,1456
3,Trans,NA,1619
3,Trans,NA,1620
3,Trans,NA,1765
3,Trans,NA,1918
3,Trans,NA,1926
3,Trans,NA,1949
3,Trans,NA,1950
3,Trans,NA,2002
3,Trans,NA,2098
3,Start,42,2099
3,Trans,NA,2175
3,Trans,NA,2278
3,Trans,NA,2277
3,Trans,NA,2252
3,Trans,NA,2256
3,Trans,NA,2311
3,Trans,NA,2312
3,Trans,NA,2458
3,Trans,NA,2463
3,Trans,NA,2465
3,Trans,NA,2489
3,Trans,NA,2455
3,Trans,NA,2484
3,Trans,NA,2523
3,Trans,NA,2576
3,Trans,NA,2887
3,Trans,NA,3001
3,Trans,NA,3314
3,Trans,NA,3385
3,Trans,NA,3491
3,Trans,NA,3640
3,Trans,NA,3804
3,Trans,NA,4025
3,Trans,NA,4155
3,Trans,NA,4173
3,Trans,NA,4235
3,Trans,NA,4362
3,Trans,NA,4538
3,Trans,NA,4947
3,Trans,NA,5152
3,Trans,NA,5347
3,Trans,NA,5348
3,Trans,NA,6048
3,Trans,NA,6268
3,Trans,NA,6480
3,Trans,NA,6624
3,Trans,NA,6625
3,Trans,NA,6984
3,Trans,NA,6958
3,Trans,NA,6953
3,Trans,NA,6896
3,Trans,NA,6949
3,Trans,NA,7028
3,Trans,NA,7027
3,Trans,NA,7161
3,Trans,NA,7299
3,Trans,NA,7298
3,Trans,NA,7422
3,Trans,NA,7417
3,Trans,NA,7702
3,Trans,NA,7861
3,Trans,NA,7886
3,Trans,NA,7887
3,Trans,NA,7917
3,Trans,NA,7941
3,Trans,NA,8020
3,Trans,NA,8037
3,Trans,NA,8036
3,Trans,NA,8054
3,Trans,NA,8079
3,Trans,NA,8080
3,Trans,NA,8587
3,Trans,NA,8584
3,Trans,NA,9094
3,Trans,NA,9411
3,Trans,NA,9412
3,Trans,NA,9394
3,Trans,NA,9462
3,Trans,NA,9502
3,Trans,NA,9501
3,Trans,NA,9518
3,Trans,NA,9547
3,Trans,NA,9565
3,Trans,NA,9582
3,Trans,NA,9583
3,Trans,NA,9621
3,Trans,NA,9668
3,Trans,NA,9701
3,Trans,NA,9725
3,Trans,NA,9726
3,Trans,NA,9782
3,Trans,NA,9839
3,Trans,NA,9854
3,Trans,NA,9890
3,Trans,NA,9889
3,Trans,NA,9960
3,Trans,NA,9976
3,Trans,NA,9939
3,End,NA,9892
27,Taxi,NA,3307
27,Trans,NA,3357
27,Trans,NA,3355
27,Trans,NA,3389
27,Trans,NA,3390
27,Trans,NA,3426
27,Trans,NA,3427
27,Trans,NA,3331
27,Trans,NA,3274
27,Trans,NA,3275
27,Trans,NA,3229
27,Trans,NA,3180
27,Trans,NA,3117
27,Trans,NA,3057
27,Trans,NA,3046
27,Trans,NA,2969
27,Trans,NA,2925
27,Start,43,2925
27,Trans,NA,2940
27,Trans,NA,2908
27,Trans,NA,2878
27,Trans,NA,2838
27,Trans,NA,2817
27,Trans,NA,2816
27,Trans,NA,2759
27,Trans,NA,2708
27,Trans,NA,2670
27,Trans,NA,2634
27,Trans,NA,2633
27,Trans,NA,2642
27,Trans,NA,2639
27,Trans,NA,2682
27,Trans,NA,2683
27,Trans,NA,2700
27,Trans,NA,2716
27,Trans,NA,2747
27,Trans,NA,2875
27,Trans,NA,2970
27,Trans,NA,2995
27,Trans,NA,3066
27,Trans,NA,3224
27,Trans,NA,3365
27,Trans,NA,3436
27,Trans,NA,3550
27,Trans,NA,3623
27,Trans,NA,3624
27,Trans,NA,3951
27,Trans,NA,3999
27,Trans,NA,4045
27,Trans,NA,4114
27,Trans,NA,4178
27,Trans,NA,4276
27,Trans,NA,4303
27,Trans,NA,4304
27,Trans,NA,4426
27,Trans,NA,4475
27,Trans,NA,4474
27,Trans,NA,4700
27,Trans,NA,4746
27,Trans,NA,4745
27,Trans,NA,4797
27,Trans,NA,4938
27,Trans,NA,5078
27,Trans,NA,5086
27,Trans,NA,5087
27,Trans,NA,5196
27,Trans,NA,5195
27,Trans,NA,5112
27,Trans,NA,5079
27,Trans,NA,5140
27,Trans,NA,5139
27,End,NA,5435
19,Taxi,NA,5418
19,Trans,NA,5417
19,Trans,NA,5092
19,Trans,NA,5131
19,Trans,NA,5175
19,Trans,NA,5202
19,Trans,NA,5201
19,Trans,NA,5196
19,Trans,NA,5195
19,Trans,NA,5112
19,Trans,NA,5079
19,Trans,NA,4890
19,Trans,NA,4865
19,Trans,NA,4864
19,Trans,NA,4576
19,Trans,NA,4536
19,Trans,NA,4498
19,Trans,NA,4479
19,Trans,NA,4463
19,Trans,NA,4455
19,Trans,NA,4452
19,Trans,NA,4428
19,Trans,NA,4425
19,Trans,NA,4409
19,Trans,NA,4413
19,Trans,NA,4448
19,Trans,NA,4449
19,Trans,NA,4947
19,Trans,NA,5152
19,Trans,NA,5347
19,Trans,NA,5348
19,Trans,NA,6048
19,Trans,NA,6268
19,Trans,NA,6480
19,Trans,NA,6624
19,Trans,NA,6625
19,Trans,NA,6984
19,Trans,NA,6958
19,Trans,NA,6953
19,Trans,NA,6896
19,Trans,NA,6949
19,Trans,NA,7028
19,Trans,NA,7027
19,Trans,NA,7161
19,Trans,NA,7299
19,Trans,NA,7298
19,Trans,NA,7387
19,Trans,NA,7382
19,Trans,NA,7420
19,Trans,NA,7454
19,Trans,NA,7503
19,Trans,NA,7665
19,Trans,NA,7666
19,Start,46,7666
19,Trans,NA,7665
19,Trans,NA,7503
19,Trans,NA,7454
19,Trans,NA,7420
19,Trans,NA,7419
19,Trans,NA,7417
19,Trans,NA,7702
19,Trans,NA,7861
19,Trans,NA,7886
19,Trans,NA,7887
19,Trans,NA,7917
19,Trans,NA,7941
19,Trans,NA,8020
19,Trans,NA,8037
19,Trans,NA,8036
19,Trans,NA,8054
19,Trans,NA,8079
19,Trans,NA,8080
19,Trans,NA,8587
19,Trans,NA,8584
19,Trans,NA,9094
19,Trans,NA,9411
19,Trans,NA,9412
19,Trans,NA,9394
19,Trans,NA,9462
19,Trans,NA,9502
19,Trans,NA,9501
19,Trans,NA,9518
19,Trans,NA,9547
19,Trans,NA,9565
19,Trans,NA,9582
19,Trans,NA,9583
19,Trans,NA,9621
19,Trans,NA,9668
19,Trans,NA,9701
19,Trans,NA,9725
19,Trans,NA,9726
19,Trans,NA,9782
19,Trans,NA,9839
19,Trans,NA,9854
19,Trans,NA,9890
19,Trans,NA,9891
19,Trans,NA,9862
19,Trans,NA,9829
19,Trans,NA,9808
19,End,NA,9777
46,Taxi,NA,3503
46,Trans,NA,3493
46,Trans,NA,3432
46,Trans,NA,3402
46,Trans,NA,3417
46,Trans,NA,3418
46,Trans,NA,3519
46,Trans,NA,3442
46,Trans,NA,3378
46,Trans,NA,3821
46,Trans,NA,3960
46,Trans,NA,4070
46,Trans,NA,4185
46,Trans,NA,4323
46,Trans,NA,4322
46,Trans,NA,4704
46,Trans,NA,4730
46,Trans,NA,4843
46,Trans,NA,5457
46,Trans,NA,5584
46,Trans,NA,5736
46,Start,47,5736
46,Trans,NA,5584
46,Trans,NA,5457
46,Trans,NA,4843
46,Trans,NA,4730
46,Trans,NA,4704
46,Trans,NA,4322
46,Trans,NA,4323
46,Trans,NA,4185
46,Trans,NA,4070
46,Trans,NA,3960
46,Trans,NA,3821
46,Trans,NA,3378
46,Trans,NA,3379
46,Trans,NA,3216
46,Trans,NA,3146
46,Trans,NA,2974
46,Trans,NA,2943
46,Trans,NA,2942
46,Trans,NA,2637
46,Trans,NA,2636
46,Trans,NA,2561
46,Trans,NA,2481
46,Trans,NA,2049
46,Trans,NA,1946
46,Trans,NA,1947
46,Trans,NA,1909
46,Trans,NA,1865
46,Trans,NA,1795
46,Trans,NA,1722
46,Trans,NA,1655
46,Trans,NA,1567
46,Trans,NA,1568
46,Trans,NA,1451
46,Trans,NA,1394
46,Trans,NA,1381
46,Trans,NA,1310
46,Trans,NA,1312
46,Trans,NA,1216
46,Trans,NA,1208
46,Trans,NA,1203
46,Trans,NA,1197
46,Trans,NA,1189
46,Trans,NA,1185
46,Trans,NA,1179
46,Trans,NA,1175
46,Trans,NA,1166
46,Trans,NA,1164
46,Trans,NA,1153
46,Trans,NA,1116
46,Trans,NA,1084
46,Trans,NA,1052
46,Trans,NA,1041
46,Trans,NA,1040
46,Trans,NA,1025
46,Trans,NA,1001
46,Trans,NA,1006
46,Trans,NA,1007
46,Trans,NA,856
46,Trans,NA,837
46,Trans,NA,838
46,Trans,NA,756
46,Trans,NA,757
46,Trans,NA,619
46,Trans,NA,582
46,Trans,NA,551
46,Trans,NA,523
46,Trans,NA,505
46,Trans,NA,471
46,Trans,NA,449
46,Trans,NA,424
46,Trans,NA,423
46,Trans,NA,429
46,Trans,NA,433
46,Trans,NA,453
46,Trans,NA,487
46,Trans,NA,488
46,End,NA,498
3,Taxi,NA,9892
3,Trans,NA,9939
3,Trans,NA,9976
3,Trans,NA,9960
3,Trans,NA,9889
3,Trans,NA,9890
3,Trans,NA,9854
3,Trans,NA,9839
3,Trans,NA,9782
3,Trans,NA,9726
3,Trans,NA,9725
3,Trans,NA,9701
3,Trans,NA,9668
3,Trans,NA,9621
3,Trans,NA,9583
3,Trans,NA,9582
3,Trans,NA,9565
3,Trans,NA,9547
3,Trans,NA,9518
3,Trans,NA,9501
3,Trans,NA,9502
3,Trans,NA,9462
3,Trans,NA,9394
3,Trans,NA,9412
3,Trans,NA,9411
3,Trans,NA,9094
3,Trans,NA,8584
3,Trans,NA,8587
3,Trans,NA,8080
3,Trans,NA,8079
3,Trans,NA,8054
3,Trans,NA,8036
3,Trans,NA,8037
3,Trans,NA,8020
3,Trans,NA,7941
3,Trans,NA,7917
3,Trans,NA,7873
3,Trans,NA,7810
3,Trans,NA,7760
3,Trans,NA,7680
3,Trans,NA,7682
3,Trans,NA,7620
3,Start,47,7620
3,Trans,NA,7682
3,Trans,NA,7680
3,Trans,NA,7760
3,Trans,NA,7810
3,Trans,NA,7873
3,Trans,NA,7887
3,Trans,NA,7886
3,Trans,NA,7861
3,Trans,NA,7702
3,Trans,NA,7417
3,Trans,NA,7422
3,Trans,NA,7298
3,Trans,NA,7299
3,Trans,NA,7161
3,Trans,NA,7027
3,Trans,NA,7028
3,Trans,NA,6949
3,Trans,NA,6896
3,Trans,NA,6953
3,Trans,NA,6958
3,Trans,NA,6984
3,Trans,NA,6625
3,Trans,NA,6624
3,Trans,NA,6480
3,Trans,NA,6268
3,Trans,NA,6048
3,Trans,NA,5348
3,Trans,NA,5347
3,Trans,NA,5152
3,Trans,NA,4947
3,Trans,NA,4538
3,Trans,NA,4362
3,Trans,NA,4235
3,Trans,NA,4173
3,Trans,NA,4155
3,Trans,NA,4025
3,Trans,NA,3804
3,Trans,NA,3640
3,Trans,NA,3491
3,Trans,NA,3385
3,Trans,NA,3314
3,Trans,NA,3001
3,Trans,NA,2887
3,Trans,NA,2576
3,Trans,NA,2523
3,Trans,NA,2484
3,Trans,NA,2455
3,Trans,NA,2489
3,Trans,NA,2465
3,Trans,NA,2463
3,Trans,NA,2458
3,Trans,NA,2312
3,Trans,NA,2311
3,Trans,NA,2256
3,Trans,NA,2252
3,Trans,NA,2277
3,Trans,NA,2278
3,Trans,NA,2177
3,Trans,NA,2145
3,Trans,NA,2144
3,Trans,NA,2076
3,Trans,NA,2028
3,Trans,NA,1950
3,Trans,NA,1973
3,Trans,NA,1974
3,Trans,NA,1980
3,Trans,NA,1975
3,Trans,NA,1992
3,Trans,NA,1884
3,Trans,NA,1683
3,End,NA,1611
6,Taxi,NA,3340
6,Trans,NA,3400
6,Trans,NA,3470
6,Trans,NA,3450
6,Trans,NA,3370
6,Trans,NA,3369
6,Trans,NA,3342
6,Trans,NA,3343
6,Trans,NA,3295
6,Trans,NA,3296
6,Trans,NA,3183
6,Trans,NA,3146
6,Trans,NA,3216
6,Trans,NA,3379
6,Trans,NA,3378
6,Trans,NA,3821
6,Trans,NA,3960
6,Trans,NA,4070
6,Trans,NA,4185
6,Trans,NA,4323
6,Trans,NA,4322
6,Trans,NA,4704
6,Trans,NA,4730
6,Trans,NA,4844
6,Trans,NA,5148
6,Trans,NA,5316
6,Trans,NA,5527
6,Trans,NA,5600
6,Trans,NA,5601
6,Trans,NA,5695
6,Trans,NA,5709
6,Trans,NA,5756
6,Trans,NA,5817
6,Trans,NA,5818
6,Trans,NA,5908
6,Trans,NA,6255
6,Trans,NA,6254
6,Trans,NA,6612
6,Trans,NA,7030
6,Trans,NA,6867
6,Trans,NA,6602
6,Trans,NA,6785
6,Trans,NA,6786
6,Trans,NA,6924
6,Trans,NA,6925
6,Trans,NA,6715
6,Trans,NA,6643
6,Trans,NA,6537
6,Trans,NA,6505
6,Trans,NA,6483
6,Trans,NA,6428
6,Trans,NA,6427
6,Trans,NA,6599
6,Trans,NA,6703
6,Trans,NA,6704
6,Trans,NA,6980
6,Trans,NA,6979
6,Trans,NA,7231
6,Trans,NA,7232
6,Trans,NA,7191
6,Trans,NA,7125
6,Trans,NA,7077
6,Trans,NA,7080
6,Trans,NA,7039
6,Trans,NA,7014
6,Trans,NA,6995
6,Trans,NA,6996
6,Trans,NA,6956
6,Trans,NA,6997
6,Trans,NA,7033
6,Trans,NA,7054
6,Trans,NA,7056
6,Trans,NA,6927
6,Trans,NA,6983
6,Trans,NA,6981
6,Trans,NA,7023
6,Trans,NA,7049
6,Trans,NA,7050
6,Start,47,7050
6,Trans,NA,7049
6,Trans,NA,7023
6,Trans,NA,6982
6,Trans,NA,6778
6,Trans,NA,6779
6,Trans,NA,6651
6,Trans,NA,6652
6,Trans,NA,6617
6,Trans,NA,6566
6,Trans,NA,6496
6,Trans,NA,6478
6,Trans,NA,6479
6,Trans,NA,6435
6,Trans,NA,6412
6,Trans,NA,6382
6,Trans,NA,6369
6,Trans,NA,6328
6,Trans,NA,6298
6,Trans,NA,6274
6,Trans,NA,6275
6,End,NA,6212
39,Taxi,NA,717
39,Trans,NA,685
39,Trans,NA,683
39,Trans,NA,682
39,Trans,NA,659
39,Trans,NA,615
39,Trans,NA,603
39,Trans,NA,602
39,Trans,NA,596
39,Trans,NA,586
39,Trans,NA,697
39,Trans,NA,643
39,Trans,NA,644
39,Trans,NA,617
39,Trans,NA,609
39,Trans,NA,637
39,Trans,NA,638
39,Trans,NA,645
39,Trans,NA,653
39,Trans,NA,686
39,Trans,NA,693
39,Trans,NA,694
39,Trans,NA,699
39,Trans,NA,711
39,Trans,NA,715
39,Trans,NA,733
39,Trans,NA,748
39,Trans,NA,758
39,Trans,NA,763
39,Trans,NA,744
39,Trans,NA,743
39,Trans,NA,764
39,Trans,NA,784
39,Trans,NA,808
39,Trans,NA,801
39,Trans,NA,800
39,Start,47,800
39,Trans,NA,801
39,Trans,NA,808
39,Trans,NA,784
39,Trans,NA,764
39,Trans,NA,743
39,Trans,NA,744
39,Trans,NA,763
39,Trans,NA,758
39,Trans,NA,748
39,Trans,NA,733
39,Trans,NA,715
39,Trans,NA,711
39,Trans,NA,699
39,Trans,NA,694
39,Trans,NA,693
39,Trans,NA,686
39,Trans,NA,653
39,Trans,NA,645
39,Trans,NA,638
39,Trans,NA,637
39,Trans,NA,609
39,Trans,NA,617
39,Trans,NA,644
39,Trans,NA,643
39,Trans,NA,844
39,Trans,NA,1321
39,Trans,NA,1322
39,Trans,NA,1571
39,Trans,NA,1695
39,Trans,NA,1809
39,Trans,NA,1869
39,Trans,NA,1870
39,Trans,NA,1927
39,Trans,NA,1966
39,Trans,NA,1999
39,Trans,NA,2060
39,Trans,NA,2059
39,Trans,NA,2195
39,Trans,NA,2222
39,Trans,NA,2223
39,Trans,NA,2283
39,Trans,NA,2354
39,Trans,NA,2447
39,Trans,NA,2471
39,Trans,NA,2514
39,Trans,NA,2546
39,Trans,NA,2547
39,Trans,NA,2577
39,Trans,NA,2705
39,Trans,NA,2806
39,Trans,NA,2835
39,Trans,NA,3002
39,Trans,NA,3314
39,Trans,NA,3385
39,Trans,NA,3491
39,Trans,NA,3640
39,Trans,NA,3804
39,Trans,NA,4025
39,Trans,NA,4155
39,Trans,NA,4173
39,Trans,NA,4235
39,Trans,NA,4362
39,Trans,NA,4538
39,Trans,NA,4947
39,Trans,NA,5152
39,Trans,NA,5347
39,Trans,NA,5348
39,Trans,NA,6048
39,Trans,NA,6268
39,Trans,NA,6480
39,Trans,NA,6624
39,Trans,NA,6625
39,Trans,NA,6984
39,Trans,NA,6958
39,Trans,NA,6953
39,Trans,NA,6896
39,Trans,NA,6949
39,Trans,NA,7028
39,Trans,NA,7027
39,Trans,NA,7161
39,Trans,NA,7299
39,Trans,NA,7298
39,Trans,NA,7422
39,Trans,NA,7417
39,Trans,NA,7702
39,Trans,NA,7861
39,Trans,NA,7886
39,Trans,NA,7887
39,Trans,NA,7917
39,Trans,NA,7941
39,Trans,NA,8020
39,Trans,NA,8037
39,Trans,NA,8036
39,Trans,NA,8054
39,Trans,NA,8079
39,Trans,NA,8080
39,Trans,NA,8587
39,Trans,NA,8585
39,Trans,NA,8628
39,Trans,NA,8627
39,End,NA,8658
20,Taxi,NA,495
20,Trans,NA,513
20,Trans,NA,514
20,Trans,NA,528
20,Trans,NA,534
20,Trans,NA,541
20,Trans,NA,546
20,Trans,NA,561
20,Trans,NA,567
20,Trans,NA,568
20,Trans,NA,548
20,Trans,NA,550
20,Trans,NA,551
20,Trans,NA,582
20,Trans,NA,619
20,Trans,NA,672
20,Trans,NA,680
20,Trans,NA,674
20,Trans,NA,673
20,Trans,NA,675
20,Trans,NA,677
20,Trans,NA,662
20,Trans,NA,661
20,Trans,NA,650
20,Trans,NA,603
20,Trans,NA,602
20,Trans,NA,596
20,Trans,NA,586
20,Trans,NA,581
20,Trans,NA,460
20,Start,48,460
20,Trans,NA,581
20,Trans,NA,697
20,Trans,NA,844
20,Trans,NA,969
20,Trans,NA,970
20,Trans,NA,1132
20,Trans,NA,1160
20,Trans,NA,1161
20,Trans,NA,1169
20,Trans,NA,1193
20,Trans,NA,1202
20,Trans,NA,1224
20,Trans,NA,1223
20,Trans,NA,1239
20,Trans,NA,1231
20,Trans,NA,1233
20,Trans,NA,1259
20,Trans,NA,1307
20,Trans,NA,1370
20,Trans,NA,1456
20,Trans,NA,1619
20,Trans,NA,1620
20,Trans,NA,1765
20,Trans,NA,1918
20,Trans,NA,1926
20,Trans,NA,1949
20,Trans,NA,1950
20,Trans,NA,2028
20,Trans,NA,2076
20,Trans,NA,2144
20,Trans,NA,2187
20,Trans,NA,2313
20,Trans,NA,2398
20,Trans,NA,2473
20,Trans,NA,2472
20,Trans,NA,2554
20,Trans,NA,2626
20,End,NA,2691
35,Taxi,NA,5034
35,Trans,NA,5033
35,Trans,NA,5081
35,Trans,NA,5101
35,Trans,NA,5118
35,Trans,NA,5047
35,Trans,NA,5035
35,Trans,NA,4927
35,Trans,NA,4928
35,Trans,NA,4888
35,Trans,NA,4806
35,Trans,NA,5113
35,Trans,NA,5114
35,Trans,NA,4960
35,Trans,NA,4871
35,Trans,NA,4756
35,Trans,NA,4755
35,Trans,NA,4867
35,Trans,NA,5046
35,Trans,NA,5372
35,Start,48,5372
35,Trans,NA,5046
35,Trans,NA,4867
35,Trans,NA,4868
35,Trans,NA,4981
35,Trans,NA,5017
35,Trans,NA,5007
35,Trans,NA,5008
35,Trans,NA,4991
35,Trans,NA,4962
35,Trans,NA,4961
35,Trans,NA,4905
35,Trans,NA,4795
35,Trans,NA,4631
35,Trans,NA,4630
35,Trans,NA,4596
35,Trans,NA,4701
35,Trans,NA,4886
35,Trans,NA,5174
35,Trans,NA,5345
35,Trans,NA,5412
35,Trans,NA,5414
35,Trans,NA,5541
35,Trans,NA,5833
35,Trans,NA,5832
35,Trans,NA,5906
35,Trans,NA,5905
35,Trans,NA,6025
35,Trans,NA,6211
35,Trans,NA,6295
35,Trans,NA,6294
35,Trans,NA,6149
35,Trans,NA,6074
35,Trans,NA,6073
35,Trans,NA,5929
35,Trans,NA,5850
35,Trans,NA,5676
35,Trans,NA,5487
35,Trans,NA,5488
35,Trans,NA,5299
35,Trans,NA,5206
35,Trans,NA,5207
35,Trans,NA,5238
35,Trans,NA,5141
35,Trans,NA,4936
35,Trans,NA,4831
35,Trans,NA,4794
35,Trans,NA,4841
35,Trans,NA,4840
35,Trans,NA,4971
35,Trans,NA,4972
35,Trans,NA,5080
35,End,NA,5133
30,Taxi,NA,9579
30,Trans,NA,9616
30,Trans,NA,9673
30,Trans,NA,9732
30,Trans,NA,9954
30,Trans,NA,9955
30,Trans,NA,10068
30,Trans,NA,10067
30,Trans,NA,10263
30,Trans,NA,10262
30,Trans,NA,10220
30,Trans,NA,10228
30,Trans,NA,10234
30,Trans,NA,10230
30,Trans,NA,10231
30,Trans,NA,10232
30,Trans,NA,10191
30,Trans,NA,10190
30,Trans,NA,10188
30,Trans,NA,10057
30,Trans,NA,10058
30,Trans,NA,9957
30,Trans,NA,9937
30,Trans,NA,9758
30,Trans,NA,9697
30,Trans,NA,9696
30,Trans,NA,9598
30,Trans,NA,9569
30,Trans,NA,9407
30,Trans,NA,9152
30,Trans,NA,9153
30,Trans,NA,9067
30,Trans,NA,8748
30,Trans,NA,8749
30,Trans,NA,8728
30,Trans,NA,8729
30,Start,51,8729
30,Trans,NA,8728
30,Trans,NA,8749
30,Trans,NA,8750
30,Trans,NA,8673
30,Trans,NA,8485
30,Trans,NA,8446
30,Trans,NA,8445
30,Trans,NA,8417
30,Trans,NA,8401
30,Trans,NA,8374
30,Trans,NA,8373
30,Trans,NA,8292
30,Trans,NA,8465
30,Trans,NA,8623
30,Trans,NA,8573
30,Trans,NA,8527
30,Trans,NA,8526
30,Trans,NA,8524
30,Trans,NA,8566
30,Trans,NA,8517
30,Trans,NA,8528
30,Trans,NA,8530
30,Trans,NA,8643
30,Trans,NA,8715
30,Trans,NA,8716
30,Trans,NA,8674
30,Trans,NA,8675
30,Trans,NA,8516
30,Trans,NA,8515
30,Trans,NA,8381
30,Trans,NA,8140
30,Trans,NA,7996
30,Trans,NA,7955
30,Trans,NA,7756
30,Trans,NA,7757
30,Trans,NA,7776
30,Trans,NA,7793
30,Trans,NA,7788
30,Trans,NA,7787
30,Trans,NA,7770
30,Trans,NA,7786
30,Trans,NA,7758
30,Trans,NA,7669
30,Trans,NA,7668
30,End,NA,7583
5,Taxi,NA,10814
5,Trans,NA,10815
5,Trans,NA,10823
5,Trans,NA,10824
5,Trans,NA,10874
5,Trans,NA,10875
5,Trans,NA,10923
5,Trans,NA,10924
5,Trans,NA,10849
5,Trans,NA,10803
5,Trans,NA,10723
5,Trans,NA,10626
5,Trans,NA,10699
5,Trans,NA,10700
5,Trans,NA,10754
5,Start,53,10754
5,Trans,NA,10753
5,Trans,NA,10612
5,Trans,NA,10556
5,Trans,NA,10533
5,Trans,NA,10438
5,Trans,NA,10439
5,Trans,NA,10391
5,Trans,NA,10349
5,Trans,NA,10327
5,Trans,NA,10301
5,Trans,NA,10300
5,Trans,NA,10244
5,Trans,NA,10174
5,Trans,NA,10103
5,Trans,NA,10070
5,Trans,NA,10078
5,Trans,NA,10077
5,Trans,NA,9992
5,Trans,NA,9947
5,Trans,NA,9758
5,Trans,NA,9697
5,Trans,NA,9696
5,Trans,NA,9598
5,Trans,NA,9569
5,Trans,NA,9407
5,Trans,NA,9308
5,Trans,NA,9363
5,Trans,NA,9413
5,Trans,NA,9411
5,Trans,NA,9094
5,Trans,NA,8584
5,Trans,NA,8585
5,Trans,NA,8628
5,Trans,NA,8627
5,Trans,NA,8656
5,Trans,NA,8606
5,Trans,NA,8482
5,Trans,NA,8444
5,Trans,NA,8442
5,Trans,NA,8380
5,Trans,NA,8195
5,Trans,NA,8149
5,Trans,NA,8148
5,Trans,NA,8090
5,Trans,NA,8059
5,Trans,NA,8030
5,Trans,NA,7995
5,Trans,NA,7920
5,Trans,NA,7860
5,Trans,NA,7796
5,Trans,NA,7743
5,Trans,NA,7659
5,Trans,NA,7603
5,Trans,NA,7484
5,End,NA,7428
23,Taxi,NA,4119
23,Trans,NA,4289
23,Trans,NA,4481
23,Trans,NA,4694
23,Trans,NA,4827
23,Trans,NA,4878
23,Trans,NA,4975
23,Trans,NA,5095
23,Trans,NA,5210
23,Trans,NA,5209
23,Trans,NA,5264
23,Trans,NA,5239
23,Trans,NA,5156
23,Trans,NA,5221
23,Start,54,5221
23,Trans,NA,5156
23,Trans,NA,5239
23,Trans,NA,5264
23,Trans,NA,5209
23,Trans,NA,5210
23,Trans,NA,5095
23,Trans,NA,4975
23,Trans,NA,4895
23,Trans,NA,4896
23,Trans,NA,4651
23,Trans,NA,4650
23,Trans,NA,4552
23,Trans,NA,4402
23,Trans,NA,4374
23,Trans,NA,4375
23,Trans,NA,4326
23,Trans,NA,4324
23,Trans,NA,4323
23,Trans,NA,4185
23,Trans,NA,4070
23,Trans,NA,3960
23,Trans,NA,3821
23,Trans,NA,3378
23,Trans,NA,3379
23,Trans,NA,3216
23,Trans,NA,3146
23,Trans,NA,2974
23,Trans,NA,2943
23,Trans,NA,2942
23,Trans,NA,2637
23,Trans,NA,2636
23,Trans,NA,2561
23,Trans,NA,2481
23,Trans,NA,2049
23,Trans,NA,2048
23,Trans,NA,1978
23,Trans,NA,2025
23,Trans,NA,2024
23,Trans,NA,2078
23,Trans,NA,2007
23,Trans,NA,1957
23,Trans,NA,2062
23,Trans,NA,2116
23,Trans,NA,2150
23,Trans,NA,2152
23,End,NA,2208
44,Taxi,NA,8940
44,Trans,NA,8943
44,Trans,NA,8976
44,Trans,NA,9131
44,Trans,NA,9290
44,Trans,NA,9351
44,Trans,NA,9418
44,Trans,NA,9419
44,Trans,NA,9572
44,Trans,NA,9647
44,Trans,NA,9646
44,Trans,NA,9699
44,Trans,NA,10090
44,Trans,NA,10166
44,Trans,NA,10246
44,Trans,NA,10220
44,Trans,NA,10228
44,Trans,NA,10234
44,Trans,NA,10230
44,Trans,NA,10231
44,Trans,NA,10256
44,Trans,NA,10288
44,Trans,NA,10287
44,Trans,NA,10341
44,Trans,NA,10342
44,Trans,NA,10390
44,Trans,NA,10389
44,Trans,NA,10401
44,Trans,NA,10402
44,Trans,NA,10427
44,Trans,NA,10459
44,Start,54,10459
44,Trans,NA,10427
44,Trans,NA,10402
44,Trans,NA,10401
44,Trans,NA,10389
44,Trans,NA,10390
44,Trans,NA,10342
44,Trans,NA,10341
44,Trans,NA,10287
44,Trans,NA,10288
44,Trans,NA,10256
44,Trans,NA,10231
44,Trans,NA,10230
44,Trans,NA,10234
44,Trans,NA,10228
44,Trans,NA,10220
44,Trans,NA,10246
44,Trans,NA,10166
44,Trans,NA,10090
44,Trans,NA,9699
44,Trans,NA,9607
44,Trans,NA,9606
44,Trans,NA,9575
44,Trans,NA,9494
44,Trans,NA,9322
44,Trans,NA,9142
44,Trans,NA,9141
44,Trans,NA,8862
44,Trans,NA,8732
44,Trans,NA,8594
44,Trans,NA,8377
44,Trans,NA,8139
44,Trans,NA,7980
44,Trans,NA,7746
44,Trans,NA,7469
44,Trans,NA,7165
44,Trans,NA,7164
44,Trans,NA,6548
44,Trans,NA,6061
44,Trans,NA,5876
44,Trans,NA,5491
44,Trans,NA,5275
44,Trans,NA,4886
44,Trans,NA,4701
44,Trans,NA,4596
44,Trans,NA,4630
44,Trans,NA,4631
44,Trans,NA,4795
44,Trans,NA,4905
44,Trans,NA,4961
44,Trans,NA,4962
44,Trans,NA,4991
44,Trans,NA,5008
44,Trans,NA,5007
44,Trans,NA,4882
44,Trans,NA,4698
44,Trans,NA,4697
44,Trans,NA,4499
44,Trans,NA,4500
44,Trans,NA,4492
44,Trans,NA,4285
44,Trans,NA,4225
44,Trans,NA,4073
44,Trans,NA,4008
44,Trans,NA,3855
44,Trans,NA,3854
44,Trans,NA,3719
44,Trans,NA,3544
44,Trans,NA,3408
44,Trans,NA,3407
44,Trans,NA,3160
44,End,NA,3159
11,Taxi,NA,10454
11,Trans,NA,10515
11,Trans,NA,10557
11,Trans,NA,10552
11,Trans,NA,10551
11,Trans,NA,10497
11,Trans,NA,10495
11,Trans,NA,10405
11,Trans,NA,10406
11,Trans,NA,10398
11,Trans,NA,10380
11,Trans,NA,10324
11,Trans,NA,10296
11,Trans,NA,10245
11,Trans,NA,10220
11,Trans,NA,10228
11,Trans,NA,10234
11,Trans,NA,10230
11,Trans,NA,10231
11,Trans,NA,10232
11,Trans,NA,10191
11,Trans,NA,10190
11,Trans,NA,10188
11,Trans,NA,10057
11,Trans,NA,10058
11,Trans,NA,9957
11,Trans,NA,9937
11,Trans,NA,9758
11,Trans,NA,9697
11,Trans,NA,9696
11,Trans,NA,9598
11,Trans,NA,9569
11,Trans,NA,9407
11,Trans,NA,9308
11,Trans,NA,9363
11,Trans,NA,9413
11,Trans,NA,9412
11,Trans,NA,9394
11,Trans,NA,9462
11,Trans,NA,9502
11,Trans,NA,9501
11,Trans,NA,9518
11,Trans,NA,9499
11,Trans,NA,9514
11,Trans,NA,9512
11,Trans,NA,9429
11,Trans,NA,9404
11,Trans,NA,9384
11,Trans,NA,9390
11,Trans,NA,9247
11,Trans,NA,9177
11,Trans,NA,9178
11,Trans,NA,9168
11,Trans,NA,9156
11,Trans,NA,9154
11,Start,55,9154
11,Trans,NA,9156
11,Trans,NA,9168
11,Trans,NA,9178
11,Trans,NA,9177
11,Trans,NA,9247
11,Trans,NA,9390
11,Trans,NA,9384
11,Trans,NA,9404
11,Trans,NA,9429
11,Trans,NA,9512
11,Trans,NA,9514
11,Trans,NA,9499
11,Trans,NA,9547
11,Trans,NA,9565
11,Trans,NA,9582
11,Trans,NA,9583
11,Trans,NA,9621
11,Trans,NA,9718
11,Trans,NA,9719
11,Trans,NA,9826
11,Trans,NA,9876
11,Trans,NA,9922
11,Trans,NA,9921
11,Trans,NA,9965
11,Trans,NA,10065
11,Trans,NA,10175
11,Trans,NA,10244
11,Trans,NA,10300
11,Trans,NA,10301
11,Trans,NA,10327
11,Trans,NA,10349
11,Trans,NA,10391
11,Trans,NA,10439
11,Trans,NA,10438
11,Trans,NA,10533
11,Trans,NA,10556
11,Trans,NA,10612
11,Trans,NA,10753
11,Trans,NA,10755
11,Trans,NA,10846
11,Trans,NA,10926
11,Trans,NA,10927
11,Trans,NA,10941
11,Trans,NA,10977
11,Trans,NA,10976
11,Trans,NA,10952
11,Trans,NA,10935
11,Trans,NA,10953
11,End,NA,10949
12,Taxi,NA,2979
12,Trans,NA,3023
12,Trans,NA,3013
12,Trans,NA,2997
12,Trans,NA,3063
12,Trans,NA,3143
12,Trans,NA,3185
12,Trans,NA,3231
12,Trans,NA,3263
12,Trans,NA,3396
12,Trans,NA,3395
12,Trans,NA,3584
12,Trans,NA,3708
12,Trans,NA,3832
12,Trans,NA,3834
12,Trans,NA,3932
12,Trans,NA,4061
12,Trans,NA,4060
12,Trans,NA,4214
12,Trans,NA,4215
12,Trans,NA,4292
12,Trans,NA,4330
12,Trans,NA,4483
12,Trans,NA,4727
12,Trans,NA,4728
12,Trans,NA,4844
12,Trans,NA,5148
12,Trans,NA,5316
12,Trans,NA,5527
12,Trans,NA,5600
12,Trans,NA,5601
12,Trans,NA,5695
12,Trans,NA,5709
12,Trans,NA,5756
12,Trans,NA,5817
12,Trans,NA,5818
12,Trans,NA,5908
12,Trans,NA,6255
12,Trans,NA,6254
12,Trans,NA,6612
12,Trans,NA,7030
12,Trans,NA,6867
12,Trans,NA,6602
12,Trans,NA,6785
12,Trans,NA,6786
12,Trans,NA,6924
12,Trans,NA,6925
12,Trans,NA,6715
12,Trans,NA,6643
12,Trans,NA,6584
12,Trans,NA,6457
12,Trans,NA,6458
12,Trans,NA,6378
12,Trans,NA,6320
12,Trans,NA,6264
12,Trans,NA,6263
12,Trans,NA,6164
12,Trans,NA,6163
12,Trans,NA,6127
12,Trans,NA,6107
12,Trans,NA,6012
12,Trans,NA,5918
12,Trans,NA,5862
12,Start,56,5862
12,Trans,NA,5918
12,Trans,NA,6012
12,Trans,NA,6107
12,Trans,NA,6159
12,Trans,NA,6215
12,Trans,NA,6310
12,Trans,NA,6426
12,Trans,NA,6427
12,Trans,NA,6599
12,Trans,NA,6703
12,Trans,NA,6704
12,Trans,NA,6980
12,Trans,NA,6979
12,Trans,NA,7231
12,Trans,NA,7355
12,Trans,NA,7453
12,Trans,NA,7475
12,Trans,NA,7840
12,Trans,NA,7839
12,Trans,NA,7935
12,Trans,NA,7997
12,Trans,NA,8103
12,Trans,NA,8188
12,Trans,NA,8331
12,Trans,NA,8378
12,Trans,NA,8434
12,Trans,NA,8494
12,Trans,NA,8513
12,Trans,NA,8679
12,Trans,NA,8724
12,Trans,NA,8776
12,Trans,NA,8766
12,Trans,NA,8765
12,Trans,NA,8762
12,Trans,NA,8761
12,Trans,NA,8756
12,Trans,NA,8655
12,Trans,NA,8657
12,Trans,NA,8627
12,Trans,NA,8628
12,Trans,NA,8585
12,Trans,NA,8584
12,Trans,NA,9094
12,Trans,NA,9411
12,Trans,NA,9412
12,Trans,NA,9394
12,Trans,NA,9462
12,Trans,NA,9502
12,Trans,NA,9501
12,Trans,NA,9518
12,Trans,NA,9547
12,Trans,NA,9565
12,Trans,NA,9582
12,Trans,NA,9583
12,Trans,NA,9621
12,Trans,NA,9718
12,Trans,NA,9717
12,End,NA,9737
38,Taxi,NA,1813
38,Trans,NA,1868
38,Trans,NA,1867
38,Trans,NA,1892
38,Trans,NA,1896
38,Trans,NA,1914
38,Trans,NA,1930
38,Trans,NA,1929
38,Trans,NA,1899
38,Trans,NA,1890
38,Trans,NA,1889
38,Trans,NA,1808
38,Trans,NA,1807
38,Trans,NA,1643
38,Trans,NA,1642
38,Trans,NA,1627
38,Trans,NA,1529
38,Trans,NA,1463
38,Trans,NA,1462
38,Trans,NA,1325
38,Trans,NA,1256
38,Trans,NA,1223
38,Trans,NA,1224
38,Trans,NA,1202
38,Trans,NA,1193
38,Trans,NA,1169
38,Trans,NA,1161
38,Trans,NA,1160
38,Trans,NA,1132
38,Trans,NA,970
38,Trans,NA,969
38,Trans,NA,1321
38,Trans,NA,1322
38,Trans,NA,1403
38,Trans,NA,1404
38,Trans,NA,1349
38,Trans,NA,1378
38,Trans,NA,1376
38,Start,56,1376
38,Trans,NA,1378
38,Trans,NA,1349
38,Trans,NA,1404
38,Trans,NA,1403
38,Trans,NA,1571
38,Trans,NA,1695
38,Trans,NA,1809
38,Trans,NA,1869
38,Trans,NA,1870
38,Trans,NA,1927
38,Trans,NA,1966
38,Trans,NA,1999
38,Trans,NA,2060
38,Trans,NA,2059
38,Trans,NA,2195
38,Trans,NA,2222
38,Trans,NA,2223
38,Trans,NA,2283
38,Trans,NA,2354
38,Trans,NA,2447
38,Trans,NA,2471
38,Trans,NA,2514
38,Trans,NA,2546
38,Trans,NA,2547
38,Trans,NA,2577
38,Trans,NA,2705
38,Trans,NA,2806
38,Trans,NA,2835
38,Trans,NA,3002
38,Trans,NA,3001
38,Trans,NA,2887
38,Trans,NA,2576
38,Trans,NA,2523
38,Trans,NA,2484
38,Trans,NA,2455
38,Trans,NA,2489
38,Trans,NA,2649
38,Trans,NA,2760
38,Trans,NA,2898
38,Trans,NA,2899
38,Trans,NA,2941
38,Trans,NA,2939
38,Trans,NA,2932
38,Trans,NA,2933
38,Trans,NA,2964
38,Trans,NA,2993
38,Trans,NA,3032
38,Trans,NA,3053
38,Trans,NA,3075
38,End,NA,3097
45,Taxi,NA,5471
45,Trans,NA,5339
45,Trans,NA,5265
45,Trans,NA,5195
45,Trans,NA,5112
45,Trans,NA,5079
45,Trans,NA,4890
45,Trans,NA,4865
45,Trans,NA,4864
45,Trans,NA,4576
45,Trans,NA,4536
45,Trans,NA,4498
45,Trans,NA,4479
45,Trans,NA,4463
45,Trans,NA,4455
45,Trans,NA,4452
45,Trans,NA,4428
45,Trans,NA,4425
45,Trans,NA,4409
45,Trans,NA,4413
45,Trans,NA,4448
45,Trans,NA,4449
45,Trans,NA,4947
45,Trans,NA,5152
45,Trans,NA,5347
45,Trans,NA,5348
45,Trans,NA,6048
45,Trans,NA,6268
45,Trans,NA,6480
45,Trans,NA,6624
45,Trans,NA,6625
45,Trans,NA,6984
45,Trans,NA,6958
45,Trans,NA,6953
45,Trans,NA,6896
45,Trans,NA,6949
45,Trans,NA,7028
45,Trans,NA,7027
45,Trans,NA,7161
45,Trans,NA,7299
45,Trans,NA,7298
45,Trans,NA,7422
45,Trans,NA,7417
45,Trans,NA,7399
45,Trans,NA,7398
45,Trans,NA,7370
45,Trans,NA,7339
45,Trans,NA,7304
45,Trans,NA,7305
45,Trans,NA,7276
45,Start,58,7276
45,Trans,NA,7305
45,Trans,NA,7304
45,Trans,NA,7339
45,Trans,NA,7370
45,Trans,NA,7398
45,Trans,NA,7399
45,Trans,NA,7417
45,Trans,NA,7422
45,Trans,NA,7298
45,Trans,NA,7299
45,Trans,NA,7161
45,Trans,NA,7027
45,Trans,NA,7028
45,Trans,NA,6949
45,Trans,NA,6896
45,Trans,NA,6953
45,Trans,NA,6958
45,Trans,NA,6984
45,Trans,NA,6625
45,Trans,NA,6624
45,Trans,NA,6480
45,Trans,NA,6268
45,Trans,NA,6048
45,Trans,NA,5348
45,Trans,NA,5347
45,Trans,NA,5152
45,Trans,NA,4947
45,Trans,NA,4538
45,Trans,NA,4362
45,Trans,NA,4235
45,Trans,NA,4173
45,Trans,NA,4155
45,Trans,NA,4025
45,Trans,NA,3804
45,Trans,NA,3640
45,Trans,NA,3491
45,Trans,NA,3385
45,Trans,NA,3314
45,Trans,NA,3002
45,Trans,NA,2835
45,Trans,NA,2806
45,Trans,NA,2705
45,Trans,NA,2577
45,Trans,NA,2547
45,Trans,NA,2546
45,Trans,NA,2514
45,Trans,NA,2471
45,Trans,NA,2447
45,Trans,NA,2354
45,Trans,NA,2283
45,Trans,NA,2223
45,Trans,NA,2222
45,Trans,NA,2195
45,Trans,NA,2059
45,Trans,NA,2060
45,Trans,NA,1999
45,Trans,NA,1966
45,Trans,NA,1927
45,Trans,NA,1858
45,Trans,NA,1859
45,Trans,NA,1776
45,Trans,NA,1775
45,Trans,NA,1674
45,Trans,NA,1673
45,Trans,NA,1607
45,Trans,NA,1606
45,Trans,NA,1564
45,Trans,NA,1401
45,Trans,NA,1296
45,Trans,NA,1276
45,Trans,NA,1277
45,Trans,NA,1251
45,End,NA,1210
